# This is a clothes file for MakeHuman Community, exported by MakeClothes 2
#
# author: unknown
# license: CC0
#
v -1.5220 5.2283 -0.2014
v -1.4919 5.0860 -0.0029
v -1.3559 4.6321 0.2806
v -1.3533 4.3957 0.4085
v -1.5189 -4.9105 -1.0416
v -1.3490 4.2049 0.4867
v -1.3121 4.0333 0.5679
v -1.2287 5.0255 -0.0930
v -1.2648 5.1359 -0.1947
v -1.1258 4.6909 0.2162
v -1.1601 4.4644 0.3820
v -1.5519 -5.3154 -1.1020
v -1.1766 4.2671 0.5244
v -1.1675 4.0864 0.6511
v -0.9868 4.9613 -0.1670
v -1.0388 5.0508 -0.2563
v -0.9085 4.7127 0.1678
v -0.9537 4.5182 0.3233
v -1.5837 -5.7496 -1.1277
v -0.9400 4.3308 0.4856
v -0.9363 4.1552 0.6372
v -0.7892 4.9804 -0.1976
v -0.8487 5.0520 -0.3069
v -0.6026 4.7432 0.2189
v -0.6205 4.6007 0.3535
v -0.6289 4.4102 0.4992
v -0.6421 4.2256 0.6357
v -1.4882 3.5680 -0.5858
v -1.1549 3.5176 -0.9476
v -0.9755 3.5189 -1.0527
v -0.7365 3.5484 -1.1258
v -1.3319 0.2856 -1.1321
v -2.6183 5.1339 -0.2269
v -2.5738 4.9899 -0.0172
v -2.4146 4.4892 -0.0398
v -2.8296 5.1192 -0.1950
v -2.7871 4.9983 -0.0119
v -2.6360 4.4809 -0.0619
v -1.7846 5.2507 -0.2244
v -1.7289 5.0547 0.0324
v -1.6624 4.5844 0.3111
v -1.6454 4.2862 0.3144
v -1.3951 -0.1608 -1.1789
v -1.5227 4.0785 0.3324
v -1.4490 3.9247 0.3636
v -2.4336 5.1543 -0.2346
v -2.3908 4.9892 -0.0030
v -2.2187 4.4549 -0.0008
v -1.8799 4.1228 -0.0683
v -1.3150 -2.3631 -0.7086
v -1.6978 3.9244 -0.1343
v -1.6135 3.7673 -0.1832
v -0.5269 3.5492 -1.1299
v -0.3384 3.5449 -1.1100
v -1.2982 -2.6770 -0.6625
v -0.9242 5.1131 -1.0088
v -0.9035 5.1869 -0.7221
v -0.8203 5.1305 -0.5478
v -0.8178 5.0870 -0.4284
v -0.5091 3.2897 1.0128
v -1.0891 5.0071 -1.0114
v -1.0900 5.1480 -0.7784
v -1.0263 5.1348 -0.5510
v -1.0285 5.1090 -0.3896
v -1.2478 4.6750 -1.1107
v -1.1000 4.0244 -1.1336
v -1.0632 3.8436 -1.1018
v -1.0039 4.7071 -1.1945
v -0.8674 4.0717 -1.2235
v -0.8252 3.8765 -1.1858
v -0.7740 4.7427 -1.1788
v -0.6313 4.0544 -1.2245
v -0.5977 3.8709 -1.1888
v -0.4225 4.6099 -1.2034
v -0.4057 4.0351 -1.1948
v -0.3850 3.8591 -1.1676
v -1.2830 4.9532 -0.9676
v -1.2701 5.1440 -0.7641
v -1.2613 5.1948 -0.5704
v -1.2652 5.1912 -0.3736
v -1.4979 4.9373 -0.9728
v -1.4568 5.1478 -0.7860
v -1.4826 5.2347 -0.6111
v -1.5095 5.2636 -0.4221
v -0.4430 3.1529 -0.9939
v -1.4755 4.6479 -1.0879
v -1.6804 3.9452 -0.6166
v -1.5978 3.8220 -0.6110
v -1.7395 4.8999 -0.9729
v -1.7160 5.1217 -0.8367
v -1.7450 5.2390 -0.6735
v -1.7878 5.2963 -0.4961
v -1.6701 4.6299 -1.0653
v -0.2896 3.1509 -0.9837
v -1.9472 4.1167 -0.6492
v -1.7127 3.9336 -0.3264
v -1.6336 3.8024 -0.3615
v -2.2890 4.8278 -0.8819
v -2.3625 5.0157 -0.8141
v -2.4146 5.1494 -0.6861
v -2.4256 5.2249 -0.5150
v -2.2151 4.6174 -0.9200
v -1.3379 -1.5785 -0.7944
v -2.2332 4.2389 -0.5739
v -2.2186 4.3358 -0.2459
v -2.4846 4.8360 -0.8566
v -2.5456 5.0102 -0.7935
v -2.5883 5.1330 -0.6705
v -2.6176 5.1881 -0.4997
v -2.4098 4.6010 -0.8778
v -2.3523 4.2803 -0.5773
v -2.3631 4.3697 -0.2963
v -2.7115 4.8556 -0.8390
v -2.7591 5.0009 -0.7661
v -2.7920 5.1026 -0.6448
v -2.8174 5.1523 -0.4655
v -2.6409 4.6357 -0.8638
v -2.5360 4.3044 -0.6110
v -2.5498 4.3571 -0.3362
v -1.9995 4.1851 -0.2847
v -1.3074 -3.2241 -0.5699
v -1.5804 -6.2838 -1.0675
v -1.9634 4.6041 -0.9835
v -2.1247 5.1898 -0.7064
v -2.1400 5.2606 -0.5247
v -2.1240 5.0384 -0.8489
v -2.0570 4.8396 -0.9378
v -2.0855 4.9975 0.0268
v -2.1585 5.2078 -0.2592
v -1.3538 -1.3044 -0.8522
v -1.8120 4.1695 0.1187
v -1.9879 4.4969 0.1718
v -1.5507 3.8120 0.0752
v -1.6492 3.9825 0.0836
v -1.2675 3.8496 -0.9923
v -1.3111 3.9818 -1.0260
v -1.4338 -0.6552 -1.0963
v -3.0220 5.1157 -0.1660
v -3.0057 4.9768 0.0245
v -2.8960 4.4801 -0.0846
v -2.9366 4.8690 -0.8390
v -2.9570 5.0006 -0.7513
v -2.9879 5.0999 -0.6203
v -3.0105 5.1455 -0.4335
v -2.8742 4.6814 -0.8765
v -1.3937 -0.9914 -0.9690
v -2.8095 4.3131 -0.6099
v -2.8314 4.3645 -0.3189
v -3.2582 5.0765 -0.1386
v -3.2625 4.9255 0.0149
v -3.1756 4.4597 -0.1138
v -3.1736 4.8514 -0.8491
v -3.1829 4.9689 -0.7573
v -3.2097 5.0709 -0.6213
v -3.2340 5.1126 -0.4158
v -3.1379 4.6733 -0.8961
v -1.1298 0.8692 -0.9579
v -3.1127 4.3237 -0.6456
v -3.1325 4.3547 -0.3391
v -3.4423 5.0575 -0.1242
v -3.4484 4.8843 0.0237
v -3.3970 4.4392 -0.1471
v -3.3564 4.8641 -0.8315
v -3.3607 4.9728 -0.7203
v -3.3885 5.0653 -0.5578
v -3.4077 5.1003 -0.3674
v -3.3300 4.6847 -0.8919
v -3.3033 4.3211 -0.6615
v -3.3591 4.3362 -0.3516
v -0.3071 3.2802 -1.0278
v -0.4716 3.2804 -1.0429
v -0.6656 3.2787 -1.0491
v -0.8864 3.2573 -1.0019
v -1.0487 3.2339 -0.9145
v -1.3338 3.2913 -0.5614
v -1.4198 3.3378 -0.3508
v -1.4224 3.3390 -0.1075
v -1.3465 3.3839 0.4427
v -1.3561 3.3503 0.1501
v -0.9509 3.9749 0.7716
v -0.6593 4.0497 0.7430
v -0.3323 3.0831 0.9033
v -0.5642 2.9970 0.8589
v -0.7693 2.9494 0.8087
v -0.8958 2.9187 0.6943
v -1.0746 2.9022 0.5308
v -1.2450 3.1725 0.5399
v -1.4141 3.7784 0.3710
v -1.3228 3.8543 0.6111
v -1.1693 3.9095 0.7564
v -0.6892 5.0900 -0.3296
v -0.4294 4.9088 0.1718
v -0.6534 5.0475 -0.2203
v -3.6145 5.0413 -0.1299
v -3.6480 4.8813 0.0076
v -3.5831 4.4167 -0.1829
v -3.5251 4.8785 -0.7870
v -3.5336 4.9750 -0.6836
v -3.5355 5.0564 -0.5095
v -3.5638 5.0851 -0.3334
v -3.4940 4.7068 -0.8344
v -1.3554 -3.5095 -0.5313
v -3.4453 4.3220 -0.6622
v -3.5346 4.3168 -0.3639
v -1.3880 -3.7485 -0.5860
v -3.8248 5.0332 -0.1340
v -3.8444 4.8750 -0.0175
v -3.7861 4.4030 -0.2054
v -3.7695 4.8914 -0.7234
v -3.7756 4.9809 -0.6303
v -3.7774 5.0561 -0.4905
v -3.7970 5.0811 -0.3237
v -0.6609 3.9247 0.8190
v -3.7520 4.7253 -0.8024
v -3.7075 4.3462 -0.6436
v -3.7532 4.3080 -0.3767
v -0.9343 3.8574 0.8452
v -1.0495 1.1736 -0.8612
v -3.9739 5.0384 -0.1591
v -3.9929 4.8777 -0.0474
v -3.9203 4.4000 -0.2125
v -3.8652 4.8922 -0.7134
v -3.8757 4.9870 -0.6206
v -3.8998 5.0581 -0.4975
v -3.9337 5.0890 -0.3429
v -1.1658 3.8083 0.8081
v -3.8567 4.7275 -0.8065
v -3.8543 4.3712 -0.6180
v -3.8747 4.3064 -0.3716
v -4.1757 5.0442 -0.1907
v -4.2101 4.8960 -0.0803
v -4.1093 4.3899 -0.2305
v -4.0211 4.8959 -0.7530
v -4.0401 4.9983 -0.6624
v -4.0743 5.0675 -0.5320
v -4.1125 5.0984 -0.3791
v -1.3296 3.7313 0.6570
v -3.9896 4.7218 -0.8301
v -3.9496 4.3694 -0.6054
v -4.0540 4.2978 -0.3949
v -4.3959 5.0401 -0.2162
v -4.3983 4.9035 -0.1000
v -4.3555 4.3953 -0.2180
v -4.3180 4.8942 -0.7853
v -4.3396 5.0021 -0.6985
v -4.3550 5.0705 -0.5724
v -4.3702 5.1010 -0.4159
v -1.4342 3.5808 0.0872
v -4.2877 4.7160 -0.8365
v -1.2462 0.6503 -1.0849
v -4.2471 4.3574 -0.5916
v -4.3150 4.2927 -0.3898
v -4.6940 5.0229 -0.2490
v -4.6945 4.8939 -0.1402
v -4.6763 4.4155 -0.2269
v -4.6569 4.8951 -0.7987
v -4.6731 4.9975 -0.7059
v -4.6832 5.0586 -0.5804
v -4.6952 5.0827 -0.4367
v -1.3917 3.6297 0.3777
v -4.6263 4.7163 -0.8349
v -4.5932 4.3638 -0.5929
v -4.6388 4.3194 -0.3879
v -5.0385 4.9954 -0.2825
v -5.0378 4.8756 -0.1848
v -5.0030 4.4499 -0.2506
v -5.0051 4.9000 -0.7794
v -5.0251 4.9922 -0.6828
v -5.0354 5.0435 -0.5731
v -5.0491 5.0547 -0.4469
v -4.9837 4.7277 -0.8221
v -1.3213 -2.0391 -0.7294
v -4.9543 4.3928 -0.5787
v -4.9789 4.3733 -0.4049
v -5.3909 4.9652 -0.2990
v -5.3870 4.8615 -0.2027
v -5.3254 4.4901 -0.2668
v -5.3531 4.9031 -0.7565
v -5.3729 4.9852 -0.6568
v -5.3811 5.0231 -0.5502
v -5.3986 5.0229 -0.4392
v -5.3476 4.7577 -0.8071
v -1.0556 2.9067 -0.7290
v -5.3030 4.4302 -0.5694
v -5.3067 4.4223 -0.4131
v -5.7023 4.9368 -0.3021
v -5.7015 4.8446 -0.2077
v -5.6104 4.5316 -0.2781
v -5.6744 4.8883 -0.7320
v -5.6916 4.9680 -0.6266
v -5.6974 4.9921 -0.5230
v -5.7132 4.9849 -0.4311
v -1.5043 3.5808 -0.1781
v -5.6836 4.7690 -0.7801
v -1.1672 3.1325 -0.7465
v -5.6001 4.4620 -0.5689
v -5.5919 4.4644 -0.4185
v -5.9174 4.9138 -0.3019
v -5.9174 4.8260 -0.1976
v -5.9174 4.5664 -0.2890
v -5.9174 4.8716 -0.7211
v -5.9174 4.9435 -0.6105
v -5.9174 4.9606 -0.4968
v -5.9174 4.9508 -0.4163
v -5.9174 4.7688 -0.7688
v -0.9200 2.5991 -0.7081
v -5.9174 4.4893 -0.5623
v -5.9174 4.5041 -0.4231
v -6.2978 4.9034 -0.2533
v -6.2811 4.8266 -0.1151
v -6.2009 4.4962 -0.1955
v -6.2760 4.8567 -0.7199
v -6.2759 4.9087 -0.6164
v -6.3004 4.9350 -0.4775
v -6.3070 4.9341 -0.3894
v -1.5146 3.5624 -0.3848
v -6.2631 4.7761 -0.8020
v -0.8738 2.3761 -0.7074
v -6.2443 4.4688 -0.5844
v -6.2159 4.4662 -0.3909
v -0.7063 4.8805 0.0301
v -0.8995 4.8531 0.0206
v -1.1408 4.8499 0.1097
v -1.3702 4.8107 0.1854
v -1.6077 4.7771 0.1893
v -1.9321 4.7313 0.1365
v -2.2560 4.6778 0.1036
v -2.4709 4.7046 0.0809
v -2.7132 4.7123 0.0700
v -2.9616 4.7094 0.0675
v -3.2629 4.6730 0.0469
v -3.4466 4.6194 0.0136
v -3.6400 4.6024 -0.0232
v -5.9174 4.6779 -0.1916
v -6.2282 4.6418 -0.0702
v -5.6606 4.6651 -0.1947
v -1.1282 4.2290 -1.1593
v -0.9047 4.2653 -1.2419
v -0.6678 4.2486 -1.2548
v -0.4217 4.2187 -1.2208
v -0.8686 2.1005 -0.7195
v -1.3520 3.5192 -0.8206
v -1.4239 3.6771 -0.8531
v -1.1188 3.0218 -0.7431
v -1.3571 4.1325 -1.0404
v -0.9873 2.7732 -0.7179
v -0.9037 1.7899 -0.7537
v -0.9813 1.4845 -0.8037
v -1.5985 4.0676 -0.9425
v -1.5313 3.9634 -0.9228
v -1.4874 3.8435 -0.8996
v -1.2053 3.2451 -0.7668
v -0.4282 4.4083 -1.2374
v -0.7179 4.4589 -1.2704
v -0.9444 4.4636 -1.2298
v -1.1790 4.4320 -1.1634
v -1.4036 4.3611 -1.1092
v -1.4026 -3.8968 -0.6512
v -1.4187 -4.0114 -0.7000
v -1.4695 -4.1580 -0.7361
v -2.1675 4.3718 -0.8775
v -2.3669 4.3773 -0.8365
v -2.5761 4.4086 -0.8265
v -1.8829 4.2852 -0.9642
v -2.8343 4.4580 -0.8231
v -3.1191 4.4633 -0.8413
v -3.3019 4.4774 -0.8398
v -3.4465 4.5010 -0.8309
v -3.7073 4.5154 -0.7501
v -3.8593 4.5203 -0.7446
v -3.9596 4.5160 -0.7514
v -4.2796 4.5185 -0.7322
v -4.6030 4.5195 -0.7679
v -4.9622 4.5336 -0.7543
v -5.3271 4.5619 -0.7456
v -5.6308 4.5908 -0.7394
v -5.9174 4.6106 -0.7373
v -6.2722 4.5885 -0.7734
v -1.4776 -4.5740 -0.9090
v -5.0226 4.6330 -0.1662
v -5.3530 4.6532 -0.1847
v -4.6918 4.6176 -0.1307
v -4.3887 4.6098 -0.0996
v -4.1692 4.5938 -0.0998
v -3.9566 4.5925 -0.0873
v -3.8326 4.5979 -0.0629
v -1.5517 3.6824 -0.1830
v -1.0240 3.6816 -1.0753
v -0.7806 3.7034 -1.1538
v -0.5609 3.7016 -1.1610
v -0.3608 3.6946 -1.1411
v -1.5573 3.7038 -0.6038
v -1.5650 3.6797 -0.3802
v -1.2159 3.6755 -0.9615
v -1.3527 3.1455 -0.0108
v -0.7764 3.0305 -0.9313
v -0.5780 3.0325 -0.9542
v -0.4150 3.0253 -0.9503
v -0.2711 3.0185 -0.9406
v -1.2462 3.0624 -0.5168
v -1.3419 3.1245 -0.2760
v -0.9519 3.0219 -0.8715
v -1.2886 2.9130 0.0082
v -0.6726 2.7616 -0.8623
v -0.5102 2.7488 -0.8822
v -0.3660 2.7299 -0.8758
v -0.2380 2.7156 -0.8627
v -1.1471 2.7963 -0.5542
v -1.2518 2.8564 -0.2922
v -0.8338 2.7697 -0.8097
v -1.2702 2.7466 -0.0104
v -0.6302 2.5665 -0.8358
v -0.4867 2.5484 -0.8519
v -0.3535 2.5293 -0.8483
v -0.2302 2.5150 -0.8376
v -1.0647 2.6295 -0.5758
v -1.2006 2.6875 -0.3714
v -0.7749 2.5866 -0.7919
v -1.2198 2.5234 0.0037
v -0.6026 2.3329 -0.8213
v -0.4702 2.3110 -0.8355
v -0.3451 2.2897 -0.8338
v -0.2259 2.2736 -0.8262
v -1.0128 2.4107 -0.5792
v -1.1352 2.4813 -0.3967
v -0.7367 2.3570 -0.7829
v -1.1941 2.2105 0.0010
v -0.5901 2.0610 -0.8208
v -0.4605 2.0381 -0.8324
v -0.3382 2.0214 -0.8308
v -0.2201 2.0073 -0.8230
v -1.0099 2.1332 -0.5966
v -1.1197 2.1864 -0.4109
v -0.7242 2.0848 -0.7888
v -1.2192 1.9058 -0.0106
v -0.4717 1.8358 0.7839
v -1.1912 1.8911 -0.4123
v -0.7514 1.7501 -0.8023
v -0.3099 1.8539 0.8333
v -1.4764 3.6925 0.0781
v -1.2533 3.1460 0.2491
v -1.2074 2.7468 0.3057
v -1.2100 2.9271 0.2909
v -0.7231 2.7775 0.8054
v -0.8950 2.7783 0.6992
v -1.0583 1.8529 0.4077
v -0.2914 2.2196 0.8704
v -0.6950 2.5573 0.8214
v -0.8801 2.5717 0.6881
v -1.0432 2.2118 0.4419
v -0.4987 2.1908 0.8256
v -0.6849 2.2000 0.7796
v -0.8786 2.2297 0.6461
v -1.0574 2.5543 0.5096
v -0.5412 2.7910 0.8784
v -0.2365 2.5381 0.9298
v -0.6334 1.8085 0.7177
v -0.8742 1.8182 0.5857
v -1.0579 2.7632 0.5469
v -0.4985 2.5281 0.9042
v -0.2728 2.8490 0.9162
v -1.1759 2.5261 0.2563
v -1.1512 2.2073 0.2200
v -1.1685 1.8834 0.2029
v -1.0665 1.8287 -0.6486
v -1.2952 1.6389 -0.0228
v -1.3009 1.6602 -0.3732
v -0.4870 1.4597 0.8172
v -0.3288 1.4669 0.8782
v -1.1292 1.5077 0.4289
v -0.6866 1.4358 0.7041
v -0.9237 1.4600 0.5837
v -1.2385 1.5792 0.2276
v -0.2125 1.7131 -0.8315
v -0.6050 1.7203 -0.8236
v -0.4616 1.7136 -0.8371
v -0.3404 1.7135 -0.8405
v -1.1938 1.1785 0.4824
v -0.3296 1.0953 0.8880
v -0.5188 1.0960 0.8234
v -1.4120 1.3478 -0.3628
v -1.3984 1.3496 -0.0090
v -1.3152 1.2658 0.2873
v -0.9774 1.1247 0.6125
v -0.7447 1.0966 0.7173
v -1.1975 1.5707 -0.6297
v -1.2935 1.2612 -0.6582
v -0.6648 1.4161 -0.8949
v -0.5445 1.4093 -0.9067
v -0.4066 1.3978 -0.9170
v -0.2588 1.3811 -0.9309
v -0.7045 1.1151 -0.9651
v -0.5808 1.1104 -0.9825
v -0.4518 1.1057 -1.0103
v -0.2926 1.0897 -1.0498
v -0.7641 0.8613 -1.1124
v -0.6263 0.8677 -1.1304
v -0.4878 0.8717 -1.1529
v -0.3173 0.8765 -1.1735
v -0.8021 1.4361 -0.8696
v -0.8447 1.1339 -0.9390
v -0.7106 0.6656 -1.3145
v -0.6626 0.6771 -1.3397
v -0.5181 0.6739 -1.3433
v -0.3214 0.6711 -1.3458
v -1.4779 0.6717 -0.7706
v -1.0231 0.6532 -1.2413
v -0.8120 0.2783 -1.4704
v -0.6357 0.2857 -1.5111
v -0.4960 0.2887 -1.5293
v -0.3223 0.2799 -1.5297
v -1.5930 0.2880 -0.7635
v -1.0308 0.2717 -1.3727
v -0.7955 -0.1739 -1.5064
v -0.5850 -0.1575 -1.5368
v -0.4245 -0.1470 -1.5280
v -0.2589 -0.1758 -1.4875
v -1.7149 -0.1603 -0.7825
v -1.0646 -0.1770 -1.4066
v -0.7885 -0.6728 -1.3397
v -0.5601 -0.6439 -1.3437
v -0.3632 -0.5737 -1.3167
v -0.2125 -0.5202 -1.2978
v -1.7590 -0.6257 -0.7791
v -0.7655 -0.9945 -1.0859
v -0.5456 -0.9732 -1.0028
v -0.2856 -0.8372 -1.0477
v -0.1351 -0.7932 -1.0670
v -1.0764 -0.6769 -1.2709
v -1.6973 -0.9851 -0.7483
v -0.0776 -0.8434 -0.9087
v -1.0552 -1.0015 -1.0485
v -1.5877 0.6992 -0.3411
v -1.5540 0.6933 -0.0134
v -1.3960 0.6409 0.2868
v -1.6746 0.3370 -0.3229
v -1.6450 0.3048 0.0567
v -1.4526 0.2550 0.3456
v -1.7747 -0.1389 -0.2958
v -1.7073 -0.0973 0.1320
v -1.4971 -0.1228 0.4110
v -1.8459 -0.5512 -0.2588
v -1.7532 -0.4523 0.1608
v -1.5374 -0.4269 0.4295
v -0.7960 -0.8486 0.7622
v -1.1737 0.5477 0.5172
v -0.3802 0.3525 0.7130
v -0.5462 0.3815 0.6856
v -0.9920 0.4929 0.5924
v -0.7596 0.4308 0.6304
v -1.1672 0.1436 0.5424
v -0.4029 0.0061 0.6604
v -0.5790 0.0459 0.6384
v -0.9715 0.1005 0.5932
v -0.7826 0.0474 0.6041
v -1.2262 -0.1566 0.5725
v -0.3425 -0.3843 0.5070
v -0.4977 -0.3603 0.5837
v -0.9814 -0.2045 0.6372
v -0.7423 -0.2794 0.6456
v -0.2509 -0.5623 0.4078
v -1.2611 -0.4445 0.6169
v -0.4512 -0.7104 0.6463
v -1.0305 -0.5046 0.7075
v -0.7484 -0.5806 0.7134
v -0.9980 0.7988 0.6157
v -0.7666 0.7512 0.6940
v -0.3502 0.6861 0.8051
v -1.1981 0.8445 0.4935
v -0.5389 0.7140 0.7680
v -0.1326 -0.7296 0.2425
v -0.0861 -0.8135 0.0491
v -0.0642 -0.8852 -0.4672
v -0.0520 -0.8271 -0.7340
v -0.9287 0.8566 -1.0706
v -1.3607 0.9106 -0.7088
v -1.5054 0.9499 -0.3909
v -1.3606 0.9055 0.2975
v -1.4967 0.9663 -0.0178
v -1.0745 -0.7833 0.7609
v -0.4750 -0.9425 0.7061
v -1.2981 -0.7367 0.6560
v -1.5533 -0.7283 0.4503
v -0.2278 -0.8339 0.4739
v -0.1131 -0.9480 0.2007
v -0.0473 -1.0635 -0.3384
v -0.1285 -1.0344 -0.5657
v -0.2354 -1.0074 0.5009
v -0.1137 -1.0482 0.2356
v -0.0490 -1.1774 -0.3010
v -0.1357 -1.1820 -0.5313
v -0.2273 -0.9537 -0.7731
v -0.2686 -1.0895 -0.6905
v -0.7931 -1.3945 -0.8678
v -0.5650 -1.4723 -0.7887
v -0.8360 -1.1354 0.7961
v -1.6486 -1.2805 -0.6825
v -1.0706 -1.3333 -0.8982
v -1.1119 -1.0815 0.7856
v -0.5161 -1.2327 0.7173
v -1.3153 -1.0540 0.6843
v -1.5440 -1.0468 0.4622
v -0.2589 -1.3289 0.4810
v -0.1239 -1.4430 0.2103
v -0.1022 -1.5514 -0.3005
v -0.1855 -1.5542 -0.4943
v -0.3499 -1.5262 -0.6667
v -0.8135 -1.6610 -0.8313
v -0.5785 -1.7817 -0.7618
v -0.8571 -1.3794 0.8126
v -1.6071 -1.5352 -0.6317
v -1.0957 -1.6027 -0.8438
v -1.1269 -1.3433 0.8126
v -0.5356 -1.5230 0.7264
v -1.3155 -1.3128 0.6977
v -1.5358 -1.3105 0.4718
v -0.2979 -1.6304 0.4796
v -0.1785 -1.7623 0.2130
v -0.1699 -1.8774 -0.2844
v -0.2511 -1.8818 -0.4776
v -0.4167 -1.8443 -0.6628
v -0.8282 -2.5127 -0.7695
v -0.6296 -2.6227 -0.6812
v -0.8819 -2.1726 0.7953
v -1.5185 -2.3156 -0.5654
v -1.0935 -2.4328 -0.7923
v -1.1443 -2.0838 0.7755
v -0.6247 -2.3199 0.7020
v -1.3296 -2.0424 0.6652
v -1.4774 -2.0520 0.4946
v -0.4251 -2.4727 0.5069
v -0.3232 -2.5885 0.2407
v -0.3167 -2.6828 -0.1980
v -0.3735 -2.6987 -0.3782
v -0.4701 -2.6853 -0.5483
v -0.8448 -2.8484 -0.7062
v -0.6575 -2.9547 -0.6306
v -0.8976 -2.4537 0.7454
v -1.4815 -2.6160 -0.5320
v -1.1035 -2.7585 -0.7353
v -1.6264 -2.5182 -0.2661
v -1.5983 -2.3853 0.1595
v -1.1409 -2.3622 0.7335
v -0.6650 -2.6029 0.6684
v -1.3179 -2.3288 0.6384
v -1.4658 -2.3289 0.4654
v -0.4775 -2.7564 0.4834
v -0.3898 -2.8596 0.2402
v -0.3767 -2.9695 -0.1633
v -0.4161 -3.0067 -0.3772
v -0.5315 -3.0090 -0.5420
v -0.9264 -3.4186 -0.6714
v -0.7027 -3.3521 -0.6142
v -0.8912 -2.9999 0.6272
v -1.4389 -3.1433 -0.4398
v -1.1443 -3.3960 -0.6598
v -1.5431 -3.0439 -0.2268
v -1.5124 -2.9378 0.0909
v -1.0969 -2.9455 0.6220
v -0.6920 -3.1466 0.5390
v -1.2718 -2.9508 0.5483
v -1.4165 -2.9670 0.3919
v -0.5653 -3.2714 0.3699
v -0.4874 -3.3751 0.2061
v -0.4504 -3.4314 -0.1479
v -0.4799 -3.4058 -0.3655
v -0.5706 -3.3789 -0.5266
v -0.9376 -3.5230 -0.6574
v -0.7260 -3.5278 -0.5817
v -0.8882 -3.4726 0.5668
v -1.5037 -3.5037 -0.3706
v -1.1797 -3.5142 -0.6251
v -1.5918 -3.4913 -0.1765
v -1.5353 -3.4744 0.0874
v -1.0904 -3.4472 0.5412
v -0.7178 -3.5136 0.4529
v -1.2240 -3.4508 0.4595
v -1.3606 -3.4515 0.3180
v -0.6236 -3.5411 0.2882
v -0.5310 -3.5589 0.1407
v -0.4634 -3.5564 -0.1679
v -0.4787 -3.5433 -0.3309
v -0.5686 -3.5390 -0.5020
v -0.9182 -3.7714 -0.6419
v -0.7314 -3.7866 -0.5808
v -0.9041 -3.7391 0.5032
v -1.5430 -3.7399 -0.4184
v -1.1635 -3.7498 -0.6366
v -1.6067 -3.7211 -0.2076
v -1.5498 -3.7153 0.0680
v -1.0954 -3.7146 0.4868
v -0.7548 -3.7694 0.3692
v -1.2278 -3.7017 0.4156
v -1.3729 -3.7059 0.2804
v -0.6841 -3.7941 0.2141
v -0.5983 -3.8131 0.0827
v -0.5282 -3.8143 -0.2056
v -0.5408 -3.8021 -0.3493
v -0.5996 -3.7927 -0.4800
v -0.8983 -3.9258 -0.6702
v -0.7321 -3.9575 -0.6064
v -0.9134 -4.0285 0.3506
v -1.5794 -3.9055 -0.4947
v -1.1192 -3.8936 -0.6818
v -1.6349 -3.8994 -0.2751
v -1.5496 -3.8920 0.0481
v -1.0807 -3.9925 0.3544
v -0.8209 -4.0543 0.1936
v -1.2265 -3.9569 0.3316
v -1.4177 -3.9171 0.2111
v -0.7411 -4.0609 0.1285
v -0.6695 -4.0735 0.0172
v -0.5903 -4.0717 -0.2456
v -0.5941 -4.0455 -0.3766
v -0.6390 -3.9937 -0.4993
v -0.9054 -4.0761 -0.7241
v -0.7335 -4.0689 -0.6383
v -0.9760 -4.2423 0.1870
v -1.6130 -4.0551 -0.5572
v -1.1225 -4.0155 -0.7569
v -1.6689 -4.0876 -0.3493
v -1.5632 -4.0604 0.0198
v -1.0964 -4.2053 0.2190
v -0.8669 -4.2920 0.1410
v -1.2163 -4.1701 0.2299
v -1.4158 -4.1076 0.1546
v -0.7581 -4.3210 0.0848
v -0.6913 -4.3667 -0.0290
v -0.6249 -4.3366 -0.2898
v -0.6283 -4.2923 -0.4148
v -0.6605 -4.1745 -0.5337
v -0.9291 -4.2655 -0.8007
v -0.7446 -4.3547 -0.7109
v -0.9941 -4.4565 0.1687
v -1.6631 -4.2351 -0.5854
v -1.1424 -4.2074 -0.8353
v -1.7180 -4.3054 -0.3619
v -1.5972 -4.2939 0.0005
v -1.1083 -4.4149 0.1923
v -0.8856 -4.4998 0.1307
v -1.2234 -4.3815 0.1961
v -1.4207 -4.3080 0.1616
v -0.7700 -4.5412 0.0481
v -0.6977 -4.5612 -0.0514
v -0.6336 -4.5367 -0.3463
v -0.6517 -4.5044 -0.4747
v -0.6827 -4.4444 -0.5891
v -1.0004 -4.7030 -1.0026
v -0.7998 -4.7943 -0.8995
v -1.0058 -4.9102 0.1905
v -1.7148 -4.6211 -0.7058
v -1.2122 -4.6321 -1.0027
v -1.8074 -4.6601 -0.4158
v -1.7318 -4.7134 -0.0811
v -1.1316 -4.8730 0.2309
v -0.8547 -4.9362 0.1305
v -1.3233 -4.8123 0.2443
v -1.5773 -4.7517 0.1542
v -0.7599 -4.9592 0.0464
v -0.6444 -4.9911 -0.0759
v -0.5480 -4.9892 -0.4169
v -0.6095 -4.9428 -0.6335
v -0.7047 -4.8777 -0.7672
v -1.0284 -4.9917 -1.1032
v -0.8339 -5.0604 -1.0116
v -0.9964 -5.2098 0.1957
v -1.7179 -4.9437 -0.8280
v -1.2499 -4.9401 -1.1051
v -1.8579 -4.9647 -0.5338
v -1.8140 -4.9996 -0.1714
v -1.1516 -5.1687 0.2526
v -0.8533 -5.2151 0.1276
v -1.3856 -5.1185 0.2653
v -1.6596 -5.0536 0.1103
v -0.7427 -5.2506 0.0577
v -0.6115 -5.2708 -0.0810
v -0.5158 -5.2697 -0.4340
v -0.5951 -5.2218 -0.7047
v -0.7105 -5.1424 -0.8655
v -1.0810 -5.3375 -1.1610
v -0.8936 -5.3987 -1.0767
v -1.0309 -5.5767 0.2455
v -1.7209 -5.3329 -0.8658
v -1.2857 -5.3049 -1.1682
v -1.8658 -5.3559 -0.6032
v -1.8663 -5.3679 -0.2563
v -1.1787 -5.5456 0.2830
v -0.9013 -5.6045 0.1878
v -1.4287 -5.5044 0.2808
v -1.7332 -5.4398 0.0629
v -0.7514 -5.6110 0.0973
v -0.6313 -5.6253 -0.0302
v -0.5246 -5.6053 -0.4229
v -0.6154 -5.5487 -0.7498
v -0.7485 -5.4739 -0.9325
v -1.1173 -5.7736 -1.1721
v -0.9261 -5.8106 -1.0726
v -1.0623 -6.0084 0.2904
v -1.7449 -5.7797 -0.8856
v -1.3235 -5.7554 -1.1911
v -1.8991 -5.8102 -0.5848
v -1.8973 -5.8450 -0.2368
v -1.1996 -5.9904 0.3256
v -0.9592 -6.0296 0.2439
v -1.4715 -5.9564 0.3096
v -1.7805 -5.9068 0.0946
v -0.8363 -6.0261 0.1700
v -0.7180 -6.0269 0.0550
v -0.5735 -5.9912 -0.4016
v -0.6513 -5.9454 -0.7196
v -0.7893 -5.8799 -0.9386
v -1.1035 -6.2491 -1.1472
v -0.9150 -6.2527 -1.0648
v -1.0836 -6.4371 0.3280
v -1.7410 -6.3030 -0.8832
v -1.3244 -6.2841 -1.1502
v -1.8776 -6.3333 -0.5431
v -1.8839 -6.3589 -0.1908
v -1.2126 -6.4341 0.3482
v -0.9748 -6.4388 0.2858
v -1.4795 -6.3936 0.3144
v -1.7516 -6.3967 0.1648
v -0.8565 -6.4281 0.2200
v -0.7444 -6.4200 0.1119
v -0.5892 -6.3734 -0.3782
v -0.6509 -6.3307 -0.6835
v -0.7767 -6.2883 -0.9207
v -0.0316 -0.8542 -0.1555
v -0.0329 -1.0235 -0.0826
v -0.0449 -1.1179 -0.0328
v -0.0934 -1.5131 -0.0347
v -0.1478 -1.8362 -0.0460
v -0.2964 -2.6389 0.0025
v -0.3739 -2.9200 0.0160
v -0.4677 -3.4139 0.0415
v -0.4942 -3.5607 0.0025
v -0.5508 -3.8205 -0.0565
v -0.6160 -4.0812 -0.1154
v -0.6467 -4.3643 -0.1726
v -0.6520 -4.5533 -0.1884
v -0.5726 -4.9976 -0.2278
v -0.5427 -5.2809 -0.2247
v -0.5599 -5.6263 -0.1788
v -0.6095 -6.0099 -0.1314
v -0.6246 -6.4019 -0.1035
v -0.5972 -2.0389 0.7315
v -0.3837 -2.1881 0.5090
v -0.2759 -2.2985 0.2262
v -0.2434 -2.3574 -0.0182
v -0.2638 -2.3952 -0.2266
v -0.3298 -2.3946 -0.4127
v -0.4424 -2.3659 -0.5871
v -0.5892 -2.2898 -0.7094
v -0.7941 -2.1625 -0.8017
v -1.0754 -2.0925 -0.8138
v -1.5590 -2.0040 -0.5799
v -1.5013 -1.7695 0.5130
v -1.3188 -1.7755 0.7084
v -1.1338 -1.8077 0.8099
v -0.8651 -1.8872 0.8241
v -0.5777 4.9480 -0.0254
v -0.3862 4.8163 -1.1306
v -0.6290 4.9277 -1.0937
v -0.6886 5.1275 -0.4509
v -0.7148 5.1655 -0.5425
v -0.7988 5.2268 -0.7244
v -0.8310 5.1743 -0.9654
v -1.2008 2.9432 -0.5310
v -0.5415 2.9054 -0.9170
v -0.2530 2.8771 -0.8996
v -0.3875 2.8892 -0.9112
v -0.8945 2.9098 -0.8363
v -1.3227 3.0466 0.0072
v -0.6477 3.6253 1.0046
v -0.8997 3.6008 1.0110
v -0.7463 3.2283 1.0265
v -0.9301 3.1536 0.9839
v -0.7220 2.9118 -0.8921
v -1.3882 3.2422 -0.0590
v -1.3806 3.2310 -0.3145
v -1.1353 3.0516 0.5066
v -1.2425 3.4217 0.8218
v -1.1071 3.5379 0.9978
v -1.3030 3.2524 0.2035
v -1.3042 3.2829 0.5013
v -1.6033 4.2602 -1.0360
v -1.2952 3.1803 -0.5216
v -1.0029 3.1291 -0.8981
v -0.8294 3.1423 -0.9695
v -0.6180 3.1517 -0.9967
v -1.0728 3.0989 0.7900
v -1.2263 3.0431 0.2650
v -1.2966 3.0005 -0.2642
v -1.2867 3.5231 0.7516
v -1.1238 3.6405 0.9240
v -0.9166 3.6881 0.9576
v -0.6617 3.7175 0.9502
v -0.6087 3.4854 1.0510
v -0.8484 3.4172 1.0798
v -1.0638 3.3461 1.0675
v -1.1764 3.2800 0.8673
v -0.2463 4.7927 0.3242
v -0.2889 4.6137 0.4147
v -0.3358 4.2808 0.6089
v -0.3147 4.4534 0.5079
v -0.3408 4.0071 0.7513
v -0.1485 3.1483 0.9444
v -0.3432 4.1281 0.6820
v -0.1904 4.9350 0.2030
v -0.1632 1.8628 0.8582
v -0.1428 2.2437 0.8873
v -0.1237 2.8920 0.9059
v -0.1154 2.5502 0.9115
v -0.1890 1.4425 0.8893
v -0.2381 3.3215 1.0183
v -0.3210 3.6179 1.0017
v -0.1852 4.5775 -1.1466
v -0.3374 3.7478 0.9203
v -0.2928 3.4717 1.0462
v -0.1812 4.7858 -1.1010
v -0.1870 4.3838 -1.1679
v -0.1976 4.1963 -1.1719
v -0.1954 4.0177 -1.1602
v -0.1863 3.8461 -1.1420
v -0.1741 3.6860 -1.1185
v -0.1646 3.5418 -1.0897
v -0.1523 3.2794 -1.0174
v -0.1438 3.1485 -0.9759
v -0.1345 3.0134 -0.9335
v -0.1255 2.8696 -0.8912
v -0.1178 2.7072 -0.8528
v -0.1138 2.5068 -0.8281
v -0.1122 2.2641 -0.8190
v -0.1103 2.0036 -0.8128
v -0.1124 1.7139 -0.8193
v -0.1294 1.3675 -0.9420
v -0.1361 1.0711 -1.0742
v -0.1093 0.8832 -1.1717
v -0.0912 0.6665 -1.3492
v -0.1191 0.2564 -1.4892
v -0.1138 -0.2010 -1.4740
v -0.0965 -0.4943 -1.3091
v -0.0618 -0.7012 -1.1240
v -0.0409 -0.7892 -0.9489
v -0.0358 -0.8043 -0.7728
v -0.0259 -0.8651 -0.4941
v -0.0257 -0.8593 -0.2314
v -0.0482 -0.8138 0.0194
v -0.0664 -0.7762 0.2181
v -0.1376 -0.5991 0.3892
v -0.1786 -0.4157 0.5314
v -0.2281 -0.0432 0.6701
v -0.2130 0.3192 0.7318
v -0.1730 0.6648 0.8134
v -0.1768 1.0588 0.8945
v -1.4625 3.4497 -0.1632
v -1.4639 3.4481 -0.3743
v -1.4099 3.4248 -0.5704
v -1.0893 3.3503 -0.9317
v -0.9349 3.3828 -1.0319
v -0.7057 3.4063 -1.0968
v -0.4990 3.4098 -1.0906
v -0.3222 3.4092 -1.0708
v -0.6619 3.8087 0.8877
v -0.9260 3.7650 0.9035
v -1.1412 3.7087 0.8638
v -1.3144 3.6126 0.6964
v -1.3962 3.4696 0.1031
v -1.3677 3.4927 0.3969
v -1.2742 3.3698 -0.7881
v -0.3371 3.8684 0.8343
v -0.1589 3.4092 -1.0552
v -0.3480 5.0556 -1.0342
v -0.5442 5.1360 -1.0032
v -0.6617 5.2963 -0.6502
v -0.6980 5.2682 -0.8664
v -0.1665 5.0158 -1.0304
v -0.3030 5.3092 -0.9296
v -0.4809 5.3977 -0.8610
v -0.5222 5.4712 -0.5863
v -0.5296 5.4573 -0.7184
v -0.1418 5.2691 -0.9428
v -0.2617 5.5936 -0.8198
v -0.3896 5.6341 -0.7398
v -0.4544 5.6543 -0.5438
v -0.4221 5.6485 -0.6385
v -0.1277 5.5573 -0.8391
v -0.3383 5.0351 0.0243
v -0.5484 5.1333 -0.1991
v -0.4624 5.0623 -0.0724
v -0.1603 5.0777 0.0737
v -0.2986 5.2794 0.0101
v -0.4752 5.3226 -0.1869
v -0.4147 5.2707 -0.0902
v -0.1644 5.2737 0.0867
v -0.3051 5.4558 0.0218
v -0.4458 5.5249 -0.1716
v -0.4094 5.4845 -0.0869
v -0.1710 5.4288 0.1134
v -0.5744 5.1979 -0.2966
v -0.5793 5.2348 -0.4031
v -0.6114 5.2735 -0.5137
v -0.4953 5.3651 -0.2763
v -0.4954 5.4072 -0.3715
v -0.5098 5.4389 -0.4683
v -0.4669 5.5591 -0.2531
v -0.4576 5.5751 -0.3477
v -0.4709 5.6163 -0.4346
v -0.0007 4.8070 0.2834
v -0.0005 4.3193 0.5764
v -0.0012 4.4809 0.4981
v -0.0003 4.6117 0.4225
v -0.0001 4.1731 0.6396
v -0.0011 4.9224 0.1536
v -0.0004 1.0702 -1.0755
v -0.0011 0.6617 -1.3417
v -0.0004 3.6231 0.9272
v -0.0001 3.4516 1.0002
v -0.0011 5.0770 0.0627
v -0.0022 5.2671 0.1145
v 0.0944 5.5290 0.1628
v -0.0008 0.8900 -1.1863
v -0.0054 0.2444 -1.4678
v -0.0032 -0.2078 -1.4652
v -0.0016 -0.4886 -1.3138
v -0.0006 -0.6769 -1.1351
v -0.0001 -0.0869 0.6725
v -0.0005 -0.4513 0.5468
v -0.0012 -0.6277 0.3965
v -0.0010 -0.7911 0.1833
v -0.3079 1.0285 -1.1379
v -0.3126 0.9889 -1.2094
v -0.3121 0.6195 -1.4108
v -0.3169 0.6595 -1.4291
v -0.6052 1.0286 -1.1053
v -0.6138 0.9881 -1.1754
v -0.6178 0.6195 -1.3612
v -0.6255 0.6603 -1.3801
v -0.8776 1.0287 -1.0488
v -0.8981 0.9873 -1.1155
v -0.9298 0.6195 -1.2825
v -0.9409 0.6612 -1.3013
v -1.1124 1.0287 -0.9287
v -1.1445 0.9867 -0.9891
v -1.1875 0.6195 -1.1435
v -1.2073 0.6617 -1.1580
v -1.2975 1.0287 -0.7915
v -1.3370 0.9844 -0.8419
v -1.3497 0.6195 -0.9709
v -1.3800 0.6639 -0.9794
v -1.4442 1.0285 -0.5646
v -1.4874 0.9836 -0.6082
v -1.4712 0.6194 -0.7697
v -1.5087 0.6646 -0.7676
v -1.5386 1.0284 -0.3374
v -1.5852 0.9831 -0.3731
v -1.5666 0.6193 -0.5393
v -1.6074 0.6649 -0.5289
v -1.5669 1.0283 -0.2004
v -1.6164 0.9823 -0.2131
v -1.5992 0.6192 -0.3013
v -1.6413 0.6653 -0.2904
v -1.5380 1.0280 0.0024
v -1.5856 0.9817 0.0074
v -1.5691 0.6189 -0.0599
v -1.6097 0.6653 -0.0413
v -1.4479 1.0276 0.2202
v -1.4909 0.9811 0.2365
v -1.4774 0.6186 0.1658
v -1.5138 0.6652 0.1944
v -1.3002 1.0271 0.4198
v -1.3366 0.9805 0.4450
v -1.3269 0.6183 0.3688
v -1.3572 0.6650 0.4057
v -1.1054 1.0265 0.5878
v -1.1337 0.9798 0.6197
v -1.1266 0.6178 0.5399
v -1.1499 0.6646 0.5829
v -0.8699 1.0260 0.7164
v -0.8905 0.9792 0.7524
v -0.8857 0.6174 0.6701
v -0.9023 0.6642 0.7169
v -0.5994 1.0253 0.8172
v -0.6135 0.9787 0.8545
v -0.6104 0.6170 0.7650
v -0.6215 0.6637 0.8145
v -0.3060 1.0247 0.8853
v -0.3131 0.9781 0.9235
v -0.3109 0.6168 0.8306
v -0.3168 0.6634 0.8816
v 0.0000 1.0247 0.9078
v 0.0000 0.9782 0.9465
v 0.0000 0.6167 0.8537
v 0.0000 0.6634 0.9051
v 0.3060 1.0247 0.8853
v 0.3131 0.9781 0.9235
v 0.3109 0.6168 0.8306
v 0.3168 0.6634 0.8816
v 0.5994 1.0253 0.8172
v 0.6135 0.9787 0.8545
v 0.6104 0.6170 0.7650
v 0.6215 0.6637 0.8145
v 0.8699 1.0260 0.7164
v 0.8905 0.9792 0.7524
v 0.8857 0.6174 0.6701
v 0.9023 0.6642 0.7169
v 1.1054 1.0265 0.5878
v 1.1337 0.9798 0.6197
v 1.1266 0.6178 0.5399
v 1.1499 0.6646 0.5829
v 1.3002 1.0271 0.4198
v 1.3366 0.9805 0.4450
v 1.3269 0.6183 0.3688
v 1.3572 0.6650 0.4057
v 1.4479 1.0276 0.2202
v 1.4909 0.9811 0.2365
v 1.4774 0.6186 0.1658
v 1.5138 0.6652 0.1944
v 1.5380 1.0280 0.0024
v 1.5856 0.9817 0.0074
v 1.5691 0.6189 -0.0599
v 1.6097 0.6653 -0.0413
v 1.5669 1.0283 -0.2004
v 1.6164 0.9823 -0.2131
v 1.5992 0.6192 -0.3013
v 1.6413 0.6653 -0.2904
v 1.5386 1.0284 -0.3374
v 1.5852 0.9831 -0.3731
v 1.5666 0.6193 -0.5393
v 1.6074 0.6649 -0.5289
v 1.4442 1.0285 -0.5646
v 1.4874 0.9836 -0.6082
v 1.4712 0.6194 -0.7697
v 1.5087 0.6646 -0.7676
v 1.2975 1.0287 -0.7915
v 1.3370 0.9844 -0.8419
v 1.3497 0.6195 -0.9709
v 1.3800 0.6639 -0.9794
v 1.1124 1.0287 -0.9287
v 1.1445 0.9867 -0.9891
v 1.1875 0.6195 -1.1435
v 1.2073 0.6617 -1.1580
v 0.8776 1.0287 -1.0488
v 0.8981 0.9873 -1.1155
v 0.9298 0.6195 -1.2825
v 0.9409 0.6612 -1.3013
v 0.6052 1.0286 -1.1053
v 0.6138 0.9881 -1.1754
v 0.6178 0.6195 -1.3612
v 0.6255 0.6603 -1.3801
v 0.3079 1.0285 -1.1379
v 0.3126 0.9889 -1.2094
v 0.3121 0.6195 -1.4108
v 0.3169 0.6595 -1.4291
v 0.0000 1.0285 -1.1607
v 0.0000 0.9890 -1.2326
v 0.0000 0.6195 -1.4340
v 0.0000 0.6594 -1.4527
v 1.5220 5.2283 -0.2014
v 1.4919 5.0860 -0.0029
v 1.3559 4.6322 0.2807
v 1.3534 4.3957 0.4086
v 1.5189 -4.9105 -1.0416
v 1.3490 4.2049 0.4867
v 1.3121 4.0333 0.5679
v 1.2287 5.0255 -0.0930
v 1.2648 5.1359 -0.1947
v 1.1258 4.6908 0.2160
v 1.1601 4.4644 0.3820
v 1.5519 -5.3154 -1.1020
v 1.1766 4.2671 0.5244
v 1.1675 4.0864 0.6511
v 0.9868 4.9613 -0.1670
v 1.0388 5.0508 -0.2563
v 0.9085 4.7128 0.1679
v 0.9537 4.5181 0.3232
v 1.5837 -5.7496 -1.1277
v 0.9400 4.3309 0.4857
v 0.9363 4.1551 0.6370
v 0.7892 4.9804 -0.1976
v 0.8487 5.0520 -0.3069
v 0.6027 4.7432 0.2190
v 0.6206 4.6010 0.3539
v 0.6289 4.4101 0.4992
v 0.6420 4.2254 0.6355
v 1.4882 3.5680 -0.5858
v 1.1549 3.5176 -0.9476
v 0.9755 3.5189 -1.0527
v 0.7365 3.5484 -1.1258
v 1.3319 0.2856 -1.1321
v 2.6183 5.1339 -0.2269
v 2.5738 4.9899 -0.0172
v 2.4146 4.4892 -0.0398
v 2.8296 5.1192 -0.1950
v 2.7871 4.9983 -0.0119
v 2.6360 4.4809 -0.0619
v 1.7846 5.2507 -0.2244
v 1.7289 5.0547 0.0324
v 1.6624 4.5844 0.3111
v 1.6454 4.2862 0.3144
v 1.3951 -0.1608 -1.1789
v 1.5226 4.0785 0.3324
v 1.4490 3.9247 0.3636
v 2.4336 5.1543 -0.2346
v 2.3908 4.9892 -0.0030
v 2.2187 4.4549 -0.0008
v 1.8799 4.1228 -0.0683
v 1.3150 -2.3631 -0.7086
v 1.6978 3.9244 -0.1343
v 1.6135 3.7673 -0.1832
v 0.5269 3.5492 -1.1301
v 0.3384 3.5448 -1.1108
v 1.2982 -2.6770 -0.6625
v 0.9242 5.1131 -1.0088
v 0.9035 5.1869 -0.7221
v 0.8203 5.1305 -0.5478
v 0.8178 5.0870 -0.4284
v 0.5091 3.2897 1.0128
v 1.0891 5.0071 -1.0114
v 1.0900 5.1480 -0.7784
v 1.0263 5.1348 -0.5510
v 1.0285 5.1090 -0.3896
v 1.2478 4.6750 -1.1107
v 1.1000 4.0244 -1.1336
v 1.0632 3.8436 -1.1018
v 1.0039 4.7071 -1.1945
v 0.8674 4.0717 -1.2235
v 0.8252 3.8765 -1.1858
v 0.7740 4.7427 -1.1788
v 0.6313 4.0544 -1.2246
v 0.5977 3.8709 -1.1890
v 0.4232 4.6104 -1.2036
v 0.4056 4.0354 -1.1959
v 0.3849 3.8595 -1.1685
v 1.2830 4.9532 -0.9676
v 1.2701 5.1440 -0.7641
v 1.2613 5.1948 -0.5704
v 1.2652 5.1912 -0.3736
v 1.4979 4.9373 -0.9728
v 1.4568 5.1478 -0.7860
v 1.4826 5.2347 -0.6111
v 1.5095 5.2636 -0.4221
v 0.4433 3.1525 -0.9939
v 1.4755 4.6479 -1.0879
v 1.6804 3.9452 -0.6166
v 1.5978 3.8220 -0.6110
v 1.7395 4.8999 -0.9729
v 1.7160 5.1217 -0.8367
v 1.7450 5.2390 -0.6735
v 1.7878 5.2963 -0.4961
v 1.6701 4.6299 -1.0653
v 0.2891 3.1500 -0.9842
v 1.9472 4.1167 -0.6492
v 1.7127 3.9336 -0.3264
v 1.6336 3.8024 -0.3615
v 2.2890 4.8278 -0.8819
v 2.3625 5.0157 -0.8141
v 2.4146 5.1494 -0.6861
v 2.4256 5.2249 -0.5150
v 2.2151 4.6174 -0.9200
v 1.3379 -1.5785 -0.7944
v 2.2332 4.2389 -0.5739
v 2.2186 4.3358 -0.2459
v 2.4846 4.8360 -0.8566
v 2.5456 5.0102 -0.7935
v 2.5883 5.1330 -0.6705
v 2.6176 5.1881 -0.4997
v 2.4098 4.6010 -0.8778
v 2.3523 4.2803 -0.5773
v 2.3631 4.3697 -0.2963
v 2.7115 4.8556 -0.8390
v 2.7591 5.0009 -0.7661
v 2.7920 5.1026 -0.6448
v 2.8174 5.1523 -0.4655
v 2.6409 4.6357 -0.8638
v 2.5360 4.3044 -0.6110
v 2.5498 4.3571 -0.3362
v 1.9995 4.1851 -0.2847
v 1.3074 -3.2241 -0.5699
v 1.5804 -6.2838 -1.0675
v 1.9634 4.6041 -0.9835
v 2.1247 5.1898 -0.7064
v 2.1400 5.2606 -0.5247
v 2.1240 5.0384 -0.8489
v 2.0570 4.8396 -0.9378
v 2.0855 4.9975 0.0268
v 2.1585 5.2078 -0.2592
v 1.3538 -1.3044 -0.8522
v 1.8120 4.1695 0.1187
v 1.9879 4.4969 0.1718
v 1.5507 3.8120 0.0752
v 1.6492 3.9825 0.0836
v 1.2675 3.8496 -0.9923
v 1.3111 3.9818 -1.0260
v 1.4338 -0.6552 -1.0963
v 3.0220 5.1157 -0.1660
v 3.0057 4.9768 0.0245
v 2.8960 4.4801 -0.0846
v 2.9366 4.8690 -0.8390
v 2.9570 5.0006 -0.7513
v 2.9879 5.0999 -0.6203
v 3.0105 5.1455 -0.4335
v 2.8742 4.6814 -0.8765
v 1.3937 -0.9914 -0.9690
v 2.8095 4.3131 -0.6099
v 2.8314 4.3645 -0.3189
v 3.2582 5.0765 -0.1386
v 3.2625 4.9255 0.0149
v 3.1756 4.4597 -0.1138
v 3.1736 4.8514 -0.8491
v 3.1829 4.9689 -0.7573
v 3.2097 5.0709 -0.6213
v 3.2340 5.1126 -0.4158
v 3.1379 4.6733 -0.8961
v 1.1298 0.8692 -0.9579
v 3.1127 4.3237 -0.6456
v 3.1325 4.3547 -0.3391
v 3.4423 5.0575 -0.1242
v 3.4484 4.8843 0.0237
v 3.3970 4.4392 -0.1471
v 3.3564 4.8641 -0.8315
v 3.3607 4.9728 -0.7203
v 3.3885 5.0653 -0.5578
v 3.4077 5.1003 -0.3674
v 3.3300 4.6847 -0.8919
v 3.3033 4.3211 -0.6615
v 3.3591 4.3362 -0.3516
v 0.3059 3.2790 -1.0284
v 0.4715 3.2800 -1.0430
v 0.6654 3.2787 -1.0492
v 0.8864 3.2573 -1.0019
v 1.0487 3.2339 -0.9145
v 1.3338 3.2913 -0.5614
v 1.4198 3.3378 -0.3508
v 1.4224 3.3390 -0.1075
v 1.3465 3.3839 0.4427
v 1.3561 3.3503 0.1501
v 0.9509 3.9749 0.7716
v 0.6593 4.0497 0.7430
v 0.3323 3.0831 0.9033
v 0.5642 2.9970 0.8589
v 0.7693 2.9494 0.8087
v 0.8958 2.9187 0.6943
v 1.0746 2.9022 0.5308
v 1.2450 3.1725 0.5399
v 1.4141 3.7784 0.3710
v 1.3228 3.8543 0.6111
v 1.1693 3.9095 0.7564
v 0.6892 5.0900 -0.3296
v 0.4294 4.9088 0.1718
v 0.6534 5.0475 -0.2203
v 3.6145 5.0413 -0.1299
v 3.6480 4.8813 0.0076
v 3.5831 4.4167 -0.1829
v 3.5251 4.8785 -0.7870
v 3.5336 4.9750 -0.6836
v 3.5355 5.0564 -0.5095
v 3.5638 5.0851 -0.3334
v 3.4940 4.7068 -0.8344
v 1.3554 -3.5095 -0.5313
v 3.4453 4.3220 -0.6622
v 3.5346 4.3168 -0.3639
v 1.3880 -3.7485 -0.5860
v 3.8248 5.0332 -0.1340
v 3.8444 4.8750 -0.0175
v 3.7861 4.4030 -0.2054
v 3.7695 4.8914 -0.7234
v 3.7756 4.9809 -0.6303
v 3.7774 5.0561 -0.4905
v 3.7970 5.0811 -0.3237
v 0.6609 3.9247 0.8190
v 3.7520 4.7253 -0.8024
v 3.7075 4.3462 -0.6436
v 3.7532 4.3080 -0.3767
v 0.9343 3.8574 0.8452
v 1.0495 1.1736 -0.8612
v 3.9739 5.0384 -0.1591
v 3.9929 4.8777 -0.0474
v 3.9203 4.4000 -0.2125
v 3.8652 4.8922 -0.7134
v 3.8757 4.9870 -0.6206
v 3.8998 5.0581 -0.4975
v 3.9337 5.0890 -0.3429
v 1.1658 3.8083 0.8081
v 3.8567 4.7275 -0.8065
v 3.8543 4.3712 -0.6180
v 3.8747 4.3064 -0.3716
v 4.1757 5.0442 -0.1907
v 4.2101 4.8960 -0.0803
v 4.1093 4.3899 -0.2305
v 4.0211 4.8959 -0.7530
v 4.0401 4.9983 -0.6624
v 4.0743 5.0675 -0.5320
v 4.1125 5.0984 -0.3791
v 1.3296 3.7313 0.6570
v 3.9896 4.7218 -0.8301
v 3.9496 4.3694 -0.6054
v 4.0540 4.2978 -0.3949
v 4.3959 5.0401 -0.2162
v 4.3983 4.9035 -0.1000
v 4.3555 4.3953 -0.2180
v 4.3180 4.8942 -0.7853
v 4.3396 5.0021 -0.6985
v 4.3550 5.0705 -0.5724
v 4.3702 5.1010 -0.4159
v 1.4342 3.5808 0.0872
v 4.2877 4.7160 -0.8365
v 1.2462 0.6503 -1.0849
v 4.2471 4.3574 -0.5916
v 4.3150 4.2927 -0.3898
v 4.6940 5.0229 -0.2490
v 4.6945 4.8939 -0.1402
v 4.6763 4.4155 -0.2269
v 4.6569 4.8951 -0.7987
v 4.6731 4.9975 -0.7059
v 4.6832 5.0586 -0.5804
v 4.6952 5.0827 -0.4367
v 1.3917 3.6297 0.3777
v 4.6263 4.7163 -0.8349
v 4.5932 4.3638 -0.5929
v 4.6388 4.3194 -0.3879
v 5.0385 4.9954 -0.2825
v 5.0378 4.8756 -0.1848
v 5.0030 4.4499 -0.2506
v 5.0051 4.9000 -0.7794
v 5.0251 4.9922 -0.6828
v 5.0354 5.0435 -0.5731
v 5.0491 5.0547 -0.4469
v 4.9837 4.7277 -0.8221
v 1.3213 -2.0391 -0.7294
v 4.9543 4.3928 -0.5787
v 4.9789 4.3733 -0.4049
v 5.3909 4.9652 -0.2990
v 5.3870 4.8615 -0.2027
v 5.3254 4.4901 -0.2668
v 5.3531 4.9031 -0.7565
v 5.3729 4.9852 -0.6568
v 5.3811 5.0231 -0.5502
v 5.3986 5.0229 -0.4392
v 5.3476 4.7577 -0.8071
v 1.0556 2.9067 -0.7290
v 5.3030 4.4302 -0.5694
v 5.3067 4.4223 -0.4131
v 5.7023 4.9368 -0.3021
v 5.7015 4.8446 -0.2077
v 5.6104 4.5316 -0.2781
v 5.6744 4.8883 -0.7320
v 5.6916 4.9680 -0.6266
v 5.6974 4.9921 -0.5230
v 5.7132 4.9849 -0.4311
v 1.5043 3.5808 -0.1781
v 5.6836 4.7690 -0.7801
v 1.1672 3.1325 -0.7465
v 5.6001 4.4620 -0.5689
v 5.5919 4.4644 -0.4185
v 5.9174 4.9138 -0.3019
v 5.9174 4.8260 -0.1976
v 5.9174 4.5664 -0.2890
v 5.9174 4.8716 -0.7211
v 5.9174 4.9435 -0.6105
v 5.9174 4.9606 -0.4968
v 5.9174 4.9508 -0.4163
v 5.9174 4.7688 -0.7688
v 0.9169 2.6017 -0.7098
v 5.9174 4.4893 -0.5623
v 5.9174 4.5041 -0.4231
v 6.2978 4.9034 -0.2533
v 6.2811 4.8266 -0.1151
v 6.2009 4.4962 -0.1955
v 6.2760 4.8567 -0.7199
v 6.2759 4.9087 -0.6164
v 6.3004 4.9350 -0.4775
v 6.3070 4.9341 -0.3894
v 1.5146 3.5624 -0.3848
v 6.2631 4.7761 -0.8020
v 0.8720 2.3780 -0.7070
v 6.2443 4.4688 -0.5844
v 6.2159 4.4662 -0.3909
v 0.7063 4.8805 0.0301
v 0.8994 4.8531 0.0206
v 1.1408 4.8499 0.1097
v 1.3702 4.8107 0.1854
v 1.6077 4.7771 0.1893
v 1.9321 4.7313 0.1365
v 2.2560 4.6778 0.1036
v 2.4709 4.7046 0.0809
v 2.7132 4.7123 0.0700
v 2.9616 4.7094 0.0675
v 3.2629 4.6730 0.0469
v 3.4466 4.6194 0.0136
v 3.6400 4.6024 -0.0232
v 5.9174 4.6779 -0.1916
v 6.2282 4.6418 -0.0702
v 5.6606 4.6651 -0.1947
v 1.1282 4.2290 -1.1593
v 0.9047 4.2653 -1.2419
v 0.6678 4.2486 -1.2548
v 0.4216 4.2187 -1.2216
v 0.8682 2.1007 -0.7195
v 1.3520 3.5192 -0.8206
v 1.4239 3.6771 -0.8531
v 1.1188 3.0218 -0.7431
v 1.3571 4.1325 -1.0404
v 0.9873 2.7734 -0.7180
v 0.9038 1.7899 -0.7537
v 0.9813 1.4845 -0.8037
v 1.5985 4.0676 -0.9425
v 1.5313 3.9634 -0.9228
v 1.4874 3.8435 -0.8996
v 1.2053 3.2451 -0.7668
v 0.4284 4.4086 -1.2369
v 0.7179 4.4589 -1.2704
v 0.9444 4.4636 -1.2298
v 1.1790 4.4320 -1.1634
v 1.4036 4.3611 -1.1092
v 1.4027 -3.8968 -0.6513
v 1.4187 -4.0114 -0.7000
v 1.4695 -4.1580 -0.7361
v 2.1675 4.3718 -0.8775
v 2.3669 4.3773 -0.8365
v 2.5761 4.4086 -0.8265
v 1.8829 4.2852 -0.9642
v 2.8343 4.4580 -0.8231
v 3.1191 4.4633 -0.8413
v 3.3019 4.4774 -0.8398
v 3.4465 4.5010 -0.8309
v 3.7073 4.5154 -0.7501
v 3.8593 4.5203 -0.7446
v 3.9596 4.5160 -0.7514
v 4.2796 4.5185 -0.7322
v 4.6030 4.5195 -0.7679
v 4.9622 4.5336 -0.7543
v 5.3271 4.5619 -0.7456
v 5.6308 4.5908 -0.7394
v 5.9174 4.6106 -0.7373
v 6.2722 4.5885 -0.7734
v 1.4776 -4.5740 -0.9090
v 5.0226 4.6330 -0.1662
v 5.3530 4.6532 -0.1847
v 4.6918 4.6176 -0.1307
v 4.3887 4.6098 -0.0996
v 4.1692 4.5938 -0.0998
v 3.9566 4.5925 -0.0873
v 3.8326 4.5979 -0.0629
v 1.5517 3.6824 -0.1830
v 1.0240 3.6816 -1.0753
v 0.7806 3.7034 -1.1538
v 0.5609 3.7017 -1.1611
v 0.3607 3.6947 -1.1418
v 1.5573 3.7038 -0.6038
v 1.5650 3.6797 -0.3802
v 1.2159 3.6755 -0.9615
v 1.3527 3.1455 -0.0108
v 0.7764 3.0305 -0.9313
v 0.5778 3.0325 -0.9543
v 0.4150 3.0250 -0.9503
v 0.2709 3.0178 -0.9410
v 1.2462 3.0624 -0.5168
v 1.3419 3.1245 -0.2760
v 0.9519 3.0219 -0.8715
v 1.2886 2.9130 0.0082
v 0.6722 2.7630 -0.8633
v 0.5102 2.7482 -0.8821
v 0.3659 2.7296 -0.8758
v 0.2382 2.7153 -0.8627
v 1.1471 2.7963 -0.5542
v 1.2518 2.8564 -0.2922
v 0.8338 2.7697 -0.8096
v 1.2702 2.7466 -0.0104
v 0.6293 2.5687 -0.8370
v 0.4867 2.5481 -0.8519
v 0.3536 2.5292 -0.8480
v 0.2304 2.5151 -0.8372
v 1.0642 2.6299 -0.5760
v 1.2006 2.6876 -0.3714
v 0.7746 2.5870 -0.7920
v 1.2198 2.5240 0.0042
v 0.6018 2.3349 -0.8219
v 0.4703 2.3110 -0.8351
v 0.3452 2.2901 -0.8332
v 0.2262 2.2740 -0.8257
v 1.0121 2.4111 -0.5794
v 1.1350 2.4814 -0.3967
v 0.7371 2.3570 -0.7822
v 1.1939 2.2119 0.0024
v 0.5901 2.0614 -0.8208
v 0.4604 2.0384 -0.8322
v 0.3383 2.0218 -0.8303
v 0.2206 2.0076 -0.8229
v 1.0097 2.1327 -0.5980
v 1.1194 2.1867 -0.4111
v 0.7247 2.0844 -0.7883
v 1.2191 1.9072 -0.0129
v 0.4717 1.8358 0.7839
v 1.1911 1.8924 -0.4132
v 0.7514 1.7501 -0.8023
v 0.3099 1.8539 0.8333
v 1.4764 3.6925 0.0781
v 1.2533 3.1460 0.2491
v 1.2074 2.7468 0.3057
v 1.2100 2.9271 0.2909
v 0.7231 2.7775 0.8054
v 0.8950 2.7783 0.6992
v 1.0573 1.8495 0.4051
v 0.2914 2.2196 0.8704
v 0.6950 2.5573 0.8214
v 0.8801 2.5717 0.6881
v 1.0440 2.2099 0.4398
v 0.4987 2.1908 0.8256
v 0.6849 2.2000 0.7796
v 0.8788 2.2294 0.6457
v 1.0575 2.5543 0.5095
v 0.5412 2.7910 0.8784
v 0.2365 2.5381 0.9298
v 0.6334 1.8085 0.7177
v 0.8741 1.8177 0.5854
v 1.0579 2.7632 0.5469
v 0.4985 2.5281 0.9042
v 0.2728 2.8490 0.9162
v 1.1759 2.5262 0.2565
v 1.1509 2.2075 0.2201
v 1.1671 1.8838 0.2029
v 1.0680 1.8287 -0.6473
v 1.2952 1.6390 -0.0231
v 1.3009 1.6602 -0.3732
v 0.4870 1.4597 0.8172
v 0.3288 1.4669 0.8782
v 1.1291 1.5076 0.4289
v 0.6866 1.4358 0.7041
v 0.9237 1.4600 0.5837
v 1.2384 1.5793 0.2277
v 0.2123 1.7138 -0.8312
v 0.6051 1.7203 -0.8236
v 0.4616 1.7135 -0.8371
v 0.3404 1.7135 -0.8405
v 1.1938 1.1785 0.4824
v 0.3296 1.0953 0.8880
v 0.5188 1.0960 0.8234
v 1.4120 1.3478 -0.3628
v 1.3984 1.3496 -0.0090
v 1.3152 1.2658 0.2873
v 0.9774 1.1247 0.6125
v 0.7447 1.0966 0.7173
v 1.1975 1.5707 -0.6297
v 1.2935 1.2612 -0.6582
v 0.6648 1.4161 -0.8949
v 0.5445 1.4093 -0.9067
v 0.4066 1.3978 -0.9170
v 0.2588 1.3811 -0.9309
v 0.7045 1.1151 -0.9651
v 0.5808 1.1104 -0.9825
v 0.4518 1.1057 -1.0103
v 0.2926 1.0897 -1.0498
v 0.7641 0.8613 -1.1124
v 0.6263 0.8677 -1.1304
v 0.4878 0.8717 -1.1529
v 0.3173 0.8765 -1.1735
v 0.8021 1.4361 -0.8696
v 0.8447 1.1339 -0.9390
v 0.7106 0.6656 -1.3145
v 0.6626 0.6771 -1.3397
v 0.5181 0.6739 -1.3433
v 0.3214 0.6711 -1.3458
v 1.4779 0.6717 -0.7706
v 1.0231 0.6532 -1.2413
v 0.8120 0.2783 -1.4704
v 0.6357 0.2857 -1.5111
v 0.4960 0.2887 -1.5293
v 0.3223 0.2799 -1.5297
v 1.5930 0.2880 -0.7635
v 1.0308 0.2717 -1.3727
v 0.7955 -0.1739 -1.5064
v 0.5850 -0.1575 -1.5368
v 0.4245 -0.1470 -1.5280
v 0.2589 -0.1758 -1.4875
v 1.7149 -0.1603 -0.7825
v 1.0646 -0.1770 -1.4066
v 0.7885 -0.6728 -1.3397
v 0.5601 -0.6439 -1.3437
v 0.3632 -0.5737 -1.3167
v 0.2125 -0.5202 -1.2978
v 1.7590 -0.6257 -0.7791
v 0.7655 -0.9945 -1.0859
v 0.5456 -0.9732 -1.0028
v 0.2856 -0.8372 -1.0477
v 0.1351 -0.7932 -1.0670
v 1.0764 -0.6769 -1.2709
v 1.6973 -0.9851 -0.7483
v 0.0776 -0.8434 -0.9087
v 1.0552 -1.0015 -1.0485
v 1.5877 0.6992 -0.3411
v 1.5540 0.6933 -0.0134
v 1.3960 0.6409 0.2868
v 1.6746 0.3370 -0.3229
v 1.6450 0.3048 0.0567
v 1.4526 0.2550 0.3456
v 1.7747 -0.1389 -0.2958
v 1.7073 -0.0973 0.1320
v 1.4971 -0.1228 0.4110
v 1.8459 -0.5512 -0.2588
v 1.7532 -0.4523 0.1608
v 1.5374 -0.4269 0.4295
v -1.6658 -0.7482 0.3716
v 0.7960 -0.8486 0.7622
v 1.1737 0.5477 0.5172
v 0.3802 0.3525 0.7130
v 0.5462 0.3815 0.6856
v 0.9920 0.4929 0.5924
v 0.7596 0.4308 0.6304
v 1.1672 0.1436 0.5424
v 0.4029 0.0061 0.6604
v 0.5790 0.0459 0.6384
v 0.9715 0.1005 0.5932
v 0.7826 0.0474 0.6041
v 1.2262 -0.1566 0.5725
v 0.3425 -0.3843 0.5070
v 0.4977 -0.3603 0.5837
v 0.9814 -0.2045 0.6372
v 0.7423 -0.2794 0.6456
v 0.2509 -0.5623 0.4078
v 1.2611 -0.4445 0.6169
v 0.4512 -0.7104 0.6463
v 1.0305 -0.5046 0.7075
v 0.7484 -0.5806 0.7134
v 0.9980 0.7988 0.6157
v 0.7666 0.7512 0.6940
v 0.3502 0.6861 0.8051
v 1.1981 0.8445 0.4935
v 0.5389 0.7140 0.7680
v 0.1326 -0.7296 0.2425
v 0.0861 -0.8135 0.0491
v 0.0642 -0.8852 -0.4672
v 0.0520 -0.8271 -0.7340
v 0.9287 0.8566 -1.0706
v 1.3607 0.9106 -0.7088
v 1.5054 0.9499 -0.3909
v 1.3606 0.9055 0.2975
v 1.4967 0.9663 -0.0178
v 1.0745 -0.7833 0.7609
v 0.4750 -0.9425 0.7061
v 1.2981 -0.7367 0.6560
v 1.5533 -0.7283 0.4503
v 0.2278 -0.8339 0.4739
v 0.1131 -0.9480 0.2007
v 0.0473 -1.0635 -0.3384
v 0.1285 -1.0344 -0.5657
v 0.2354 -1.0074 0.5009
v 0.1137 -1.0482 0.2356
v 0.0490 -1.1774 -0.3010
v 0.1357 -1.1820 -0.5313
v 0.2273 -0.9537 -0.7731
v 0.2686 -1.0895 -0.6905
v 0.7931 -1.3945 -0.8678
v 0.5650 -1.4723 -0.7887
v 0.8360 -1.1354 0.7961
v 1.6486 -1.2805 -0.6825
v 1.0706 -1.3333 -0.8982
v 1.1119 -1.0815 0.7856
v 0.5161 -1.2327 0.7173
v 1.3153 -1.0540 0.6843
v 1.5440 -1.0468 0.4622
v 0.2589 -1.3289 0.4810
v 0.1239 -1.4430 0.2103
v 0.1022 -1.5514 -0.3005
v 0.1855 -1.5542 -0.4943
v 0.3499 -1.5262 -0.6667
v 0.8135 -1.6610 -0.8313
v 0.5785 -1.7817 -0.7618
v 0.8571 -1.3794 0.8126
v 1.6071 -1.5352 -0.6317
v 1.0957 -1.6027 -0.8438
v 1.1269 -1.3433 0.8126
v 0.5356 -1.5230 0.7264
v 1.3155 -1.3128 0.6977
v 1.5358 -1.3105 0.4718
v 0.2979 -1.6304 0.4796
v 0.1785 -1.7623 0.2130
v 0.1699 -1.8774 -0.2844
v 0.2511 -1.8818 -0.4776
v 0.4167 -1.8443 -0.6628
v 0.8282 -2.5127 -0.7695
v 0.6296 -2.6227 -0.6812
v 0.8819 -2.1726 0.7953
v 1.5185 -2.3156 -0.5654
v 1.0935 -2.4328 -0.7923
v 1.1443 -2.0838 0.7755
v 0.6247 -2.3199 0.7020
v 1.3296 -2.0424 0.6652
v 1.4774 -2.0520 0.4946
v 0.4251 -2.4727 0.5069
v 0.3232 -2.5885 0.2407
v 0.3167 -2.6828 -0.1980
v 0.3735 -2.6987 -0.3782
v 0.4701 -2.6853 -0.5483
v 0.8448 -2.8484 -0.7062
v 0.6575 -2.9547 -0.6306
v 0.8976 -2.4537 0.7454
v 1.4815 -2.6160 -0.5320
v 1.1035 -2.7585 -0.7353
v 1.6264 -2.5182 -0.2661
v 1.5983 -2.3853 0.1595
v 1.1409 -2.3622 0.7335
v 0.6650 -2.6029 0.6684
v 1.3179 -2.3288 0.6384
v 1.4658 -2.3289 0.4654
v 0.4775 -2.7564 0.4834
v 0.3898 -2.8596 0.2402
v 0.3767 -2.9695 -0.1633
v 0.4161 -3.0067 -0.3772
v 0.5315 -3.0090 -0.5420
v 0.9264 -3.4186 -0.6714
v 0.7027 -3.3521 -0.6142
v 0.8912 -2.9999 0.6272
v 1.4389 -3.1433 -0.4398
v 1.1443 -3.3960 -0.6598
v 1.5431 -3.0439 -0.2268
v 1.5124 -2.9378 0.0909
v 1.0969 -2.9455 0.6220
v 0.6920 -3.1466 0.5390
v 1.2718 -2.9508 0.5483
v 1.4165 -2.9670 0.3919
v 0.5653 -3.2714 0.3699
v 0.4874 -3.3751 0.2061
v 0.4504 -3.4314 -0.1479
v 0.4799 -3.4058 -0.3655
v 0.5706 -3.3789 -0.5266
v 0.9376 -3.5230 -0.6574
v 0.7260 -3.5278 -0.5817
v 0.8882 -3.4726 0.5668
v 1.5037 -3.5037 -0.3706
v 1.1797 -3.5142 -0.6251
v 1.5918 -3.4913 -0.1765
v 1.5353 -3.4744 0.0874
v 1.0904 -3.4472 0.5412
v 0.7178 -3.5136 0.4529
v 1.2240 -3.4508 0.4595
v 1.3606 -3.4515 0.3180
v 0.6236 -3.5411 0.2882
v 0.5310 -3.5589 0.1407
v 0.4775 -3.5563 -0.1679
v 0.4891 -3.5501 -0.3568
v 0.5686 -3.5390 -0.5020
v 0.9182 -3.7714 -0.6419
v 0.7314 -3.7866 -0.5808
v 0.9041 -3.7391 0.5032
v 1.5431 -3.7399 -0.4184
v 1.1635 -3.7498 -0.6366
v 1.6095 -3.7207 -0.2059
v 1.5498 -3.7153 0.0680
v 1.0954 -3.7146 0.4868
v 0.7548 -3.7694 0.3692
v 1.2278 -3.7017 0.4156
v 1.3729 -3.7059 0.2804
v 0.6841 -3.7941 0.2141
v 0.5983 -3.8131 0.0827
v 0.5282 -3.8138 -0.2057
v 0.5418 -3.8079 -0.3729
v 0.6077 -3.7991 -0.5000
v 0.8983 -3.9258 -0.6702
v 0.7317 -3.9562 -0.6063
v 0.9134 -4.0285 0.3506
v 1.5790 -3.9052 -0.4946
v 1.1192 -3.8936 -0.6818
v 1.6326 -3.8974 -0.2754
v 1.5497 -3.8920 0.0475
v 1.0807 -3.9925 0.3544
v 0.8209 -4.0543 0.1936
v 1.2265 -3.9569 0.3316
v 1.4177 -3.9171 0.2111
v 0.7411 -4.0609 0.1285
v 0.6695 -4.0735 0.0172
v 0.5914 -4.0712 -0.2456
v 0.5977 -4.0434 -0.3765
v 0.6398 -3.9933 -0.4993
v 0.9054 -4.0761 -0.7241
v 0.7335 -4.0676 -0.6381
v 0.9760 -4.2423 0.1870
v 1.6130 -4.0549 -0.5572
v 1.1225 -4.0155 -0.7569
v 1.6690 -4.0855 -0.3500
v 1.5637 -4.0616 0.0155
v 1.0964 -4.2053 0.2190
v 0.8669 -4.2920 0.1410
v 1.2163 -4.1701 0.2299
v 1.4158 -4.1076 0.1546
v 0.7581 -4.3210 0.0848
v 0.6913 -4.3667 -0.0290
v 0.6248 -4.3382 -0.2896
v 0.6289 -4.2910 -0.4152
v 0.6612 -4.1760 -0.5339
v 0.9291 -4.2655 -0.8007
v 0.7446 -4.3547 -0.7109
v 0.9941 -4.4565 0.1687
v 1.6631 -4.2351 -0.5854
v 1.1424 -4.2074 -0.8353
v 1.7181 -4.3049 -0.3622
v 1.6118 -4.2947 -0.0363
v 1.1083 -4.4149 0.1923
v 0.8856 -4.4998 0.1307
v 1.2234 -4.3815 0.1961
v 1.4207 -4.3080 0.1616
v 0.7700 -4.5412 0.0481
v 0.6977 -4.5612 -0.0514
v 0.6336 -4.5368 -0.3463
v 0.6517 -4.5044 -0.4747
v 0.6827 -4.4444 -0.5891
v 1.0004 -4.7030 -1.0026
v 0.7998 -4.7943 -0.8995
v 1.0058 -4.9102 0.1905
v 1.7148 -4.6211 -0.7058
v 1.2122 -4.6321 -1.0027
v 1.8074 -4.6601 -0.4158
v 1.7318 -4.7134 -0.0811
v 1.1316 -4.8730 0.2309
v 0.8547 -4.9362 0.1305
v 1.3233 -4.8123 0.2443
v 1.5773 -4.7517 0.1542
v 0.7599 -4.9592 0.0464
v 0.6444 -4.9911 -0.0759
v 0.5480 -4.9892 -0.4169
v 0.6095 -4.9428 -0.6335
v 0.7047 -4.8777 -0.7672
v 1.0284 -4.9917 -1.1032
v 0.8339 -5.0604 -1.0116
v 0.9964 -5.2098 0.1957
v 1.7179 -4.9437 -0.8280
v 1.2499 -4.9401 -1.1051
v 1.8579 -4.9647 -0.5338
v 1.8140 -4.9996 -0.1714
v 1.1516 -5.1687 0.2526
v 0.8533 -5.2151 0.1276
v 1.3856 -5.1185 0.2653
v 1.6596 -5.0536 0.1103
v 0.7427 -5.2506 0.0577
v 0.6115 -5.2708 -0.0810
v 0.5158 -5.2697 -0.4340
v 0.5951 -5.2218 -0.7047
v 0.7105 -5.1424 -0.8655
v 1.0810 -5.3375 -1.1610
v 0.8936 -5.3987 -1.0767
v 1.0309 -5.5767 0.2455
v 1.7209 -5.3329 -0.8658
v 1.2857 -5.3049 -1.1682
v 1.8658 -5.3559 -0.6032
v 1.8663 -5.3679 -0.2563
v 1.1787 -5.5456 0.2830
v 0.9013 -5.6045 0.1878
v 1.4287 -5.5044 0.2808
v 1.7332 -5.4398 0.0629
v 0.7514 -5.6110 0.0973
v 0.6313 -5.6253 -0.0302
v 0.5246 -5.6053 -0.4229
v 0.6154 -5.5487 -0.7498
v 0.7485 -5.4739 -0.9325
v 1.1173 -5.7736 -1.1721
v 0.9261 -5.8106 -1.0726
v 1.0623 -6.0084 0.2904
v 1.7449 -5.7797 -0.8856
v 1.3235 -5.7554 -1.1911
v 1.8991 -5.8102 -0.5848
v 1.8973 -5.8450 -0.2368
v 1.1996 -5.9904 0.3256
v 0.9592 -6.0296 0.2439
v 1.4715 -5.9564 0.3096
v 1.7805 -5.9068 0.0946
v 0.8363 -6.0261 0.1700
v 0.7180 -6.0269 0.0550
v 0.5735 -5.9912 -0.4016
v 0.6513 -5.9454 -0.7196
v 0.7893 -5.8799 -0.9386
v 1.1035 -6.2491 -1.1472
v 0.9150 -6.2527 -1.0648
v 1.0836 -6.4371 0.3280
v 1.7410 -6.3030 -0.8832
v 1.3244 -6.2841 -1.1502
v 1.8776 -6.3333 -0.5431
v 1.8839 -6.3589 -0.1908
v 1.2126 -6.4341 0.3482
v 0.9748 -6.4388 0.2858
v 1.4795 -6.3936 0.3144
v 1.7516 -6.3967 0.1648
v 0.8565 -6.4281 0.2200
v 0.7444 -6.4200 0.1119
v 0.5892 -6.3734 -0.3782
v 0.6509 -6.3307 -0.6835
v 0.7767 -6.2883 -0.9207
v 0.0316 -0.8542 -0.1555
v 0.0329 -1.0235 -0.0826
v 0.0449 -1.1179 -0.0328
v 0.0934 -1.5131 -0.0347
v 0.1478 -1.8362 -0.0460
v 0.2964 -2.6389 0.0025
v 0.3739 -2.9200 0.0160
v 0.4677 -3.4139 0.0415
v 0.4942 -3.5607 0.0025
v 0.5508 -3.8205 -0.0565
v 0.6160 -4.0812 -0.1154
v 0.6467 -4.3644 -0.1726
v 0.6520 -4.5533 -0.1884
v 0.5726 -4.9976 -0.2278
v 0.5427 -5.2809 -0.2247
v 0.5599 -5.6263 -0.1788
v 0.6095 -6.0099 -0.1314
v 0.6246 -6.4019 -0.1035
v 0.5972 -2.0389 0.7315
v 0.3837 -2.1881 0.5090
v 0.2759 -2.2985 0.2262
v 0.2434 -2.3574 -0.0182
v 0.2638 -2.3952 -0.2266
v 0.3298 -2.3946 -0.4127
v 0.4424 -2.3659 -0.5871
v 0.5892 -2.2898 -0.7094
v 0.7941 -2.1625 -0.8017
v 1.0754 -2.0925 -0.8138
v 1.5590 -2.0040 -0.5799
v 1.5013 -1.7695 0.5130
v 1.3188 -1.7755 0.7084
v 1.1338 -1.8077 0.8099
v 0.8651 -1.8872 0.8241
v 0.5776 4.9479 -0.0255
v 0.3868 4.8190 -1.1308
v 0.6291 4.9280 -1.0936
v 0.6886 5.1275 -0.4509
v 0.7148 5.1655 -0.5425
v 0.7988 5.2268 -0.7244
v 0.8310 5.1743 -0.9654
v 1.2008 2.9432 -0.5310
v 0.5414 2.9054 -0.9170
v 0.2530 2.8764 -0.8998
v 0.3875 2.8890 -0.9112
v 0.8945 2.9098 -0.8363
v 1.3227 3.0466 0.0072
v 0.6477 3.6253 1.0046
v 0.8997 3.6008 1.0110
v 0.7463 3.2283 1.0265
v 0.9301 3.1536 0.9839
v 0.7221 2.9122 -0.8923
v 1.3882 3.2422 -0.0590
v 1.3806 3.2310 -0.3145
v 1.1353 3.0516 0.5066
v 1.2425 3.4217 0.8218
v 1.1071 3.5379 0.9978
v 1.3030 3.2524 0.2035
v 1.3042 3.2829 0.5013
v 1.6033 4.2602 -1.0360
v 1.2952 3.1803 -0.5216
v 1.0029 3.1291 -0.8981
v 0.8294 3.1423 -0.9695
v 0.6175 3.1516 -0.9966
v 1.0728 3.0989 0.7900
v 1.2263 3.0431 0.2650
v 1.2966 3.0005 -0.2642
v 1.2867 3.5231 0.7516
v 1.1238 3.6405 0.9240
v 0.9166 3.6881 0.9576
v 0.6617 3.7175 0.9502
v 0.6087 3.4854 1.0510
v 0.8484 3.4172 1.0798
v 1.0638 3.3461 1.0675
v 1.1764 3.2800 0.8673
v 0.2464 4.7928 0.3244
v 0.2892 4.6143 0.4156
v 0.3358 4.2808 0.6089
v 0.3148 4.4533 0.5078
v 0.3408 4.0071 0.7513
v 0.1485 3.1483 0.9444
v 0.3432 4.1281 0.6820
v 0.1904 4.9350 0.2030
v 0.1632 1.8628 0.8582
v 0.1428 2.2437 0.8873
v 0.1237 2.8920 0.9059
v 0.1154 2.5502 0.9115
v 0.1890 1.4425 0.8893
v 0.2381 3.3215 1.0183
v 0.3210 3.6179 1.0017
v 0.1847 4.5783 -1.1492
v 0.3374 3.7478 0.9203
v 0.2928 3.4717 1.0462
v 0.1787 4.7883 -1.1054
v 0.1871 4.3841 -1.1682
v 0.1974 4.1972 -1.1737
v 0.1944 4.0192 -1.1633
v 0.1853 3.8474 -1.1441
v 0.1734 3.6865 -1.1197
v 0.1638 3.5417 -1.0909
v 0.1511 3.2788 -1.0184
v 0.1430 3.1477 -0.9768
v 0.1341 3.0127 -0.9340
v 0.1254 2.8686 -0.8918
v 0.1181 2.7067 -0.8530
v 0.1141 2.5069 -0.8279
v 0.1125 2.2644 -0.8188
v 0.1106 2.0019 -0.8138
v 0.1124 1.7140 -0.8192
v 0.1294 1.3675 -0.9420
v 0.1361 1.0711 -1.0742
v 0.1093 0.8832 -1.1717
v 0.0912 0.6665 -1.3492
v 0.1191 0.2564 -1.4892
v 0.1138 -0.2010 -1.4740
v 0.0965 -0.4943 -1.3091
v 0.0618 -0.7012 -1.1240
v 0.0409 -0.7892 -0.9489
v 0.0358 -0.8043 -0.7728
v 0.0259 -0.8651 -0.4941
v 0.0257 -0.8593 -0.2314
v 0.0482 -0.8138 0.0194
v 0.0664 -0.7762 0.2181
v 0.1376 -0.5991 0.3892
v 0.1786 -0.4157 0.5314
v 0.2281 -0.0432 0.6701
v 0.2130 0.3192 0.7318
v 0.1730 0.6648 0.8134
v 0.1768 1.0588 0.8945
v 1.4625 3.4497 -0.1632
v 1.4639 3.4481 -0.3743
v 1.4099 3.4248 -0.5704
v 1.0893 3.3503 -0.9317
v 0.9349 3.3828 -1.0319
v 0.7057 3.4063 -1.0968
v 0.4991 3.4097 -1.0909
v 0.3224 3.4088 -1.0718
v 0.6619 3.8087 0.8877
v 0.9260 3.7650 0.9035
v 1.1412 3.7087 0.8638
v 1.3144 3.6126 0.6964
v 1.3962 3.4696 0.1031
v 1.3677 3.4927 0.3969
v 1.2742 3.3698 -0.7881
v 0.3371 3.8684 0.8343
v 0.1581 3.4090 -1.0569
v 0.3480 5.0590 -1.0346
v 0.5442 5.1363 -1.0032
v 0.6617 5.2963 -0.6502
v 0.6980 5.2682 -0.8664
v 0.1639 5.0198 -1.0343
v 0.3031 5.3098 -0.9296
v 0.4809 5.3977 -0.8610
v 0.5218 5.4638 -0.5817
v 0.5296 5.4573 -0.7184
v 0.1414 5.2710 -0.9438
v 0.2619 5.5914 -0.8190
v 0.3896 5.6341 -0.7398
v 0.4547 5.6366 -0.5408
v 0.4221 5.6485 -0.6385
v 0.1277 5.5573 -0.8391
v 0.3383 5.0351 0.0244
v 0.5484 5.1333 -0.1991
v 0.4624 5.0623 -0.0723
v 0.1604 5.0777 0.0737
v 0.2986 5.2794 0.0101
v 0.4752 5.3226 -0.1869
v 0.4147 5.2707 -0.0902
v 0.1644 5.2737 0.0867
v 0.3051 5.4558 0.0218
v 0.4458 5.5249 -0.1716
v 0.4094 5.4845 -0.0869
v 0.1710 5.4288 0.1134
v 0.5744 5.1979 -0.2966
v 0.5793 5.2348 -0.4031
v 0.6114 5.2735 -0.5137
v 0.4953 5.3651 -0.2763
v 0.4953 5.4048 -0.3684
v 0.5098 5.4389 -0.4683
v 0.4669 5.5591 -0.2531
v 0.4576 5.5751 -0.3477
v 0.4709 5.6163 -0.4346
v -0.0011 3.5406 -1.0805
v -0.0025 4.5671 -1.1183
v -0.0017 4.0083 -1.1411
v -0.0015 3.8382 -1.1273
v -0.0010 3.2789 -1.0134
v 0.0000 3.1647 0.9476
v 0.0000 4.0361 0.6918
v -0.0005 4.1807 -1.1393
v -0.0001 4.3587 -1.1187
v -0.0010 3.6810 -1.1058
v 0.0001 2.7060 -0.8484
v 0.0000 1.8755 0.8737
v 0.0000 2.2554 0.8940
v 0.0000 2.5586 0.8955
v 0.0000 2.9101 0.8811
v 0.0000 1.4694 0.8594
v 0.0000 1.0581 0.8981
v 0.0000 3.3113 0.9997
v -0.0034 4.7757 -1.0895
v 0.0000 3.7523 0.8519
v -0.0011 3.4089 -1.0495
v 0.0000 3.9008 0.7618
v -0.0032 5.0047 -1.0277
v -0.0012 5.2584 -0.9411
v -0.0000 5.5352 -0.8503
v -0.0003 3.0118 -0.9307
v 0.0002 2.5074 -0.8227
v 0.0003 2.2646 -0.8142
v 0.0000 2.0008 -0.8093
v 0.0000 1.7121 -0.8137
v 0.0000 1.3557 -0.9455
v -0.0005 -0.7698 -0.9526
v -0.0002 0.3002 0.7226
v 0.0000 0.6653 0.7999
v -0.0004 -0.8297 0.0293
v -0.0032 -0.7792 -0.7425
v -0.0002 -0.8439 -0.2284
v -0.0007 3.1474 -0.9732
v -0.0001 2.8672 -0.8882
v 6.2046 4.4887 -0.2443
v 5.9174 4.5508 -0.3225
v 5.6058 4.5148 -0.3132
v 5.3208 4.4731 -0.3034
v 4.9970 4.4308 -0.2892
v 4.6669 4.3915 -0.2672
v 4.3454 4.3697 -0.2609
v 4.0955 4.3669 -0.2716
v 3.9089 4.3766 -0.2522
v 3.7778 4.3793 -0.2482
v 3.5710 4.3918 -0.2281
v 3.3875 4.4134 -0.1983
v 3.1648 4.4331 -0.1698
v 2.8804 4.4513 -0.1426
v 2.6153 4.4509 -0.1296
v 2.4020 4.4598 -0.1031
v 2.2187 4.4253 -0.0620
v 1.9098 4.1384 -0.1224
v 1.7015 3.9267 -0.1823
v 1.6185 3.7761 -0.2278
v 1.5544 3.6787 -0.2371
v 1.5072 3.5759 -0.2360
v 1.4629 3.4493 -0.2160
v 1.4217 3.3387 -0.1684
v 1.3863 3.2394 -0.1228
v 1.3500 3.1403 -0.0771
v 1.3162 3.0350 -0.0607
v 1.2794 2.8989 -0.0669
v 1.2552 2.7346 -0.0735
v 1.2092 2.5272 -0.0752
v 1.1862 2.2147 -0.1083
v 1.2266 1.9087 -0.1037
v 1.2985 1.6459 -0.1234
v 1.4018 1.3491 -0.0975
v 1.4989 0.9622 -0.1111
v 1.5623 0.6925 -0.1066
v 1.6524 0.3130 -0.0382
v 1.7241 -0.1077 0.0250
v 1.7764 -0.4771 0.0559
v 1.8823 -6.3525 -0.2788
v 1.8978 -5.8363 -0.3238
v 1.8662 -5.3649 -0.3430
v 1.8249 -4.9909 -0.2620
v 1.7503 -4.7001 -0.1648
v 1.6673 -4.2983 -0.1275
v 1.6174 -4.0694 -0.0744
v 1.5883 -3.8882 -0.0419
v 1.5743 -3.7151 -0.0133
v 1.5494 -3.4795 0.0214
v 1.5201 -2.9554 0.0115
v 1.6053 -2.4185 0.0531
v -6.2046 4.4887 -0.2443
v -5.9174 4.5508 -0.3225
v -5.6058 4.5148 -0.3132
v -5.3208 4.4731 -0.3034
v -4.9970 4.4308 -0.2892
v -4.6669 4.3915 -0.2672
v -4.3454 4.3697 -0.2609
v -4.0955 4.3669 -0.2716
v -3.9089 4.3766 -0.2522
v -3.7778 4.3793 -0.2482
v -3.5710 4.3918 -0.2281
v -3.3875 4.4134 -0.1983
v -3.1648 4.4331 -0.1698
v -2.8804 4.4513 -0.1426
v -2.6153 4.4509 -0.1296
v -2.4020 4.4598 -0.1031
v -2.2187 4.4253 -0.0620
v -1.9098 4.1384 -0.1224
v -1.7015 3.9267 -0.1823
v -1.6185 3.7761 -0.2278
v -1.5544 3.6787 -0.2371
v -1.5072 3.5759 -0.2360
v -1.4629 3.4493 -0.2160
v -1.4217 3.3387 -0.1684
v -1.3863 3.2394 -0.1228
v -1.3500 3.1403 -0.0771
v -1.3162 3.0350 -0.0607
v -1.2794 2.8989 -0.0669
v -1.2552 2.7346 -0.0735
v -1.2032 2.5213 -0.1638
v -1.1802 2.2081 -0.1973
v -1.2203 1.9023 -0.1912
v -1.2984 1.6459 -0.1234
v -1.4018 1.3491 -0.0975
v -1.4989 0.9622 -0.1111
v -1.5623 0.6925 -0.1066
v -1.6524 0.3130 -0.0382
v -1.7241 -0.1077 0.0250
v -1.7764 -0.4771 0.0559
v -1.8823 -6.3525 -0.2788
v -1.8978 -5.8363 -0.3238
v -1.8662 -5.3649 -0.3430
v -1.8249 -4.9909 -0.2620
v -1.7503 -4.7001 -0.1648
v -1.6671 -4.2987 -0.1273
v -1.6361 -4.0732 -0.1221
v -1.6022 -3.8941 -0.0758
v -1.5741 -3.7152 -0.0134
v -1.5494 -3.4795 0.0214
v -1.5201 -2.9554 0.0115
v -1.6053 -2.4185 0.0531
v 1.6658 -0.7482 0.3716
v 1.8962 -0.8733 -0.2483
v 1.8089 -0.8050 0.0768
v 1.7982 -1.0974 0.0845
v 1.6645 -0.9140 0.3829
v 1.8759 -1.1618 -0.2673
v 1.8515 -1.4365 -0.2475
v 1.7823 -1.3646 0.0953
v 1.7593 -1.3406 0.2096
v 1.7364 -1.8119 0.2123
v 1.6843 -2.1085 0.1994
v 1.7227 -2.2291 -0.2261
v 1.7798 -1.9142 -0.2121
v 1.6939 -2.1386 0.0931
v 1.7472 -1.8375 0.1062
v -1.8962 -0.8733 -0.2483
v -1.8089 -0.8050 0.0768
v -1.7982 -1.0974 0.0845
v -1.6645 -0.9140 0.3829
v -1.8759 -1.1618 -0.2673
v -1.8515 -1.4365 -0.2475
v -1.7823 -1.3646 0.0953
v -1.7593 -1.3406 0.2096
v -1.7364 -1.8119 0.2123
v -1.6843 -2.1085 0.1994
v -1.7227 -2.2291 -0.2261
v -1.7798 -1.9142 -0.2121
v -1.6939 -2.1386 0.0931
v -1.7472 -1.8375 0.1062
v -1.8952 -0.5723 -0.2513
v -1.8790 -0.5544 -0.2539
v -1.6815 -0.5660 0.3641
v -1.7863 -0.4555 0.1657
v -1.8095 -0.4803 0.0608
v -1.8248 -0.4980 0.0639
v -1.5938 -1.3166 0.4656
v -1.5690 -1.3137 0.4767
v -1.5771 -1.0501 0.4672
v -1.6336 -0.9100 0.4262
v -1.6420 -0.7153 0.4207
v -1.5864 -0.7316 0.4552
v -1.6310 -0.5614 0.4080
v -1.5704 -0.4301 0.4345
v -1.8081 -0.6442 -0.7548
v -1.7921 -0.6289 -0.7742
v -1.7305 -0.9883 -0.7433
v -1.7512 -0.9863 -0.7258
v -1.7042 -1.2809 -0.6607
v -1.6818 -1.2837 -0.6776
v -1.6403 -1.5384 -0.6268
v -1.6636 -1.5361 -0.6103
v -1.6151 -2.0050 -0.5583
v -1.5922 -2.0072 -0.5750
v -1.5517 -2.3189 -0.5604
v -1.5745 -2.3165 -0.5436
v -1.5402 -2.5999 -0.5124
v -1.5145 -2.6192 -0.5270
v 1.5402 -2.5999 -0.5124
v 1.5145 -2.6192 -0.5270
v 1.5517 -2.3189 -0.5604
v 1.5745 -2.3165 -0.5436
v 1.5922 -2.0072 -0.5750
v 1.6151 -2.0050 -0.5583
v 1.6636 -1.5361 -0.6103
v 1.6403 -1.5384 -0.6268
v 1.6818 -1.2837 -0.6776
v 1.7042 -1.2809 -0.6607
v 1.7512 -0.9863 -0.7258
v 1.7305 -0.9883 -0.7433
v 1.8081 -0.6442 -0.7548
v 1.7921 -0.6289 -0.7742
v 1.6310 -0.5614 0.4080
v 1.5704 -0.4301 0.4345
v 1.5864 -0.7316 0.4552
v 1.6420 -0.7153 0.4207
v 1.6336 -0.9100 0.4262
v 1.5771 -1.0501 0.4672
v 1.5690 -1.3137 0.4767
v 1.5938 -1.3166 0.4656
v 1.8248 -0.4980 0.0639
v 1.8095 -0.4803 0.0608
v 1.7863 -0.4555 0.1657
v 1.6815 -0.5660 0.3641
v 1.8790 -0.5544 -0.2539
v 1.8952 -0.5723 -0.2513
v 1.5341 -2.0593 0.4877
v 1.5106 -2.0553 0.4996
v 1.5221 -2.3192 0.4598
v 1.4989 -2.3321 0.4704
v 1.5588 -1.7759 0.5066
v 1.5345 -1.7727 0.5179
v 1.6314 -2.3885 0.1645
v 1.6497 -2.3731 0.1688
v 1.6783 -2.5060 -0.2569
v 1.6594 -2.5214 -0.2612
v 1.6384 -2.4217 0.0581
v 1.6569 -2.4062 0.0624
v -1.5341 -2.0593 0.4877
v -1.5106 -2.0553 0.4996
v -1.5221 -2.3192 0.4598
v -1.4989 -2.3321 0.4704
v -1.5345 -1.7727 0.5179
v -1.5588 -1.7759 0.5066
v -1.6497 -2.3731 0.1688
v -1.6314 -2.3885 0.1645
v -1.6594 -2.5214 -0.2612
v -1.6783 -2.5060 -0.2569
v -1.6569 -2.4062 0.0624
v -1.6384 -2.4217 0.0581
v 1.0320 -3.3944 -0.7426
v 1.0258 -3.3265 -0.7842
v 0.9923 -2.9524 -0.7013
v 0.9975 -3.0113 -0.7548
v 1.1595 -3.3746 -0.7300
v 1.1627 -3.3052 -0.7708
v 1.1199 -2.9325 -0.6888
v 1.1345 -2.9900 -0.7413
v 1.2825 -3.3579 -0.6925
v 1.2947 -3.2872 -0.7304
v 1.2429 -2.9158 -0.6512
v 1.2664 -2.9720 -0.7010
v 1.3962 -3.3450 -0.6313
v 1.4166 -3.2734 -0.6648
v 1.3566 -2.9029 -0.5900
v 1.3883 -2.9582 -0.6353
v 1.4961 -3.3364 -0.5487
v 1.5238 -3.2642 -0.5763
v 1.4565 -2.8943 -0.5075
v 1.4955 -2.9490 -0.5469
v 1.5786 -3.3325 -0.4481
v 1.6121 -3.2600 -0.4684
v 1.5389 -2.8904 -0.4068
v 1.5838 -2.9449 -0.4390
v 1.6403 -3.3334 -0.3331
v 1.6782 -3.2610 -0.3453
v 1.6006 -2.8913 -0.2918
v 1.6499 -2.9458 -0.3159
v 1.6788 -3.3390 -0.2083
v 1.7195 -3.2670 -0.2116
v 1.6392 -2.8969 -0.1670
v 1.6912 -2.9519 -0.1822
v 1.6928 -3.3492 -0.0784
v 1.7344 -3.2779 -0.0726
v 1.6531 -2.9071 -0.0371
v 1.7061 -2.9628 -0.0431
v 1.6815 -3.3636 0.0516
v 1.7224 -3.2933 0.0666
v 1.6419 -2.9215 0.0928
v 1.6941 -2.9782 0.0960
v 1.6456 -3.3816 0.1765
v 1.6839 -3.3126 0.2004
v 1.6059 -2.9395 0.2178
v 1.6556 -2.9974 0.2298
v 1.5863 -3.4025 0.2917
v 1.6203 -3.3350 0.3238
v 1.5466 -2.9604 0.3330
v 1.5921 -3.0198 0.3532
v 1.5060 -3.4255 0.3927
v 1.5343 -3.3596 0.4320
v 1.4663 -2.9834 0.4340
v 1.5060 -3.0444 0.4614
v 1.4077 -3.4497 0.4756
v 1.4289 -3.3856 0.5209
v 1.3681 -3.0076 0.5169
v 1.4007 -3.0704 0.5503
v 1.2953 -3.4742 0.5372
v 1.3084 -3.4119 0.5870
v 1.2557 -3.0321 0.5785
v 1.2801 -3.0967 0.6164
v 1.1731 -3.4980 0.5753
v 1.1773 -3.4375 0.6278
v 1.1335 -3.0560 0.6166
v 1.1490 -3.1223 0.6572
v 1.0458 -3.5203 0.5883
v 1.0406 -3.4614 0.6418
v 1.0062 -3.0783 0.6296
v 1.0124 -3.1462 0.6712
v 0.9182 -3.5402 0.5758
v 0.9037 -3.4827 0.6283
v 0.8786 -3.0981 0.6171
v 0.8754 -3.1675 0.6578
v 0.7952 -3.5569 0.5382
v 0.7717 -3.5006 0.5880
v 0.7556 -3.1148 0.5795
v 0.7435 -3.1854 0.6175
v 0.6816 -3.5698 0.4770
v 0.6498 -3.5145 0.5224
v 0.6420 -3.1277 0.5183
v 0.6216 -3.1993 0.5518
v 0.5816 -3.5784 0.3945
v 0.5426 -3.5236 0.4339
v 0.5420 -3.1363 0.4358
v 0.5144 -3.2085 0.4633
v 0.4992 -3.5823 0.2938
v 0.4543 -3.5278 0.3260
v 0.4596 -3.1402 0.3351
v 0.4260 -3.2127 0.3555
v 0.4375 -3.5814 0.1789
v 0.3882 -3.5269 0.2029
v 0.3979 -3.1393 0.2201
v 0.3600 -3.2117 0.2323
v 0.3989 -3.5757 0.0540
v 0.3469 -3.5208 0.0692
v 0.3593 -3.1337 0.0953
v 0.3187 -3.2057 0.0986
v 0.3850 -3.5655 -0.0759
v 0.3320 -3.5099 -0.0699
v 0.3454 -3.1235 -0.0346
v 0.3038 -3.1948 -0.0404
v 0.3962 -3.5512 -0.2058
v 0.3440 -3.4945 -0.2090
v 0.3566 -3.1091 -0.1645
v 0.3158 -3.1794 -0.1795
v 0.4322 -3.5332 -0.3308
v 0.3825 -3.4753 -0.3428
v 0.3926 -3.0911 -0.2895
v 0.3543 -3.1601 -0.3134
v 0.4915 -3.5123 -0.4460
v 0.4460 -3.4529 -0.4662
v 0.4519 -3.0702 -0.4047
v 0.4178 -3.1377 -0.4368
v 0.5718 -3.4893 -0.5470
v 0.5321 -3.4283 -0.5744
v 0.5322 -3.0472 -0.5057
v 0.5039 -3.1131 -0.5450
v 0.6701 -3.4651 -0.6299
v 0.6375 -3.4023 -0.6633
v 0.6304 -3.0230 -0.5886
v 0.6092 -3.0871 -0.6338
v 0.7824 -3.4406 -0.6915
v 0.7580 -3.3760 -0.7294
v 0.7428 -2.9985 -0.6502
v 0.7297 -3.0608 -0.7000
v 0.9046 -3.4167 -0.7296
v 0.8891 -3.3504 -0.7702
v 0.8650 -2.9746 -0.6883
v 0.8609 -3.0352 -0.7408
v -1.0320 -3.3944 -0.7426
v -1.0258 -3.3265 -0.7842
v -0.9923 -2.9524 -0.7013
v -0.9975 -3.0113 -0.7548
v -1.1595 -3.3746 -0.7300
v -1.1627 -3.3052 -0.7708
v -1.1199 -2.9325 -0.6888
v -1.1345 -2.9900 -0.7413
v -1.2825 -3.3579 -0.6925
v -1.2947 -3.2872 -0.7304
v -1.2429 -2.9158 -0.6512
v -1.2664 -2.9720 -0.7010
v -1.3962 -3.3450 -0.6313
v -1.4166 -3.2734 -0.6648
v -1.3566 -2.9029 -0.5900
v -1.3883 -2.9582 -0.6353
v -1.4961 -3.3364 -0.5487
v -1.5238 -3.2642 -0.5763
v -1.4565 -2.8943 -0.5075
v -1.4955 -2.9490 -0.5469
v -1.5786 -3.3325 -0.4481
v -1.6121 -3.2600 -0.4684
v -1.5389 -2.8904 -0.4068
v -1.5838 -2.9449 -0.4390
v -1.6403 -3.3334 -0.3331
v -1.6782 -3.2610 -0.3453
v -1.6006 -2.8913 -0.2918
v -1.6499 -2.9458 -0.3159
v -1.6788 -3.3390 -0.2083
v -1.7195 -3.2670 -0.2116
v -1.6392 -2.8969 -0.1670
v -1.6912 -2.9519 -0.1822
v -1.6928 -3.3492 -0.0784
v -1.7344 -3.2779 -0.0726
v -1.6531 -2.9071 -0.0371
v -1.7061 -2.9628 -0.0431
v -1.6815 -3.3636 0.0516
v -1.7224 -3.2933 0.0666
v -1.6419 -2.9215 0.0928
v -1.6941 -2.9782 0.0960
v -1.6456 -3.3816 0.1765
v -1.6839 -3.3126 0.2004
v -1.6059 -2.9395 0.2178
v -1.6556 -2.9974 0.2298
v -1.5863 -3.4025 0.2917
v -1.6203 -3.3350 0.3238
v -1.5466 -2.9604 0.3330
v -1.5921 -3.0198 0.3532
v -1.5060 -3.4255 0.3927
v -1.5343 -3.3596 0.4320
v -1.4663 -2.9834 0.4340
v -1.5060 -3.0444 0.4614
v -1.4077 -3.4497 0.4756
v -1.4289 -3.3856 0.5209
v -1.3681 -3.0076 0.5169
v -1.4007 -3.0704 0.5503
v -1.2953 -3.4742 0.5372
v -1.3084 -3.4119 0.5870
v -1.2557 -3.0321 0.5785
v -1.2801 -3.0967 0.6164
v -1.1731 -3.4980 0.5753
v -1.1773 -3.4375 0.6278
v -1.1335 -3.0560 0.6166
v -1.1490 -3.1223 0.6572
v -1.0458 -3.5203 0.5883
v -1.0406 -3.4614 0.6418
v -1.0062 -3.0783 0.6296
v -1.0124 -3.1462 0.6712
v -0.9182 -3.5402 0.5758
v -0.9037 -3.4827 0.6283
v -0.8786 -3.0981 0.6171
v -0.8754 -3.1675 0.6578
v -0.7952 -3.5569 0.5382
v -0.7717 -3.5006 0.5880
v -0.7556 -3.1148 0.5795
v -0.7435 -3.1854 0.6175
v -0.6816 -3.5698 0.4770
v -0.6498 -3.5145 0.5224
v -0.6420 -3.1277 0.5183
v -0.6216 -3.1993 0.5518
v -0.5816 -3.5784 0.3945
v -0.5426 -3.5236 0.4339
v -0.5420 -3.1363 0.4358
v -0.5144 -3.2085 0.4633
v -0.4992 -3.5823 0.2938
v -0.4543 -3.5278 0.3260
v -0.4596 -3.1402 0.3351
v -0.4260 -3.2127 0.3555
v -0.4375 -3.5814 0.1789
v -0.3882 -3.5269 0.2029
v -0.3979 -3.1393 0.2201
v -0.3600 -3.2117 0.2323
v -0.3989 -3.5757 0.0540
v -0.3469 -3.5208 0.0692
v -0.3593 -3.1337 0.0953
v -0.3187 -3.2057 0.0986
v -0.3850 -3.5655 -0.0759
v -0.3320 -3.5099 -0.0699
v -0.3454 -3.1235 -0.0346
v -0.3038 -3.1948 -0.0404
v -0.3962 -3.5512 -0.2058
v -0.3440 -3.4945 -0.2090
v -0.3566 -3.1091 -0.1645
v -0.3158 -3.1794 -0.1795
v -0.4322 -3.5332 -0.3308
v -0.3825 -3.4753 -0.3428
v -0.3926 -3.0911 -0.2895
v -0.3543 -3.1601 -0.3134
v -0.4915 -3.5123 -0.4460
v -0.4460 -3.4529 -0.4662
v -0.4519 -3.0702 -0.4047
v -0.4178 -3.1377 -0.4368
v -0.5718 -3.4893 -0.5470
v -0.5321 -3.4283 -0.5744
v -0.5322 -3.0472 -0.5057
v -0.5039 -3.1131 -0.5450
v -0.6701 -3.4651 -0.6299
v -0.6375 -3.4023 -0.6633
v -0.6304 -3.0230 -0.5886
v -0.6092 -3.0871 -0.6338
v -0.7824 -3.4406 -0.6915
v -0.7580 -3.3760 -0.7294
v -0.7428 -2.9985 -0.6502
v -0.7297 -3.0608 -0.7000
v -0.9046 -3.4167 -0.7296
v -0.8891 -3.3504 -0.7702
v -0.8650 -2.9746 -0.6883
v -0.8609 -3.0352 -0.7408
v -1.5996 -6.2919 -1.1042
v -1.7686 -6.3121 -0.9102
v -1.7728 -5.7614 -0.9128
v -1.6031 -5.7298 -1.1676
v -0.8166 -6.0207 0.1981
v -0.6921 -6.0215 0.0770
v -1.4851 -5.9474 0.3450
v -1.1989 -5.9831 0.3618
v -0.5779 -6.0037 -0.1191
v -1.0544 -6.0021 0.3248
v -0.9460 -6.0244 0.2758
v -1.8102 -5.8952 0.1187
v -0.7671 -5.8669 -0.9685
v -0.9111 -5.7940 -1.1096
v -1.1123 -5.7550 -1.2143
v -1.3292 -5.7358 -1.2343
v -1.7798 -6.4107 0.1927
v -1.4935 -6.4074 0.3500
v -0.7538 -6.2966 -0.9497
v -0.8994 -6.2592 -1.1013
v -1.0978 -6.2554 -1.1881
v -1.3303 -6.2923 -1.1912
v -1.2125 -6.4501 0.3856
v -1.0769 -6.4532 0.3644
v -0.8378 -6.4437 0.2507
v -0.7199 -6.4353 0.1370
v -0.5938 -6.4162 -0.0897
v -0.9624 -6.4550 0.3199
v -0.6215 -6.3412 -0.7001
v -0.5565 -6.3862 -0.3788
v -0.6219 -5.9358 -0.7381
v -0.5400 -5.9840 -0.4034
v -1.9350 -5.7936 -0.5962
v -1.9124 -6.3440 -0.5523
v -1.9173 -6.3643 -0.2742
v -1.9190 -6.3710 -0.1816
v -1.9332 -5.8301 -0.2300
v -1.9336 -5.8210 -0.3215
v 1.7686 -6.3121 -0.9102
v 1.5996 -6.2919 -1.1042
v 1.7728 -5.7614 -0.9128
v 1.6031 -5.7298 -1.1676
v 0.8166 -6.0207 0.1981
v 0.6921 -6.0215 0.0770
v 1.4851 -5.9474 0.3450
v 1.1989 -5.9831 0.3618
v 0.5779 -6.0037 -0.1191
v 1.0544 -6.0021 0.3248
v 0.9460 -6.0244 0.2758
v 1.8102 -5.8952 0.1187
v 0.7671 -5.8669 -0.9685
v 0.9111 -5.7940 -1.1096
v 1.1123 -5.7550 -1.2143
v 1.3292 -5.7358 -1.2343
v 1.7798 -6.4107 0.1927
v 1.4935 -6.4074 0.3500
v 0.7538 -6.2966 -0.9497
v 0.8994 -6.2592 -1.1013
v 1.0978 -6.2554 -1.1881
v 1.3303 -6.2923 -1.1912
v 1.0769 -6.4532 0.3644
v 1.2125 -6.4501 0.3856
v 0.7199 -6.4353 0.1370
v 0.8378 -6.4437 0.2507
v 0.5938 -6.4162 -0.0897
v 0.9624 -6.4550 0.3199
v 0.6215 -6.3412 -0.7001
v 0.5565 -6.3862 -0.3788
v 0.6219 -5.9358 -0.7381
v 0.5400 -5.9840 -0.4034
v 1.9350 -5.7936 -0.5962
v 1.9124 -6.3440 -0.5523
v 1.9173 -6.3643 -0.2742
v 1.9190 -6.3710 -0.1816
v 1.9332 -5.8301 -0.2300
v 1.9336 -5.8210 -0.3215
v 0.7370 2.4287 0.8688
v 0.5287 2.4287 0.9581
v 1.1214 2.4287 0.5415
v 0.9334 2.4287 0.7285
v 0.1224 2.2643 0.9677
v 0.2509 2.4287 0.9872
v 1.2471 2.4287 0.2729
v 0.3660 2.4287 -0.8833
v 0.4987 2.4287 -0.8850
v 1.0741 2.4287 -0.6132
v 0.9267 2.4287 -0.7492
v 0.6391 2.4287 -0.8700
v 0.7813 2.4287 -0.8292
v 1.2039 2.4287 -0.4197
v 1.2761 2.4287 -0.1726
v 1.2936 2.4287 0.0050
v 0.2396 2.4287 -0.8751
v 0.1190 2.4287 -0.8676
v -0.1224 2.2643 0.9677
v 0.0000 2.2643 0.9507
v -1.0741 2.4287 -0.6132
v -1.2039 2.4287 -0.4197
v -1.2936 2.4287 0.0050
v -1.2471 2.4287 0.2729
v -0.1190 2.4287 -0.8676
v -0.2396 2.4287 -0.8751
v -0.2509 2.4287 0.9872
v -0.3660 2.4287 -0.8833
v -1.2761 2.4287 -0.1726
v -0.6391 2.4287 -0.8700
v -0.7813 2.4287 -0.8292
v -0.9267 2.4287 -0.7492
v -0.4987 2.4287 -0.8850
v -1.1214 2.4287 0.5415
v -0.9334 2.4287 0.7285
v -0.0003 2.4287 -0.8624
v -0.7370 2.4287 0.8688
v -0.5287 2.4287 0.9581
v 1.0269 1.5584 0.3929
v 0.2990 1.5584 0.8016
v 0.4429 1.5584 0.7460
v 1.2295 1.5566 -0.3420
v 1.2106 1.5584 -0.0179
v 1.0023 1.7918 -0.5982
v 1.0802 1.7918 0.1889
v 1.0641 2.1633 0.2048
v 1.0848 2.4287 0.2375
v 0.2516 2.6927 0.8411
v 0.4598 2.4287 0.8335
v 0.9758 2.6927 0.5028
v 0.8082 1.7918 0.5429
v 0.5855 1.7918 0.6649
v 0.2182 2.4287 0.8588
v 0.4992 2.6927 0.8015
v 0.9754 2.4287 0.4711
v 0.8122 2.1633 0.5987
v 0.6331 2.1633 0.7221
v 0.9644 2.1633 0.4100
v 0.8118 2.4287 0.6338
v 0.6411 2.4287 0.7558
v 0.2693 2.1633 0.8060
v 0.9783 1.7918 0.3783
v 0.8256 2.6927 0.6377
v 0.6671 2.6927 0.7333
v 1.1138 2.6927 0.2828
v 0.2865 1.7918 0.7718
v 0.6946 1.7918 -0.7403
v 1.1476 1.7918 -0.3797
v 0.4360 1.7918 0.7261
v 1.1336 1.7918 -0.0084
v 0.6695 2.1633 -0.7278
v 1.0425 2.1633 -0.3785
v 0.9346 2.1633 -0.5501
v 0.4257 2.1633 -0.7681
v 0.5455 2.1633 -0.7574
v 1.1038 2.1633 0.0023
v 0.6796 2.4287 -0.7211
v 1.0472 2.4287 -0.3649
v 0.9342 2.4287 -0.5332
v 0.4338 2.4287 -0.7696
v 0.5559 2.4287 -0.7566
v 1.1252 2.4287 0.0045
v 0.7148 2.6927 -0.7294
v 1.1075 2.6927 -0.3415
v 0.9822 2.6927 -0.5301
v 0.4490 2.6927 -0.7848
v 0.5814 2.6927 -0.7699
v 1.1717 2.6927 -0.0085
v 0.8924 1.5584 -0.7281
v 0.8354 1.7918 -0.6954
v 0.8029 2.1633 -0.6637
v 0.8060 2.4287 -0.6515
v 0.8487 2.6927 -0.6521
v 0.9601 1.2050 -0.7876
v 0.8401 1.5584 0.5337
v 1.1306 1.5584 0.2099
v 0.4267 1.7918 -0.7725
v 0.3146 1.7918 -0.7756
v 1.0857 1.2072 0.4416
v 0.2998 1.2072 0.8104
v 0.4718 1.2072 0.7517
v 1.3178 1.1978 -0.3568
v 1.3121 1.1987 -0.0323
v 1.1978 1.2067 0.2623
v 0.8889 1.2072 0.5599
v 1.1045 1.5566 -0.5755
v 1.2000 1.1978 -0.6254
v 0.6046 1.5584 -0.8111
v 0.7294 1.5584 -0.7880
v 0.7682 1.2072 -0.8512
v 0.1508 1.6247 0.7948
v 0.1319 1.9962 0.8217
v 0.1141 2.5282 0.8352
v 0.1064 2.2643 0.8419
v 0.1719 1.3939 0.8117
v 0.1177 1.5584 -0.8539
v 0.1238 1.2072 -0.9741
v 0.1608 1.0428 0.8163
v 0.0000 2.5282 0.8137
v 0.0000 2.2643 0.8271
v 0.0000 1.9962 0.8279
v -0.1608 1.0428 0.8163
v -0.1238 1.2072 -0.9741
v -0.1177 1.5584 -0.8539
v -0.1719 1.3939 0.8117
v -0.1064 2.2643 0.8419
v -0.1141 2.5282 0.8352
v -0.1319 1.9962 0.8217
v -0.1508 1.6247 0.7948
v -0.7682 1.2072 -0.8512
v -0.7294 1.5584 -0.7880
v -0.6046 1.5584 -0.8111
v -1.2000 1.1978 -0.6254
v -1.1045 1.5566 -0.5755
v -0.8889 1.2072 0.5599
v -1.1978 1.2067 0.2623
v -1.3121 1.1987 -0.0323
v -1.3178 1.1978 -0.3568
v -0.4718 1.2072 0.7517
v -0.2998 1.2072 0.8104
v -1.0857 1.2072 0.4416
v -0.3146 1.7918 -0.7756
v -0.4267 1.7918 -0.7725
v -1.1306 1.5584 0.2099
v -0.8401 1.5584 0.5337
v -0.9601 1.2050 -0.7876
v -0.8487 2.6927 -0.6521
v -0.8060 2.4287 -0.6515
v -0.8029 2.1633 -0.6637
v -0.8354 1.7918 -0.6954
v -0.8924 1.5584 -0.7281
v -1.1717 2.6927 -0.0085
v -0.5814 2.6927 -0.7699
v -0.4490 2.6927 -0.7848
v -0.9822 2.6927 -0.5301
v -1.1075 2.6927 -0.3415
v -0.7148 2.6927 -0.7294
v -1.1252 2.4287 0.0045
v -0.5559 2.4287 -0.7566
v -0.4338 2.4287 -0.7696
v -0.9342 2.4287 -0.5332
v -1.0472 2.4287 -0.3649
v -0.6796 2.4287 -0.7211
v -1.1038 2.1633 0.0023
v -0.5455 2.1633 -0.7574
v -0.4257 2.1633 -0.7681
v -0.9346 2.1633 -0.5501
v -1.0425 2.1633 -0.3785
v -0.6695 2.1633 -0.7278
v -1.1336 1.7918 -0.0084
v -0.4360 1.7918 0.7261
v -1.1476 1.7918 -0.3797
v -0.6946 1.7918 -0.7403
v -0.2865 1.7918 0.7718
v -1.1138 2.6927 0.2828
v -0.6671 2.6927 0.7333
v -0.8256 2.6927 0.6377
v -0.9783 1.7918 0.3783
v -0.2693 2.1633 0.8060
v -0.6411 2.4287 0.7558
v -0.8118 2.4287 0.6338
v -0.9644 2.1633 0.4100
v -0.6331 2.1633 0.7221
v -0.8122 2.1633 0.5987
v -0.9754 2.4287 0.4711
v -0.4992 2.6927 0.8015
v -0.2182 2.4287 0.8588
v -0.5855 1.7918 0.6649
v -0.8082 1.7918 0.5429
v -0.9758 2.6927 0.5028
v -0.4598 2.4287 0.8335
v -0.2516 2.6927 0.8411
v -1.0848 2.4287 0.2375
v -1.0641 2.1633 0.2048
v -1.0802 1.7918 0.1889
v -1.0023 1.7918 -0.5982
v 0.0000 1.6247 0.8091
v 0.0000 1.3939 0.7845
v -0.0002 2.6927 -0.7579
v -0.0002 2.4287 -0.7500
v -1.2106 1.5584 -0.0179
v -1.2295 1.5566 -0.3420
v -0.4429 1.5584 0.7460
v -0.2990 1.5584 0.8016
v -1.0269 1.5584 0.3929
v 1.1099 2.4287 -0.1500
v 1.0936 2.1633 -0.1810
v 1.1580 1.7918 -0.1753
v 1.2247 1.5584 -0.1093
v 1.3200 1.1978 -0.1155
v 0.0000 2.1633 -0.7468
v 0.0000 1.7918 -0.7508
v -1.1099 2.4287 -0.1500
v -1.0936 2.1633 -0.1810
v -1.1580 1.7918 -0.1753
v -1.2247 1.5584 -0.1093
v -1.3200 1.1978 -0.1155
v 1.3606 1.1988 -0.7036
v 1.3722 1.2222 -0.7156
v 1.2514 1.5569 -0.6460
v 1.2772 1.5323 -0.6660
v 1.0933 1.2039 -0.8844
v 1.0985 1.2295 -0.9011
v 1.0148 1.5578 -0.8163
v 1.0314 1.5339 -0.8423
v 0.7328 1.2073 -0.9827
v 0.7337 1.2320 -1.0011
v 0.6918 1.5584 -0.9093
v 0.6981 1.5336 -0.9381
v 0.6031 1.2073 -1.0010
v 0.6046 1.2319 -1.0189
v 0.5673 1.5584 -0.9215
v 0.5720 1.5337 -0.9508
v 0.4670 1.2073 -1.0303
v 0.4692 1.2315 -1.0467
v 0.4231 1.5584 -0.9323
v 0.4284 1.5341 -0.9627
v 0.7687 1.2072 0.7312
v 0.7742 1.2330 0.7518
v 0.5400 1.2333 0.8633
v 0.5371 1.2072 0.8400
v 0.5032 1.5584 0.8334
v 0.5117 1.5323 0.8578
v 0.7066 1.5584 0.7181
v 0.7223 1.5326 0.7401
v 1.3558 1.2042 0.2905
v 1.3716 1.2314 0.2969
v 1.2434 1.2322 0.5033
v 1.2311 1.2071 0.4898
v 1.2781 1.5584 0.2310
v 1.3053 1.5336 0.2451
v 1.1624 1.5584 0.4353
v 1.1855 1.5333 0.4553
v 1.0109 1.2072 0.6222
v 1.0179 1.2328 0.6411
v 0.9532 1.5584 0.5929
v 0.9699 1.5328 0.6153
v 0.3446 1.2335 0.9306
v 0.3362 1.2072 0.9086
v 0.3352 1.5584 0.8982
v 0.3438 1.5320 0.9219
v 0.3019 2.1633 0.9033
v 0.3111 2.1366 0.9237
v 0.5280 2.1369 0.8757
v 0.5246 2.1633 0.8552
v 0.3209 1.7918 0.8644
v 0.3280 1.8178 0.8899
v 0.3124 1.7736 0.8900
v 0.4931 1.7918 0.8118
v 0.5032 1.8176 0.8377
v 0.7241 2.1375 0.8255
v 0.7178 2.1633 0.8076
v 0.6627 1.7918 0.7424
v 0.6769 1.8172 0.7687
v 0.9335 2.1371 0.6836
v 0.9172 2.1633 0.6702
v 0.9147 1.7918 0.6043
v 0.9295 1.8176 0.6284
v 1.0882 2.1633 0.4581
v 1.1099 2.1370 0.4685
v 1.1052 1.7918 0.4199
v 1.1236 1.8179 0.4372
v 1.2193 1.7918 0.2080
v 1.2406 1.8179 0.2183
v 1.2003 2.1633 0.2275
v 1.2248 2.1371 0.2340
v 1.1353 1.7918 -0.6699
v 1.1471 1.8168 -0.6843
v 1.0559 2.1633 -0.6167
v 1.0797 2.1383 -0.6364
v 0.9506 1.7918 -0.7775
v 0.9579 1.8174 -0.7972
v 0.9257 2.1377 -0.7658
v 0.9097 2.1633 -0.7429
v 0.7717 2.1375 -0.8379
v 0.7616 2.1633 -0.8140
v 0.7932 1.7918 -0.8277
v 0.7966 1.8176 -0.8503
v 0.6401 1.7918 -0.8499
v 0.6419 1.8177 -0.8737
v 0.6233 2.1633 -0.8471
v 0.6283 2.1374 -0.8712
v 0.4891 1.7918 -0.8642
v 0.4905 1.8177 -0.8880
v 0.4885 2.1633 -0.8592
v 0.4895 2.1374 -0.8837
v 0.3622 1.7918 -0.8677
v 0.3616 1.8177 -0.8912
v 0.3604 2.1633 -0.8575
v 0.3596 2.1374 -0.8823
v 0.7561 2.6927 0.8213
v 0.7639 2.6661 0.8455
v 0.5699 2.6927 0.8969
v 0.5693 2.6658 0.9251
v 1.1219 2.6666 0.5743
v 1.1033 2.6927 0.5623
v 0.9348 2.6927 0.7135
v 0.9476 2.6663 0.7325
v 0.1279 2.5282 0.9357
v 0.1304 2.5033 0.9608
v 0.2821 2.6927 0.9429
v 0.2853 2.6653 0.9690
v 1.2577 2.6927 0.3159
v 1.2773 2.6672 0.3199
v 0.3763 2.6927 -0.8745
v 0.3740 2.6673 -0.8971
v 1.1107 2.6927 -0.5938
v 1.1239 2.6674 -0.6099
v 0.6635 2.6927 -0.8616
v 0.6656 2.6673 -0.8839
v 0.5152 2.6927 -0.8783
v 0.5145 2.6673 -0.9008
v 0.9614 2.6927 -0.7303
v 0.9710 2.6673 -0.7498
v 0.8121 2.6927 -0.8165
v 0.8179 2.6673 -0.8379
v 0.8773 1.2073 -0.9559
v 0.8801 1.2319 -0.9739
v 0.8323 1.5584 -0.8834
v 0.8418 1.5337 -0.9115
v 0.3013 1.2073 -1.0715
v 0.3036 1.2310 -1.0864
v 0.1719 1.6513 0.9158
v 0.1689 1.6247 0.8897
v 0.1904 1.6429 0.9107
v 0.1478 1.9962 0.9206
v 0.1533 1.9693 0.9423
v 1.3258 2.6669 -0.0862
v 1.3076 2.6927 -0.0719
v 1.3225 2.6927 -0.0095
v 1.3420 2.6673 -0.0085
v 1.2505 2.6927 -0.3836
v 1.2667 2.6674 -0.3954
v 1.2796 1.7918 -0.0148
v 1.3009 1.8179 -0.0090
v 1.2448 2.1633 0.0007
v 1.2715 2.1372 0.0016
v 1.2333 2.1633 -0.2045
v 1.2624 2.1376 -0.2078
v 1.1762 2.1633 -0.4256
v 1.2067 2.1385 -0.4354
v 1.2956 1.7918 -0.4289
v 1.3114 1.8166 -0.4367
v 1.3071 1.7918 -0.2029
v 1.3262 1.8175 -0.2022
v 1.4155 1.5337 -0.1266
v 1.3843 1.5584 -0.1282
v 1.3687 1.5584 -0.0268
v 1.3998 1.5338 -0.0221
v 1.4852 1.1998 -0.0431
v 1.5005 1.2233 -0.0364
v 1.3896 1.5569 -0.3879
v 1.4205 1.5318 -0.3948
v 1.4913 1.1978 -0.4055
v 1.5080 1.2227 -0.4094
v 1.4938 1.1978 -0.1342
v 1.5101 1.2225 -0.1327
v 0.2685 1.5584 -0.9468
v 0.2730 1.5346 -0.9789
v 0.1859 1.0702 0.9377
v 0.1803 1.0428 0.9148
v 0.1926 1.3939 0.9090
v 0.1967 1.3663 0.9332
v 0.2462 2.6927 -0.8632
v 0.2437 2.6672 -0.8860
v 0.1222 2.6927 -0.8531
v 0.1205 2.6672 -0.8762
v 0.1215 1.7918 -0.8453
v 0.1193 1.8178 -0.8689
v 0.1187 2.1633 -0.8383
v 0.1173 2.1374 -0.8629
v 0.1404 1.2073 -1.0966
v 0.1419 1.2307 -1.1111
v 0.1339 1.5584 -0.9584
v 0.1358 1.5349 -0.9914
v 0.2358 2.1633 -0.8492
v 0.2333 2.1374 -0.8739
v 0.2281 1.7918 -0.8583
v 0.2263 1.8177 -0.8817
v -1.2505 2.6927 -0.3836
v -1.2667 2.6674 -0.3954
v -1.3258 2.6669 -0.0862
v -1.3076 2.6927 -0.0719
v 0.0000 1.9962 0.9276
v 0.0000 1.9693 0.9501
v -0.1478 1.9962 0.9206
v -0.1533 1.9693 0.9423
v -0.0004 1.2073 -1.0979
v -0.0004 1.2308 -1.1125
v 0.0000 1.5584 -0.9620
v -0.0000 1.5348 -0.9948
v -0.1358 1.5349 -0.9914
v -0.1339 1.5584 -0.9584
v 0.0000 1.7918 -0.8392
v 0.0000 1.8178 -0.8631
v -0.1215 1.7918 -0.8453
v -0.1193 1.8178 -0.8689
v -0.1173 2.1374 -0.8629
v -0.1187 2.1633 -0.8383
v 0.0000 2.1633 -0.8346
v 0.0000 2.1374 -0.8591
v -0.1279 2.5282 0.9357
v -0.1304 2.5033 0.9608
v 0.0000 2.5282 0.9117
v 0.0000 2.5033 0.9368
v -1.1107 2.6927 -0.5938
v -1.1239 2.6674 -0.6099
v -1.1762 2.1633 -0.4256
v -1.2067 2.1385 -0.4354
v -1.0559 2.1633 -0.6167
v -1.0797 2.1383 -0.6364
v -1.2956 1.7918 -0.4289
v -1.3115 1.8167 -0.4367
v -1.1472 1.8169 -0.6843
v -1.1353 1.7918 -0.6699
v -1.3896 1.5569 -0.3879
v -1.4205 1.5318 -0.3948
v -1.2514 1.5569 -0.6460
v -1.2772 1.5323 -0.6660
v -1.4913 1.1978 -0.4055
v -1.5080 1.2227 -0.4094
v -1.3722 1.2222 -0.7156
v -1.3606 1.1988 -0.7036
v -1.3558 1.2042 0.2905
v -1.3716 1.2314 0.2969
v -1.5005 1.2233 -0.0364
v -1.4852 1.1998 -0.0431
v -1.3687 1.5584 -0.0268
v -1.3998 1.5338 -0.0221
v -1.3053 1.5336 0.2451
v -1.2781 1.5584 0.2310
v -1.3010 1.8180 -0.0090
v -1.2796 1.7918 -0.0148
v -1.2193 1.7918 0.2080
v -1.2407 1.8181 0.2183
v -1.2248 2.1371 0.2340
v -1.2003 2.1633 0.2275
v -1.2448 2.1633 0.0007
v -1.2715 2.1372 0.0016
v -1.3225 2.6927 -0.0095
v -1.3420 2.6673 -0.0085
v -1.2577 2.6927 0.3159
v -1.2773 2.6672 0.3199
v -0.2358 2.1633 -0.8492
v -0.2333 2.1374 -0.8739
v -0.1222 2.6927 -0.8531
v -0.1205 2.6672 -0.8762
v -0.2462 2.6927 -0.8632
v -0.2437 2.6672 -0.8860
v -0.3013 1.2073 -1.0715
v -0.3036 1.2310 -1.0864
v -0.1404 1.2073 -1.0966
v -0.1419 1.2307 -1.1111
v -0.2821 2.6927 0.9429
v -0.2853 2.6653 0.9690
v -0.2730 1.5346 -0.9789
v -0.2685 1.5584 -0.9468
v -0.2281 1.7918 -0.8583
v -0.2263 1.8177 -0.8817
v -0.3622 1.7918 -0.8677
v -0.3616 1.8177 -0.8912
v -0.3596 2.1374 -0.8823
v -0.3604 2.1633 -0.8575
v -0.3740 2.6673 -0.8971
v -0.3763 2.6927 -0.8745
v -0.1967 1.3663 0.9332
v -0.1926 1.3939 0.9090
v -0.3352 1.5584 0.8982
v -0.3438 1.5320 0.9219
v -0.1803 1.0428 0.9148
v -0.1859 1.0702 0.9377
v -0.3446 1.2335 0.9306
v -0.3362 1.2072 0.9086
v -0.4284 1.5341 -0.9627
v -0.4231 1.5584 -0.9323
v -1.5101 1.2225 -0.1327
v -1.4938 1.1978 -0.1342
v -1.3843 1.5584 -0.1282
v -1.4155 1.5337 -0.1266
v -1.3263 1.8176 -0.2022
v -1.3071 1.7918 -0.2029
v -1.2624 2.1376 -0.2078
v -1.2333 2.1633 -0.2045
v -0.8418 1.5337 -0.9115
v -0.8323 1.5584 -0.8834
v -0.6918 1.5584 -0.9093
v -0.6981 1.5336 -0.9381
v -0.3019 2.1633 0.9033
v -0.3111 2.1366 0.9237
v -0.1690 1.6247 0.8898
v -0.1719 1.6515 0.9158
v -0.3280 1.8185 0.8899
v -0.3210 1.7918 0.8643
v -0.6635 2.6927 -0.8616
v -0.6656 2.6673 -0.8839
v -0.8179 2.6673 -0.8379
v -0.8121 2.6927 -0.8165
v -0.8773 1.2073 -0.9559
v -0.8801 1.2319 -0.9739
v -0.7337 1.2320 -1.0011
v -0.7328 1.2073 -0.9827
v -0.4670 1.2073 -1.0303
v -0.4692 1.2315 -1.0467
v -1.0148 1.5578 -0.8163
v -1.0314 1.5339 -0.8423
v -1.0933 1.2039 -0.8844
v -1.0985 1.2295 -0.9011
v -0.9614 2.6927 -0.7303
v -0.9710 2.6673 -0.7498
v -0.5152 2.6927 -0.8783
v -0.5145 2.6673 -0.9008
v -1.1033 2.6927 0.5623
v -1.1219 2.6666 0.5743
v -0.9348 2.6927 0.7135
v -0.9476 2.6663 0.7325
v -0.7561 2.6927 0.8213
v -0.7639 2.6661 0.8455
v -0.0003 2.6927 -0.8473
v -0.0003 2.6672 -0.8706
v -0.5699 2.6927 0.8969
v -0.5693 2.6658 0.9251
v -0.4885 2.1633 -0.8592
v -0.4895 2.1374 -0.8837
v -0.4891 1.7918 -0.8642
v -0.4905 1.8177 -0.8880
v -0.6233 2.1633 -0.8471
v -0.6283 2.1374 -0.8712
v -0.6401 1.7918 -0.8499
v -0.6420 1.8177 -0.8737
v -0.7932 1.7918 -0.8277
v -0.7967 1.8177 -0.8503
v -0.7616 2.1633 -0.8140
v -0.7717 2.1375 -0.8379
v -0.9506 1.7918 -0.7775
v -0.9580 1.8174 -0.7972
v -0.9097 2.1633 -0.7429
v -0.9257 2.1377 -0.7658
v 0.0000 1.3939 0.8785
v 0.0000 1.3666 0.9046
v 0.0000 1.0428 0.9184
v 0.0000 1.0700 0.9388
v -1.0882 2.1633 0.4581
v -1.1099 2.1370 0.4685
v -1.1052 1.7918 0.4199
v -1.1237 1.8181 0.4373
v -0.9147 1.7918 0.6043
v -0.9296 1.8179 0.6285
v -0.9172 2.1633 0.6702
v -0.9335 2.1371 0.6836
v -0.6627 1.7918 0.7424
v -0.6770 1.8176 0.7688
v -0.7178 2.1633 0.8076
v -0.7241 2.1375 0.8255
v -0.4946 1.7918 0.8113
v -0.5034 1.8182 0.8378
v -0.5246 2.1633 0.8552
v -0.5280 2.1369 0.8757
v -0.9532 1.5584 0.5929
v -0.9699 1.5328 0.6153
v -1.1624 1.5584 0.4353
v -1.1855 1.5333 0.4553
v -1.2311 1.2071 0.4898
v -1.2434 1.2322 0.5033
v -1.0109 1.2072 0.6222
v -1.0179 1.2328 0.6411
v -0.5032 1.5584 0.8334
v -0.5117 1.5323 0.8578
v -0.5371 1.2072 0.8400
v -0.5400 1.2333 0.8633
v -0.7066 1.5584 0.7181
v -0.7223 1.5326 0.7401
v -0.7687 1.2072 0.7312
v -0.7742 1.2330 0.7518
v 0.0000 1.6514 0.9316
v -0.0007 1.6247 0.9058
v -0.5673 1.5584 -0.9215
v -0.5720 1.5337 -0.9508
v -0.6031 1.2073 -1.0010
v -0.6046 1.2319 -1.0189
v -0.7697 3.6478 -1.1587
v -1.0153 3.6230 -1.0809
v -0.5502 3.6469 -1.1649
v -1.4131 3.6201 -0.8520
v -1.5495 3.6548 -0.6039
v -1.2058 3.6185 -0.9684
v -1.5638 3.6366 -0.3847
v -1.5512 3.6447 -0.1813
v -0.3511 3.6407 -1.1448
v -1.4202 3.7260 0.3815
v -1.4766 3.6515 0.0852
v -1.1781 3.8754 0.7886
v -1.3375 3.8119 0.6403
v -0.9520 3.9362 0.8114
v -0.6623 4.0096 0.7830
v -0.3400 4.0905 0.7186
v -0.1660 3.6338 -1.1226
v 0.7697 3.6478 -1.1587
v 1.0153 3.6230 -1.0809
v 0.5652 3.6469 -1.1651
v 1.4131 3.6201 -0.8520
v 1.5495 3.6548 -0.6039
v 1.2058 3.6185 -0.9684
v 1.5638 3.6366 -0.3847
v 1.5512 3.6447 -0.1813
v 0.3660 3.6407 -1.1455
v 1.4202 3.7260 0.3815
v 1.4766 3.6515 0.0852
v 1.1781 3.8754 0.7886
v 1.3375 3.8119 0.6403
v 0.9520 3.9362 0.8114
v 0.6623 4.0096 0.7830
v 0.3400 4.0905 0.7186
v 0.1802 3.6341 -1.1239
v 0.0065 3.6301 -1.1109
v 0.0074 4.1307 0.6698
v 1.5541 3.6406 -0.2375
v -1.5541 3.6406 -0.2375
v -1.0140 3.6620 -1.0662
v -1.5409 3.6876 -0.5986
v -1.5381 3.6709 -0.1825
v -1.4048 3.7600 0.3676
v -1.1642 3.8964 0.7563
v -0.9456 3.9592 0.7743
v -0.6585 4.0325 0.7461
v -0.3440 4.1108 0.6846
v 1.0140 3.6620 -1.0662
v 1.5409 3.6876 -0.5986
v 1.5381 3.6709 -0.1825
v 1.4048 3.7600 0.3676
v 1.1642 3.8964 0.7563
v 0.9456 3.9592 0.7743
v 0.6585 4.0325 0.7461
v 0.3440 4.1108 0.6846
v 0.0084 3.6644 -1.0961
v 0.0092 4.1534 0.6405
v -1.5408 3.6670 -0.2368
v -0.7729 3.6848 -1.1434
v -0.5432 3.6833 -1.1501
v -1.4080 3.6582 -0.8442
v -1.2029 3.6567 -0.9543
v -1.5510 3.6661 -0.3796
v -0.3460 3.6767 -1.1304
v -1.4640 3.6795 0.0773
v -1.3180 3.8387 0.6117
v -0.1623 3.6688 -1.1083
v 0.7729 3.6848 -1.1434
v 0.5618 3.6833 -1.1503
v 1.4080 3.6582 -0.8442
v 1.2029 3.6567 -0.9543
v 1.5510 3.6661 -0.3796
v 0.3646 3.6768 -1.1311
v 1.4640 3.6795 0.0773
v 1.3180 3.8387 0.6117
v 0.1802 3.6693 -1.1095
v 1.5408 3.6670 -0.2368
v 2.7676 4.3248 -0.6091
v 2.7867 4.3740 -0.3305
v 2.7944 4.4582 -0.8149
v 2.8375 4.6740 -0.8631
v 2.8999 4.8626 -0.8299
v 2.9250 4.9926 -0.7483
v 2.9552 5.0889 -0.6238
v 2.9775 5.1337 -0.4450
v 2.9888 5.1043 -0.1864
v 2.8543 4.4893 -0.0970
v 2.9680 4.9738 -0.0025
v 2.9197 4.7114 0.0461
v 2.8382 4.4615 -0.1545
v -2.7676 4.3248 -0.6091
v -2.7867 4.3740 -0.3305
v -2.7944 4.4582 -0.8149
v -2.8375 4.6740 -0.8631
v -2.8999 4.8626 -0.8299
v -2.9250 4.9926 -0.7483
v -2.9552 5.0889 -0.6238
v -2.9775 5.1337 -0.4450
v -2.9888 5.1043 -0.1864
v -2.8543 4.4893 -0.0970
v -2.9680 4.9738 -0.0025
v -2.9197 4.7114 0.0461
v -2.8382 4.4615 -0.1545
v -2.7448 4.3294 -0.5996
v -2.7721 4.4515 -0.7955
v -2.8160 4.6564 -0.8390
v -2.8769 4.8411 -0.8094
v -2.9045 4.9672 -0.7340
v -2.9335 5.0591 -0.6168
v -2.9551 5.1022 -0.4477
v -2.9659 5.0739 -0.2013
v -2.9427 4.9520 -0.0261
v -2.7621 4.3766 -0.3366
v -2.8294 4.4876 -0.1091
v -2.8931 4.6989 0.0244
v -2.8134 4.4612 -0.1654
v 2.7448 4.3294 -0.5996
v 2.7721 4.4515 -0.7955
v 2.8160 4.6564 -0.8390
v 2.8769 4.8411 -0.8094
v 2.9045 4.9672 -0.7340
v 2.9335 5.0591 -0.6168
v 2.9551 5.1022 -0.4477
v 2.9659 5.0739 -0.2013
v 2.9427 4.9520 -0.0261
v 2.8134 4.4612 -0.1654
v 2.7621 4.3766 -0.3366
v 2.8294 4.4876 -0.1091
v 2.8931 4.6989 0.0244
v -0.2754 5.6942 -0.7779
v -0.4030 5.7369 -0.6986
v -0.4681 5.7394 -0.4997
v -0.4356 5.7513 -0.5974
v -0.1412 5.6601 -0.7980
v -0.3185 5.5586 0.0630
v -0.4592 5.6277 -0.1305
v -0.4228 5.5873 -0.0457
v -0.1844 5.5316 0.1545
v -0.4805 5.6660 -0.2115
v -0.4723 5.6978 -0.3039
v -0.4847 5.7233 -0.3928
v 0.0855 5.4267 0.1223
v 0.2754 5.6942 -0.7779
v 0.4030 5.7369 -0.6986
v 0.4681 5.7394 -0.4997
v 0.4356 5.7513 -0.5974
v 0.1412 5.6601 -0.7980
v 0.3185 5.5586 0.0630
v 0.4592 5.6277 -0.1305
v 0.4228 5.5873 -0.0457
v 0.1844 5.5316 0.1545
v 0.4805 5.6660 -0.2115
v 0.4723 5.6978 -0.3039
v 0.4847 5.7233 -0.3928
v -0.0134 5.6380 -0.8092
v -0.2649 5.6921 -0.7599
v -0.3877 5.7332 -0.6837
v -0.4504 5.7356 -0.4923
v -0.4190 5.7470 -0.5863
v -0.1358 5.6593 -0.7792
v -0.3064 5.5617 0.0490
v -0.4418 5.6282 -0.1371
v -0.4068 5.5893 -0.0555
v -0.1774 5.5357 0.1371
v -0.4623 5.6659 -0.2149
v -0.4544 5.6964 -0.3038
v -0.4663 5.7213 -0.3893
v 0.0811 5.2704 0.0816
v 0.2649 5.6921 -0.7599
v 0.3877 5.7332 -0.6837
v 0.4504 5.7356 -0.4923
v 0.4190 5.7470 -0.5863
v 0.1358 5.6593 -0.7792
v 0.3064 5.5617 0.0490
v 0.4418 5.6282 -0.1371
v 0.4068 5.5893 -0.0555
v 0.1774 5.5357 0.1371
v 0.4623 5.6659 -0.2149
v 0.4544 5.6964 -0.3038
v 0.4663 5.7213 -0.3893
v -0.0129 5.6380 -0.7900
v -0.2528 5.6088 -0.7391
v -0.3700 5.6480 -0.6663
v -0.4298 5.6503 -0.4837
v -0.3998 5.6612 -0.5734
v -0.1296 5.5775 -0.7575
v -0.2924 5.4843 0.0329
v -0.4215 5.5478 -0.1447
v -0.3881 5.5107 -0.0669
v -0.1693 5.4595 0.1169
v -0.4409 5.5791 -0.2195
v -0.4327 5.5992 -0.3058
v -0.4449 5.6371 -0.3856
v -0.0022 5.2671 0.0907
v 0.2528 5.6088 -0.7391
v 0.3700 5.6480 -0.6663
v 0.4298 5.6503 -0.4837
v 0.3998 5.6612 -0.5734
v 0.1296 5.5775 -0.7575
v 0.2924 5.4843 0.0329
v 0.4215 5.5478 -0.1447
v 0.3881 5.5107 -0.0669
v 0.1693 5.4595 0.1169
v 0.4409 5.5791 -0.2195
v 0.4327 5.5992 -0.3058
v 0.4449 5.6371 -0.3856
v -0.0123 5.5572 -0.7678
v 0.0742 3.1565 0.9457
v 0.0618 2.9011 0.8933
v 0.0577 2.5544 0.9035
v 0.1064 0.3097 0.7272
v 0.0876 4.7820 -1.0974
v 0.0911 4.5727 -1.1338
v 0.0935 4.3714 -1.1434
v 0.0985 4.1889 -1.1565
v 0.0964 4.0137 -1.1522
v 0.0919 3.8428 -1.1357
v 0.0862 3.6837 -1.1128
v 0.0785 3.4090 -1.0532
v 0.0751 3.2789 -1.0159
v 0.0711 3.1476 -0.9750
v 0.0669 3.0122 -0.9324
v 0.0626 2.8679 -0.8900
v 0.0591 2.7064 -0.8507
v 0.0572 2.5071 -0.8253
v 0.0564 2.2645 -0.8165
v 0.0553 2.0014 -0.8116
v 0.0562 1.7130 -0.8165
v 0.0647 1.3616 -0.9438
v 0.0202 -0.7795 -0.9507
v 0.0163 -0.7917 -0.7576
v 0.0078 -0.8617 -0.5012
v 0.0128 -0.8516 -0.2299
v 0.0239 -0.8218 0.0243
v 0.0865 0.6651 0.8067
v 0.0884 1.0584 0.8963
v 0.1686 3.8846 0.7965
v 0.1704 4.0216 0.7202
v 0.0816 1.8691 0.8660
v 0.0714 2.2495 0.8907
v 0.1190 3.3164 1.0083
v 0.0945 1.4559 0.8744
v 0.1687 3.7501 0.8849
v 0.0814 3.5412 -1.0857
v 0.0804 5.0122 -1.0310
v 0.0701 5.2647 -0.9424
v 0.0639 5.5462 -0.8447
v 0.1229 4.7999 0.3038
v 0.1444 4.6123 0.4180
v 0.1568 4.4675 0.5037
v 0.0947 4.9287 0.1783
v 0.0553 -0.2044 -1.4696
v 0.0474 -0.4915 -1.3115
v 0.1140 -0.0651 0.6713
v 0.0891 -0.4335 0.5391
v 0.0543 0.8866 -1.1790
v 0.0450 0.6641 -1.3454
v 0.0679 1.0706 -1.0748
v 0.0569 0.2504 -1.4785
v 0.1676 4.3003 0.5931
v 0.1715 4.1506 0.6604
v 0.1463 3.4617 1.0227
v 0.1603 3.6205 0.9637
v 0.0306 -0.6890 -1.1295
v 0.0327 -0.7837 0.2007
v 0.0682 -0.6134 0.3928
v 0.0797 5.0773 0.0682
v 0.0811 5.2704 0.1053
v 0.0855 5.4267 0.1461
v 0.0933 3.6321 -1.1174
v 0.1737 4.1106 0.6933
v 0.0943 3.6668 -1.1028
v 0.1766 4.1321 0.6620
v 0.0639 5.6490 -0.8036
v 0.0944 5.5290 0.1866
v 0.0614 5.6487 -0.7846
v 0.0912 5.5332 0.1599
v 0.0586 5.5673 -0.7626
v 0.0814 5.4574 0.1380
v -0.1235 4.7998 0.3038
v -0.1446 4.6126 0.4185
v -0.1580 4.4671 0.5028
v -0.0958 4.9287 0.1782
v -0.0585 -0.2044 -1.4696
v -0.0491 -0.4915 -1.3115
v -0.1141 -0.0651 0.6713
v -0.0895 -0.4335 0.5391
v -0.0550 0.8866 -1.1790
v -0.0462 0.6641 -1.3454
v -0.0683 1.0706 -1.0748
v -0.0078 -0.8617 -0.5012
v -0.0622 0.2504 -1.4785
v -0.1681 4.3001 0.5926
v -0.1717 4.1506 0.6604
v -0.1465 3.4617 1.0227
v -0.1607 3.6205 0.9637
v -0.0312 -0.6890 -1.1295
v -0.0337 -0.7837 0.2007
v -0.0694 -0.6134 0.3928
v -0.0807 5.0773 0.0682
v -0.0833 5.2704 0.1053
v -0.0855 5.4267 0.1461
v -0.0742 3.1565 0.9457
v -0.0618 2.9011 0.8933
v -0.0577 2.5544 0.9035
v -0.1066 0.3097 0.7272
v -0.0923 4.7807 -1.0953
v -0.0939 4.5723 -1.1325
v -0.0935 4.3713 -1.1433
v -0.0990 4.1885 -1.1556
v -0.0985 4.0130 -1.1507
v -0.0939 3.8422 -1.1347
v -0.0875 3.6835 -1.1122
v -0.0800 3.4091 -1.0524
v -0.0766 3.2792 -1.0154
v -0.0723 3.1480 -0.9746
v -0.0674 3.0126 -0.9321
v -0.0628 2.8684 -0.8897
v -0.0589 2.7066 -0.8506
v -0.0568 2.5071 -0.8254
v -0.0560 2.2644 -0.8166
v -0.0551 2.0022 -0.8110
v -0.0562 1.7130 -0.8165
v -0.0647 1.3616 -0.9438
v -0.0207 -0.7795 -0.9507
v -0.0195 -0.7917 -0.7576
v -0.0129 -0.8516 -0.2299
v -0.0243 -0.8218 0.0243
v -0.0865 0.6651 0.8067
v -0.0884 1.0584 0.8963
v -0.1686 3.8846 0.7965
v -0.1704 4.0216 0.7202
v -0.0816 1.8691 0.8660
v -0.0714 2.2495 0.8907
v -0.1190 3.3164 1.0083
v -0.0945 1.4559 0.8744
v -0.1687 3.7501 0.8849
v -0.0828 3.5412 -1.0851
v -0.0848 5.0103 -1.0291
v -0.0715 5.2637 -0.9419
v -0.0639 5.5462 -0.8447
v -0.0797 3.6319 -1.1168
v -0.1663 4.1106 0.6933
v -0.0770 3.6666 -1.1022
v -0.1674 4.1321 0.6620
v -0.0900 5.5290 0.1866
v -0.0773 5.6490 -0.8036
v -0.0862 5.5332 0.1599
v -0.0744 5.6487 -0.7846
v -0.0879 5.4574 0.1380
v -0.0710 5.5673 -0.7626
v -0.0833 5.2704 0.0816
v -0.0855 5.4267 0.1223
v -0.0900 5.5290 0.1628
v -0.0639 5.5462 -0.8447
v -0.0715 5.2637 -0.9419
v -0.0855 5.4267 0.1461
v -0.0833 5.2704 0.1053
v 0.0823 5.4294 0.1485
v 0.0780 5.2626 0.1075
v 0.0639 5.5462 -0.8447
v 0.0701 5.2647 -0.9424
v -0.0000 5.5352 -0.8503
v -0.0012 5.2584 -0.9411
v 0.4708 5.6378 -0.4373
v 0.4522 5.6080 -0.3423
v 0.4665 5.5820 -0.2544
v 0.5101 5.4452 -0.4725
v 0.4954 5.4072 -0.3715
v 0.4954 5.3618 -0.2782
v 0.1677 5.4325 0.1163
v 0.4037 5.5134 -0.0874
v 0.4450 5.5454 -0.1716
v 0.3025 5.4642 0.0246
v 0.1611 5.2638 0.0893
v 0.4135 5.2542 -0.0889
v 0.4750 5.3126 -0.1872
v 0.2960 5.2665 0.0126
v 0.1277 5.5573 -0.8391
v 0.4217 5.6626 -0.6414
v 0.4544 5.6543 -0.5438
v 0.3892 5.6431 -0.7422
v 0.2617 5.5936 -0.8198
v 0.1414 5.2710 -0.9438
v 0.5299 5.4617 -0.7224
v 0.5222 5.4712 -0.5863
v 0.4809 5.3980 -0.8633
v 0.3031 5.3097 -0.9297
v -0.4708 5.6378 -0.4373
v -0.4544 5.5867 -0.3443
v -0.4665 5.5820 -0.2544
v -0.5101 5.4452 -0.4725
v -0.4953 5.4048 -0.3684
v -0.4954 5.3618 -0.2782
v -0.1677 5.4325 0.1163
v -0.4037 5.5134 -0.0874
v -0.4450 5.5454 -0.1716
v -0.3025 5.4642 0.0246
v -0.1611 5.2638 0.0893
v -0.4135 5.2542 -0.0889
v -0.4750 5.3126 -0.1872
v -0.2960 5.2665 0.0126
v -0.1277 5.5573 -0.8391
v -0.4217 5.6626 -0.6414
v -0.4547 5.6366 -0.5408
v -0.3892 5.6431 -0.7422
v -0.2619 5.5914 -0.8190
v -0.1418 5.2691 -0.9428
v -0.5299 5.4617 -0.7224
v -0.5218 5.4638 -0.5817
v -0.4809 5.3980 -0.8633
v -0.3030 5.3092 -0.9296
v 0.0987 5.3704 0.1573
v 0.0974 5.3117 0.1434
v -0.0690 5.3579 -0.9095
v -0.0664 5.4521 -0.8771
v -0.0840 5.3225 0.1189
v -0.0848 5.3746 0.1325
v 0.0692 5.4523 -0.9012
v 0.0714 5.3538 -0.9354
v 0.0659 5.4524 -0.8773
v 0.0680 5.3585 -0.9099
v 0.0811 5.3738 0.1347
v 0.0796 5.3184 0.1210
v -0.1020 5.3167 0.1410
v -0.1026 5.3716 0.1547
v -0.0724 5.3531 -0.9351
v -0.0697 5.4520 -0.9010
v 0.4857 5.4359 -0.2702
v 0.4761 5.5086 -0.2622
v 0.4826 5.4711 -0.3643
v 0.4699 5.5335 -0.3570
v 0.4838 5.5728 -0.4487
v 0.4969 5.5099 -0.4606
v 0.1635 5.3203 0.0981
v 0.1660 5.3764 0.1069
v 0.2984 5.3328 0.0164
v 0.3006 5.3981 0.0203
v 0.4117 5.3357 -0.0877
v 0.4100 5.4167 -0.0867
v 0.4551 5.4672 -0.1768
v 0.4650 5.3905 -0.1820
v 0.4503 5.4796 -0.8232
v 0.4197 5.5618 -0.7829
v 0.2893 5.4038 -0.8932
v 0.2754 5.4986 -0.8566
v 0.4995 5.5336 -0.5722
v 0.4770 5.5937 -0.5578
v 0.4577 5.5969 -0.6686
v 0.4938 5.5298 -0.6957
v 0.1368 5.3664 -0.9089
v 0.1323 5.4619 -0.8740
v -0.0008 5.3507 -0.9108
v -0.0004 5.4429 -0.8806
v -0.4857 5.4359 -0.2702
v -0.4761 5.5086 -0.2622
v -0.4826 5.4711 -0.3643
v -0.4699 5.5335 -0.3570
v -0.4838 5.5728 -0.4487
v -0.4969 5.5099 -0.4606
v -0.1635 5.3203 0.0981
v -0.1660 5.3764 0.1069
v -0.2984 5.3328 0.0164
v -0.3006 5.3981 0.0203
v -0.4117 5.3357 -0.0877
v -0.4100 5.4167 -0.0867
v -0.4551 5.4672 -0.1768
v -0.4650 5.3905 -0.1820
v -0.4503 5.4796 -0.8232
v -0.4197 5.5618 -0.7829
v -0.2893 5.4032 -0.8928
v -0.2756 5.4973 -0.8559
v -0.4995 5.5336 -0.5722
v -0.4770 5.5937 -0.5578
v -0.4577 5.5969 -0.6686
v -0.4938 5.5298 -0.6957
v -0.1371 5.3651 -0.9082
v -0.1324 5.4612 -0.8737
v 0.5105 5.4350 -0.2637
v 0.5003 5.5125 -0.2554
v 0.5072 5.4726 -0.3627
v 0.4938 5.5392 -0.3551
v 0.5083 5.5814 -0.4516
v 0.5221 5.5141 -0.4640
v 0.1578 5.3129 0.1273
v 0.1603 5.3719 0.1373
v 0.3132 5.3255 0.0377
v 0.3155 5.3951 0.0419
v 0.4326 5.3287 -0.0719
v 0.4307 5.4150 -0.0707
v 0.4782 5.4688 -0.1655
v 0.4887 5.3869 -0.1710
v 0.4730 5.4805 -0.8441
v 0.4408 5.5667 -0.8019
v 0.3038 5.4012 -0.9177
v 0.2893 5.5006 -0.8793
v 0.5248 5.5379 -0.5810
v 0.5010 5.6034 -0.5663
v 0.4808 5.6044 -0.6822
v 0.5187 5.5332 -0.7104
v 0.1437 5.3621 -0.9344
v 0.1389 5.4623 -0.8978
v -0.0009 5.3455 -0.9364
v -0.0005 5.4424 -0.9046
v -0.5105 5.4350 -0.2637
v -0.5003 5.5125 -0.2554
v -0.5072 5.4726 -0.3627
v -0.4938 5.5392 -0.3551
v -0.5083 5.5814 -0.4516
v -0.5221 5.5141 -0.4640
v -0.1612 5.3189 0.1243
v -0.1636 5.3731 0.1342
v -0.3132 5.3255 0.0377
v -0.3155 5.3951 0.0419
v -0.4326 5.3287 -0.0719
v -0.4307 5.4150 -0.0707
v -0.4782 5.4688 -0.1655
v -0.4887 5.3869 -0.1710
v -0.4730 5.4805 -0.8441
v -0.4408 5.5667 -0.8019
v -0.3038 5.4007 -0.9174
v -0.2894 5.4995 -0.8787
v -0.5248 5.5379 -0.5810
v -0.5010 5.6034 -0.5663
v -0.4808 5.6044 -0.6822
v -0.5187 5.5332 -0.7104
v -0.1440 5.3607 -0.9337
v -0.1390 5.4616 -0.8974
v -0.0876 5.4261 0.1595
v -0.1031 5.3988 0.1620
v -0.0891 5.4218 0.1683
v -0.1015 5.2887 0.1334
v -0.0854 5.2657 0.1183
v -0.0869 5.2663 0.1279
v -0.0654 5.5484 -0.8550
v -0.0674 5.5379 -0.8715
v -0.0667 5.5463 -0.8648
v -0.0747 5.2676 -0.9645
v -0.0735 5.2586 -0.9567
v -0.0745 5.2594 -0.9641
v -0.1348 5.5495 -0.8658
v -0.1307 5.5597 -0.8493
v -0.1333 5.5579 -0.8590
v -0.1457 5.2641 -0.9576
v -0.1483 5.2733 -0.9652
v -0.1478 5.2650 -0.9650
v 0.0673 5.5379 -0.8715
v 0.0653 5.5484 -0.8550
v 0.0666 5.5463 -0.8648
v 0.0720 5.2596 -0.9573
v 0.0733 5.2686 -0.9650
v 0.0730 5.2604 -0.9646
v 0.0994 5.3997 0.1649
v 0.0843 5.4287 0.1620
v 0.0858 5.4242 0.1710
v 0.0800 5.2575 0.1205
v 0.0964 5.2816 0.1360
v 0.0815 5.2580 0.1303
v 0.1307 5.5597 -0.8494
v 0.1347 5.5496 -0.8658
v 0.1333 5.5579 -0.8591
v 0.1478 5.2752 -0.9662
v 0.1452 5.2660 -0.9587
v 0.1473 5.2670 -0.9660
v 0.1614 5.4015 0.1417
v 0.1719 5.4319 0.1289
v 0.1748 5.4273 0.1377
v 0.1653 5.2586 0.1020
v 0.1568 5.2830 0.1226
v 0.1683 5.2592 0.1111
v -0.0000 5.5371 -0.8607
v -0.0001 5.5262 -0.8772
v -0.0000 5.5348 -0.8706
v -0.0012 5.2621 -0.9638
v -0.0013 5.2531 -0.9559
v -0.0013 5.2539 -0.9633
v 0.5360 5.4714 -0.5910
v 0.5441 5.4840 -0.5927
v 0.5435 5.4752 -0.5933
v 0.5332 5.4579 -0.4737
v 0.5234 5.4448 -0.4743
v 0.5315 5.4485 -0.4748
v 0.4819 5.6536 -0.5541
v 0.4655 5.6597 -0.5474
v 0.4752 5.6603 -0.5509
v 0.4823 5.6423 -0.4383
v 0.4973 5.6339 -0.4417
v 0.4918 5.6418 -0.4397
v 0.4558 5.5475 -0.1661
v 0.4696 5.5352 -0.1611
v 0.4648 5.5449 -0.1621
v 0.4921 5.5744 -0.2485
v 0.4776 5.5851 -0.2509
v 0.4871 5.5834 -0.2486
v 0.4973 5.3197 -0.1755
v 0.4874 5.3087 -0.1817
v 0.4952 5.3103 -0.1777
v 0.5083 5.3591 -0.2750
v 0.5187 5.3711 -0.2705
v 0.5164 5.3616 -0.2724
v 0.4801 5.6033 -0.3459
v 0.4649 5.6125 -0.3432
v 0.4744 5.6116 -0.3443
v 0.5083 5.4059 -0.3708
v 0.5178 5.4186 -0.3685
v 0.5162 5.4091 -0.3698
v 0.3173 5.4498 0.0452
v 0.3099 5.4645 0.0349
v 0.3154 5.4603 0.0425
v 0.4254 5.5005 -0.0714
v 0.4137 5.5145 -0.0797
v 0.4216 5.5109 -0.0739
v 0.3115 5.2710 0.0344
v 0.3037 5.2612 0.0233
v 0.3090 5.2620 0.0307
v 0.4243 5.2489 -0.0808
v 0.4342 5.2588 -0.0729
v 0.4315 5.2496 -0.0753
v 0.4319 5.6683 -0.6474
v 0.4488 5.6640 -0.6583
v 0.4414 5.6696 -0.6533
v 0.4131 5.6414 -0.7652
v 0.3985 5.6474 -0.7502
v 0.4070 5.6480 -0.7584
v 0.2766 5.5878 -0.8458
v 0.2679 5.5968 -0.8297
v 0.2733 5.5958 -0.8390
v 0.4939 5.3965 -0.8756
v 0.5005 5.4070 -0.8802
v 0.5005 5.3990 -0.8813
v 0.3113 5.3058 -0.9442
v 0.3163 5.3157 -0.9510
v 0.3156 5.3074 -0.9512
v 0.5505 5.4729 -0.7339
v 0.5441 5.4617 -0.7309
v 0.5511 5.4650 -0.7348
v -0.5441 5.4840 -0.5927
v -0.5360 5.4714 -0.5910
v -0.5435 5.4752 -0.5933
v -0.5234 5.4448 -0.4743
v -0.5332 5.4579 -0.4737
v -0.5315 5.4485 -0.4748
v -0.4655 5.6410 -0.5442
v -0.4819 5.6536 -0.5541
v -0.4753 5.6410 -0.5477
v -0.4973 5.6339 -0.4417
v -0.4821 5.6202 -0.4354
v -0.4917 5.6196 -0.4368
v -0.4696 5.5352 -0.1611
v -0.4565 5.5267 -0.1661
v -0.4652 5.5242 -0.1623
v -0.4780 5.5616 -0.2496
v -0.4921 5.5744 -0.2485
v -0.4872 5.5598 -0.2474
v -0.4874 5.3087 -0.1817
v -0.4973 5.3197 -0.1755
v -0.4952 5.3103 -0.1777
v -0.5187 5.3711 -0.2705
v -0.5083 5.3591 -0.2750
v -0.5164 5.3616 -0.2724
v -0.4653 5.5896 -0.3431
v -0.4801 5.6033 -0.3459
v -0.4746 5.5882 -0.3427
v -0.5178 5.4186 -0.3685
v -0.5083 5.4059 -0.3708
v -0.5162 5.4091 -0.3698
v -0.1752 5.4282 0.1260
v -0.1647 5.4003 0.1386
v -0.1781 5.4240 0.1345
v -0.3126 5.4559 0.0321
v -0.3173 5.4498 0.0452
v -0.3179 5.4520 0.0395
v -0.1601 5.2911 0.1198
v -0.1653 5.2586 0.1020
v -0.1683 5.2592 0.1111
v -0.4151 5.4986 -0.0811
v -0.4254 5.5005 -0.0714
v -0.4227 5.4953 -0.0754
v -0.3037 5.2612 0.0233
v -0.3115 5.2710 0.0344
v -0.3090 5.2620 0.0307
v -0.4342 5.2588 -0.0729
v -0.4243 5.2489 -0.0808
v -0.4315 5.2496 -0.0753
v -0.4488 5.6640 -0.6583
v -0.4322 5.6531 -0.6442
v -0.4417 5.6537 -0.6500
v -0.3988 5.6384 -0.7478
v -0.4131 5.6414 -0.7652
v -0.4073 5.6385 -0.7559
v -0.2681 5.5947 -0.8289
v -0.2766 5.5878 -0.8458
v -0.2735 5.5936 -0.8382
v -0.5005 5.4070 -0.8802
v -0.4939 5.3965 -0.8756
v -0.5005 5.3990 -0.8813
v -0.3162 5.3151 -0.9510
v -0.3113 5.3052 -0.9440
v -0.3156 5.3068 -0.9511
v -0.5441 5.4617 -0.7309
v -0.5505 5.4729 -0.7339
v -0.5511 5.4650 -0.7348
v -6.2927 4.8784 -0.2771
v -6.2781 4.8118 -0.1572
v -6.2086 4.5251 -0.2270
v -6.2737 4.8379 -0.6820
v -6.2736 4.8830 -0.5921
v -6.2949 4.9058 -0.4716
v -6.3007 4.9051 -0.3952
v -6.2625 4.7680 -0.7532
v -6.2462 4.5014 -0.5644
v -6.2216 4.4991 -0.3965
v -6.2323 4.6514 -0.1183
v -6.2705 4.6052 -0.7284
v 6.2927 4.8784 -0.2771
v 6.2781 4.8118 -0.1572
v 6.2086 4.5251 -0.2270
v 6.2737 4.8379 -0.6820
v 6.2736 4.8830 -0.5921
v 6.2949 4.9058 -0.4716
v 6.3007 4.9051 -0.3952
v 6.2625 4.7680 -0.7532
v 6.2462 4.5014 -0.5644
v 6.2216 4.4991 -0.3965
v 6.2323 4.6514 -0.1183
v 6.2705 4.6052 -0.7284
v 6.2118 4.5186 -0.2693
v -6.2118 4.5186 -0.2693
v -5.9004 4.8634 -0.7061
v -5.9015 4.7639 -0.7514
v -5.9050 4.9406 -0.4174
v -5.9031 4.9496 -0.4951
v -5.8916 4.4955 -0.5549
v -5.8906 4.5081 -0.4216
v -5.9024 4.9325 -0.6018
v -5.9037 4.9041 -0.3072
v -5.9036 4.8204 -0.2094
v -5.8987 4.6762 -0.2029
v -5.8928 4.5678 -0.2936
v -5.8952 4.6115 -0.7204
v -5.8922 4.5529 -0.3256
v 5.9004 4.8634 -0.7061
v 5.9015 4.7639 -0.7514
v 5.9050 4.9406 -0.4174
v 5.9031 4.9496 -0.4951
v 5.8916 4.4955 -0.5549
v 5.8906 4.5081 -0.4216
v 5.9024 4.9325 -0.6018
v 5.9037 4.9041 -0.3072
v 5.9036 4.8204 -0.2094
v 5.8987 4.6762 -0.2029
v 5.8928 4.5678 -0.2936
v 5.8952 4.6115 -0.7204
v 5.8922 4.5529 -0.3256
v 4.2068 4.7395 -0.8289
v 4.2492 4.7402 -0.8689
v 4.5000 4.7373 -0.8597
v 4.4488 4.7387 -0.8898
v 4.2070 4.6590 -0.8234
v 4.2494 4.6531 -0.8629
v 4.5002 4.6585 -0.8544
v 4.4490 4.6528 -0.8840
v 4.2092 4.5811 -0.8025
v 4.2517 4.5689 -0.8403
v 4.5023 4.5824 -0.8339
v 4.4513 4.5697 -0.8616
v 4.2132 4.5089 -0.7669
v 4.2561 4.4907 -0.8017
v 4.5062 4.5117 -0.7990
v 4.4556 4.4926 -0.8236
v 4.2189 4.4450 -0.7180
v 4.2623 4.4216 -0.7488
v 4.5119 4.4493 -0.7512
v 4.4618 4.4245 -0.7715
v 4.2262 4.3920 -0.6577
v 4.2701 4.3642 -0.6836
v 4.5189 4.3974 -0.6922
v 4.4695 4.3679 -0.7071
v 4.2346 4.3519 -0.5883
v 4.2793 4.3208 -0.6085
v 4.5272 4.3581 -0.6244
v 4.4785 4.3251 -0.6331
v 4.2440 4.3262 -0.5126
v 4.2894 4.2930 -0.5265
v 4.5364 4.3330 -0.5503
v 4.4885 4.2976 -0.5522
v 4.2539 4.3158 -0.4333
v 4.3001 4.2818 -0.4407
v 4.5460 4.3229 -0.4728
v 4.4991 4.2866 -0.4676
v 4.2639 4.3213 -0.3536
v 4.3110 4.2877 -0.3543
v 4.5559 4.3282 -0.3948
v 4.5099 4.2924 -0.3824
v 4.2738 4.3424 -0.2765
v 4.3216 4.3105 -0.2708
v 4.5655 4.3488 -0.3194
v 4.5204 4.3149 -0.3001
v 4.2830 4.3782 -0.2049
v 4.3315 4.3493 -0.1934
v 4.5745 4.3839 -0.2494
v 4.5303 4.3532 -0.2237
v 4.2912 4.4274 -0.1417
v 4.3404 4.4026 -0.1249
v 4.5825 4.4320 -0.1875
v 4.5391 4.4057 -0.1562
v 4.2982 4.4882 -0.0892
v 4.3479 4.4683 -0.0680
v 4.5894 4.4914 -0.1362
v 4.5466 4.4706 -0.1001
v 4.3036 4.5581 -0.0494
v 4.3538 4.5440 -0.0250
v 4.5947 4.5599 -0.0973
v 4.5524 4.5452 -0.0577
v 4.3073 4.6346 -0.0239
v 4.3577 4.6267 0.0025
v 4.5983 4.6346 -0.0724
v 4.5563 4.6267 -0.0305
v 4.3091 4.7146 -0.0138
v 4.3596 4.7132 0.0135
v 4.6000 4.7129 -0.0624
v 4.5582 4.7121 -0.0197
v 4.3089 4.7950 -0.0193
v 4.3594 4.8003 0.0076
v 4.5998 4.7916 -0.0678
v 4.5580 4.7980 -0.0255
v 4.3067 4.8729 -0.0402
v 4.3571 4.8845 -0.0151
v 4.5977 4.8678 -0.0883
v 4.5557 4.8810 -0.0479
v 4.3027 4.9451 -0.0758
v 4.3528 4.9627 -0.0536
v 4.5938 4.9384 -0.1231
v 4.5514 4.9581 -0.0859
v 4.2969 5.0090 -0.1247
v 4.3466 5.0318 -0.1065
v 4.5881 5.0009 -0.1710
v 4.5452 5.0263 -0.1380
v 4.2897 5.0620 -0.1850
v 4.3388 5.0892 -0.1718
v 4.5810 5.0527 -0.2299
v 4.5375 5.0828 -0.2024
v 4.2812 5.1021 -0.2543
v 4.3296 5.1326 -0.2468
v 4.5728 5.0920 -0.2977
v 4.5284 5.1257 -0.2764
v 4.2719 5.1279 -0.3301
v 4.3195 5.1605 -0.3289
v 4.5636 5.1171 -0.3718
v 4.5184 5.1531 -0.3573
v 4.2620 5.1382 -0.4094
v 4.3088 5.1716 -0.4147
v 4.5539 5.1272 -0.4494
v 4.5078 5.1642 -0.4419
v 4.2519 5.1327 -0.4891
v 4.2980 5.1657 -0.5010
v 4.5441 5.1219 -0.5273
v 4.4970 5.1583 -0.5271
v 4.2421 5.1117 -0.5662
v 4.2874 5.1429 -0.5845
v 4.5345 5.1013 -0.6028
v 4.4865 5.1358 -0.6094
v 4.2329 5.0758 -0.6378
v 4.2774 5.1041 -0.6620
v 4.5255 5.0663 -0.6728
v 4.4767 5.0976 -0.6858
v 4.2247 5.0266 -0.7010
v 4.2685 5.0508 -0.7305
v 4.5174 5.0181 -0.7346
v 4.4679 5.0450 -0.7534
v 4.2177 4.9659 -0.7535
v 4.2610 4.9851 -0.7873
v 4.5106 4.9587 -0.7860
v 4.4604 4.9802 -0.8094
v 4.2123 4.8959 -0.7933
v 4.2551 4.9094 -0.8303
v 4.5053 4.8903 -0.8249
v 4.4546 4.9056 -0.8518
v 4.2086 4.8195 -0.8187
v 4.2511 4.8267 -0.8579
v 4.5017 4.8155 -0.8498
v 4.4507 4.8240 -0.8790
v 0.9744 4.3610 -1.3141
v 0.9090 4.3639 -1.3209
v 0.8450 4.3791 -1.3244
v 0.7850 4.4062 -1.3244
v 0.7312 4.4440 -1.3209
v 0.6858 4.4911 -1.3141
v 0.6504 4.5458 -1.3042
v 0.6264 4.6058 -1.2917
v 0.6147 4.6689 -1.2769
v 0.6158 4.7326 -1.2605
v 0.6297 4.7946 -1.2430
v 0.6557 4.8523 -1.2253
v 0.6930 4.9037 -1.2078
v 0.7400 4.9468 -1.1914
v 0.7951 4.9798 -1.1766
v 0.8559 5.0015 -1.1641
v 0.9203 5.0111 -1.1542
v 0.9857 5.0082 -1.1474
v 1.0497 4.9929 -1.1439
v 1.1097 4.9659 -1.1439
v 1.1635 4.9280 -1.1474
v 1.2089 4.8809 -1.1542
v 1.2444 4.8263 -1.1641
v 1.2684 4.7663 -1.1767
v 1.2800 4.7032 -1.1914
v 1.2789 4.6395 -1.2079
v 1.2651 4.5775 -1.2253
v 1.2390 4.5197 -1.2430
v 1.2017 4.4683 -1.2605
v 1.1547 4.4253 -1.2769
v 1.0997 4.3923 -1.2917
v 1.0388 4.3706 -1.3042
v 0.9595 4.5405 -1.2699
v 0.9302 4.5418 -1.2730
v 0.9016 4.5487 -1.2745
v 0.8747 4.5608 -1.2745
v 0.8506 4.5777 -1.2730
v 0.8303 4.5988 -1.2699
v 0.8144 4.6232 -1.2655
v 0.8037 4.6501 -1.2599
v 0.7985 4.6783 -1.2533
v 0.7990 4.7069 -1.2459
v 0.8052 4.7346 -1.2381
v 0.8168 4.7605 -1.2302
v 0.8335 4.7835 -1.2224
v 0.8546 4.8027 -1.2150
v 0.8792 4.8175 -1.2084
v 0.9064 4.8272 -1.2028
v 0.9353 4.8315 -1.1984
v 0.9645 4.8302 -1.1953
v 0.9932 4.8234 -1.1938
v 1.0200 4.8113 -1.1938
v 1.0441 4.7943 -1.1953
v 1.0644 4.7733 -1.1984
v 1.0803 4.7488 -1.2028
v 1.0910 4.7220 -1.2084
v 1.0963 4.6937 -1.2150
v 1.0958 4.6652 -1.2224
v 1.0896 4.6374 -1.2302
v 1.0779 4.6116 -1.2381
v 1.0612 4.5886 -1.2459
v 1.0402 4.5693 -1.2533
v 1.0155 4.5545 -1.2599
v 0.9883 4.5448 -1.2655
v 0.9671 4.5819 -1.3461
v 0.9665 4.5561 -1.3307
v 0.9372 4.5574 -1.3338
v 0.9420 4.5830 -1.3487
v 0.9086 4.5642 -1.3353
v 0.9174 4.5889 -1.3500
v 0.8817 4.5763 -1.3353
v 0.8943 4.5993 -1.3500
v 0.8576 4.5932 -1.3338
v 0.8737 4.6138 -1.3487
v 0.8373 4.6143 -1.3307
v 0.8562 4.6319 -1.3460
v 0.8214 4.6388 -1.3263
v 0.8426 4.6529 -1.3423
v 0.8107 4.6656 -1.3207
v 0.8334 4.6759 -1.3374
v 0.8055 4.6939 -1.3141
v 0.8289 4.7002 -1.3318
v 0.8060 4.7224 -1.3067
v 0.8293 4.7247 -1.3254
v 0.8122 4.7501 -1.2989
v 0.8346 4.7485 -1.3188
v 0.8238 4.7760 -1.2910
v 0.8447 4.7707 -1.3119
v 0.8405 4.7990 -1.2832
v 0.8590 4.7904 -1.3052
v 0.8616 4.8183 -1.2758
v 0.8771 4.8070 -1.2989
v 0.8862 4.8330 -1.2692
v 0.8982 4.8196 -1.2932
v 0.9134 4.8428 -1.2636
v 0.9216 4.8280 -1.2884
v 0.9423 4.8471 -1.2592
v 0.9463 4.8317 -1.2846
v 0.9715 4.8458 -1.2561
v 0.9715 4.8306 -1.2820
v 1.0002 4.8389 -1.2546
v 0.9960 4.8247 -1.2807
v 1.0270 4.8268 -1.2546
v 1.0191 4.8143 -1.2807
v 1.0511 4.8099 -1.2561
v 1.0397 4.7998 -1.2820
v 1.0714 4.7888 -1.2592
v 1.0572 4.7816 -1.2846
v 1.0873 4.7643 -1.2636
v 1.0708 4.7607 -1.2884
v 1.0980 4.7375 -1.2692
v 1.0801 4.7376 -1.2933
v 1.1033 4.7092 -1.2758
v 1.0845 4.7134 -1.2989
v 1.1028 4.6807 -1.2832
v 1.0841 4.6889 -1.3052
v 1.0966 4.6530 -1.2910
v 1.0788 4.6651 -1.3119
v 1.0849 4.6271 -1.2989
v 1.0688 4.6429 -1.3188
v 1.0682 4.6041 -1.3067
v 1.0544 4.6231 -1.3255
v 1.0472 4.5849 -1.3141
v 1.0364 4.6066 -1.3318
v 1.0225 4.5701 -1.3207
v 1.0152 4.5939 -1.3374
v 0.9953 4.5604 -1.3263
v 0.9918 4.5856 -1.3423
v 0.9903 4.3033 -1.4146
v 0.9897 4.2775 -1.3993
v 0.9043 4.2812 -1.4081
v 0.9091 4.3069 -1.4230
v 0.8209 4.3012 -1.4126
v 0.8297 4.3258 -1.4273
v 0.7426 4.3365 -1.4126
v 0.7552 4.3594 -1.4273
v 0.6724 4.3858 -1.4081
v 0.6885 4.4064 -1.4230
v 0.6131 4.4473 -1.3992
v 0.6320 4.4649 -1.4146
v 0.5669 4.5186 -1.3864
v 0.5880 4.5327 -1.4023
v 0.5356 4.5968 -1.3700
v 0.5582 4.6071 -1.3867
v 0.5203 4.6792 -1.3507
v 0.5438 4.6855 -1.3684
v 0.5218 4.7623 -1.3293
v 0.5451 4.7646 -1.3480
v 0.5399 4.8432 -1.3065
v 0.5623 4.8415 -1.3264
v 0.5739 4.9186 -1.2833
v 0.5947 4.9132 -1.3043
v 0.6225 4.9856 -1.2606
v 0.6410 4.9770 -1.2827
v 0.6839 5.0417 -1.2392
v 0.6994 5.0304 -1.2623
v 0.7557 5.0848 -1.2199
v 0.7677 5.0714 -1.2439
v 0.8351 5.1132 -1.2035
v 0.8432 5.0984 -1.2283
v 0.9191 5.1257 -1.1906
v 0.9231 5.1103 -1.2161
v 1.0044 5.1219 -1.1818
v 1.0043 5.1067 -1.2077
v 1.0879 5.1020 -1.1772
v 1.0837 5.0877 -1.2034
v 1.1662 5.0666 -1.1773
v 1.1582 5.0541 -1.2034
v 1.2363 5.0173 -1.1818
v 1.2250 5.0072 -1.2077
v 1.2956 4.9558 -1.1907
v 1.2814 4.9487 -1.2161
v 1.3419 4.8846 -1.2035
v 1.3254 4.8809 -1.2284
v 1.3732 4.8063 -1.2199
v 1.3552 4.8064 -1.2440
v 1.3884 4.7240 -1.2392
v 1.3697 4.7281 -1.2623
v 1.3869 4.6408 -1.2606
v 1.3683 4.6490 -1.2827
v 1.3689 4.5600 -1.2834
v 1.3511 4.5721 -1.3043
v 1.3349 4.4846 -1.3066
v 1.3187 4.5003 -1.3264
v 1.2862 4.4175 -1.3293
v 1.2725 4.4365 -1.3480
v 1.2248 4.3614 -1.3507
v 1.2141 4.3831 -1.3684
v 1.1531 4.3183 -1.3700
v 1.1458 4.3421 -1.3867
v 1.0737 4.2900 -1.3864
v 1.0702 4.3152 -1.4023
v 0.9814 4.3765 -1.3749
v 0.9855 4.3611 -1.4004
v 0.9159 4.3642 -1.4076
v 0.9160 4.3794 -1.3817
v 0.8479 4.3804 -1.4113
v 0.8520 4.3947 -1.3852
v 0.7841 4.4092 -1.4113
v 0.7920 4.4217 -1.3852
v 0.7269 4.4494 -1.4076
v 0.7383 4.4596 -1.3817
v 0.6786 4.4995 -1.4003
v 0.6928 4.5067 -1.3749
v 0.6409 4.5576 -1.3898
v 0.6574 4.5613 -1.3650
v 0.6154 4.6214 -1.3765
v 0.6334 4.6213 -1.3524
v 0.6030 4.6885 -1.3608
v 0.6217 4.6844 -1.3377
v 0.6041 4.7563 -1.3433
v 0.6228 4.7481 -1.3213
v 0.6189 4.8222 -1.3248
v 0.6367 4.8101 -1.3038
v 0.6466 4.8836 -1.3059
v 0.6627 4.8679 -1.2861
v 0.6862 4.9383 -1.2874
v 0.7000 4.9193 -1.2686
v 0.7363 4.9840 -1.2699
v 0.7470 4.9623 -1.2522
v 0.7948 5.0191 -1.2542
v 0.8021 4.9953 -1.2374
v 0.8595 5.0422 -1.2408
v 0.8629 5.0170 -1.2249
v 0.9280 5.0524 -1.2303
v 0.9273 5.0266 -1.2150
v 0.9975 5.0494 -1.2231
v 0.9927 5.0237 -1.2082
v 1.0655 5.0331 -1.2194
v 1.0567 5.0085 -1.2047
v 1.1293 5.0043 -1.2194
v 1.1167 4.9814 -1.2047
v 1.1865 4.9641 -1.2231
v 1.1705 4.9436 -1.2082
v 1.2349 4.9140 -1.2303
v 1.2159 4.8964 -1.2150
v 1.2725 4.8559 -1.2408
v 1.2514 4.8418 -1.2249
v 1.2981 4.7921 -1.2542
v 1.2754 4.7818 -1.2374
v 1.3105 4.7250 -1.2699
v 1.2870 4.7187 -1.2522
v 1.3093 4.6572 -1.2874
v 1.2859 4.6550 -1.2686
v 1.2946 4.5914 -1.3059
v 1.2721 4.5930 -1.2861
v 1.2668 4.5299 -1.3248
v 1.2460 4.5352 -1.3038
v 1.2272 4.4753 -1.3433
v 1.2087 4.4838 -1.3213
v 1.1772 4.4295 -1.3608
v 1.1617 4.4408 -1.3377
v 1.1187 4.3944 -1.3765
v 1.1067 4.4078 -1.3525
v 1.0539 4.3713 -1.3899
v 1.0458 4.3861 -1.3650
v 0.9756 4.2463 -1.2774
v 0.9482 4.3500 -1.1058
v 0.8908 4.3525 -1.1118
v 0.8903 4.2501 -1.2862
v 0.8347 4.3659 -1.1148
v 0.8068 4.2700 -1.2907
v 0.7820 4.3897 -1.1149
v 0.7285 4.3053 -1.2907
v 0.7348 4.4229 -1.1118
v 0.6584 4.3547 -1.2862
v 0.6949 4.4642 -1.1058
v 0.5990 4.4162 -1.2773
v 0.6638 4.5122 -1.0972
v 0.5528 4.4874 -1.2645
v 0.6427 4.5649 -1.0861
v 0.5215 4.5657 -1.2481
v 0.6325 4.6202 -1.0732
v 0.5063 4.6480 -1.2288
v 0.6335 4.6762 -1.0588
v 0.5077 4.7312 -1.2074
v 0.6456 4.7306 -1.0435
v 0.5258 4.8120 -1.1846
v 0.6685 4.7813 -1.0278
v 0.5598 4.8874 -1.1614
v 0.7012 4.8264 -1.0126
v 0.6085 4.9545 -1.1387
v 0.7425 4.8642 -0.9982
v 0.6698 5.0106 -1.1173
v 0.7908 4.8932 -0.9852
v 0.7416 5.0537 -1.0980
v 0.8442 4.9122 -0.9742
v 0.8210 5.0820 -1.0816
v 0.9007 4.9206 -0.9655
v 0.9050 5.0945 -1.0687
v 0.9582 4.9181 -0.9595
v 0.9904 5.0907 -1.0599
v 1.0143 4.9047 -0.9565
v 1.0738 5.0708 -1.0553
v 1.0670 4.8809 -0.9565
v 1.1521 5.0355 -1.0553
v 1.1142 4.8477 -0.9595
v 1.2223 4.9861 -1.0599
v 1.1541 4.8064 -0.9655
v 1.2816 4.9247 -1.0688
v 1.1852 4.7584 -0.9742
v 1.3278 4.8534 -1.0816
v 1.2063 4.7058 -0.9852
v 1.3591 4.7751 -1.0980
v 1.2165 4.6504 -0.9982
v 1.3744 4.6928 -1.1173
v 1.2155 4.5944 -1.0126
v 1.3729 4.6096 -1.1387
v 1.2034 4.5400 -1.0279
v 1.3548 4.5288 -1.1615
v 1.1805 4.4893 -1.0435
v 1.3208 4.4534 -1.1847
v 1.1478 4.4442 -1.0588
v 1.2722 4.3864 -1.2074
v 1.1065 4.4064 -1.0732
v 1.2108 4.3302 -1.2288
v 1.0582 4.3775 -1.0861
v 1.1390 4.2872 -1.2481
v 1.0047 4.3584 -1.0972
v 1.0596 4.2588 -1.2645
v -4.2068 4.7395 -0.8289
v -4.2492 4.7402 -0.8689
v -4.5000 4.7373 -0.8597
v -4.4488 4.7387 -0.8898
v -4.2070 4.6590 -0.8234
v -4.2494 4.6531 -0.8629
v -4.5002 4.6585 -0.8544
v -4.4490 4.6528 -0.8840
v -4.2092 4.5811 -0.8025
v -4.2517 4.5689 -0.8403
v -4.5023 4.5824 -0.8339
v -4.4513 4.5697 -0.8616
v -4.2132 4.5089 -0.7669
v -4.2561 4.4907 -0.8017
v -4.5062 4.5117 -0.7990
v -4.4556 4.4926 -0.8236
v -4.2189 4.4450 -0.7180
v -4.2623 4.4216 -0.7488
v -4.5119 4.4493 -0.7512
v -4.4618 4.4245 -0.7715
v -4.2262 4.3920 -0.6577
v -4.2701 4.3642 -0.6836
v -4.5189 4.3974 -0.6922
v -4.4695 4.3679 -0.7071
v -4.2346 4.3519 -0.5883
v -4.2793 4.3208 -0.6085
v -4.5272 4.3581 -0.6244
v -4.4785 4.3251 -0.6331
v -4.2440 4.3262 -0.5126
v -4.2894 4.2930 -0.5265
v -4.5364 4.3330 -0.5503
v -4.4885 4.2976 -0.5522
v -4.2539 4.3158 -0.4333
v -4.3001 4.2818 -0.4407
v -4.5460 4.3229 -0.4728
v -4.4991 4.2866 -0.4676
v -4.2639 4.3213 -0.3536
v -4.3110 4.2877 -0.3543
v -4.5559 4.3282 -0.3948
v -4.5099 4.2924 -0.3824
v -4.2738 4.3424 -0.2765
v -4.3216 4.3105 -0.2708
v -4.5655 4.3488 -0.3194
v -4.5204 4.3149 -0.3001
v -4.2830 4.3782 -0.2049
v -4.3315 4.3493 -0.1934
v -4.5745 4.3839 -0.2494
v -4.5303 4.3532 -0.2237
v -4.2912 4.4274 -0.1417
v -4.3404 4.4026 -0.1249
v -4.5825 4.4320 -0.1875
v -4.5391 4.4057 -0.1562
v -4.2982 4.4882 -0.0892
v -4.3479 4.4683 -0.0680
v -4.5894 4.4914 -0.1362
v -4.5466 4.4706 -0.1001
v -4.3036 4.5581 -0.0494
v -4.3538 4.5440 -0.0250
v -4.5947 4.5599 -0.0973
v -4.5524 4.5452 -0.0577
v -4.3073 4.6346 -0.0239
v -4.3577 4.6267 0.0025
v -4.5983 4.6346 -0.0724
v -4.5563 4.6267 -0.0305
v -4.3091 4.7146 -0.0138
v -4.3596 4.7132 0.0135
v -4.6000 4.7129 -0.0624
v -4.5582 4.7121 -0.0197
v -4.3089 4.7950 -0.0193
v -4.3594 4.8003 0.0076
v -4.5998 4.7916 -0.0678
v -4.5580 4.7980 -0.0255
v -4.3067 4.8729 -0.0402
v -4.3571 4.8845 -0.0151
v -4.5977 4.8678 -0.0883
v -4.5557 4.8810 -0.0479
v -4.3027 4.9451 -0.0758
v -4.3528 4.9627 -0.0536
v -4.5938 4.9384 -0.1231
v -4.5514 4.9581 -0.0859
v -4.2969 5.0090 -0.1247
v -4.3466 5.0318 -0.1065
v -4.5881 5.0009 -0.1710
v -4.5452 5.0263 -0.1380
v -4.2897 5.0620 -0.1850
v -4.3388 5.0892 -0.1718
v -4.5810 5.0527 -0.2299
v -4.5375 5.0828 -0.2024
v -4.2812 5.1021 -0.2543
v -4.3296 5.1326 -0.2468
v -4.5728 5.0920 -0.2977
v -4.5284 5.1257 -0.2764
v -4.2719 5.1279 -0.3301
v -4.3195 5.1605 -0.3289
v -4.5636 5.1171 -0.3718
v -4.5184 5.1531 -0.3573
v -4.2620 5.1382 -0.4094
v -4.3088 5.1716 -0.4147
v -4.5539 5.1272 -0.4494
v -4.5078 5.1642 -0.4419
v -4.2519 5.1327 -0.4891
v -4.2980 5.1657 -0.5010
v -4.5441 5.1219 -0.5273
v -4.4970 5.1583 -0.5271
v -4.2421 5.1117 -0.5662
v -4.2874 5.1429 -0.5845
v -4.5345 5.1013 -0.6028
v -4.4865 5.1358 -0.6094
v -4.2329 5.0758 -0.6378
v -4.2774 5.1041 -0.6620
v -4.5255 5.0663 -0.6728
v -4.4767 5.0976 -0.6858
v -4.2247 5.0266 -0.7010
v -4.2685 5.0508 -0.7305
v -4.5174 5.0181 -0.7346
v -4.4679 5.0450 -0.7534
v -4.2177 4.9659 -0.7535
v -4.2610 4.9851 -0.7873
v -4.5106 4.9587 -0.7860
v -4.4604 4.9802 -0.8094
v -4.2123 4.8959 -0.7933
v -4.2551 4.9094 -0.8303
v -4.5053 4.8903 -0.8249
v -4.4546 4.9056 -0.8518
v -4.2086 4.8195 -0.8187
v -4.2511 4.8267 -0.8579
v -4.5017 4.8155 -0.8498
v -4.4507 4.8240 -0.8790
v -0.9744 4.3610 -1.3141
v -0.9090 4.3639 -1.3209
v -0.8450 4.3791 -1.3244
v -0.7850 4.4062 -1.3244
v -0.7312 4.4440 -1.3209
v -0.6858 4.4911 -1.3141
v -0.6504 4.5458 -1.3042
v -0.6264 4.6058 -1.2917
v -0.6147 4.6689 -1.2769
v -0.6158 4.7326 -1.2605
v -0.6297 4.7946 -1.2430
v -0.6557 4.8523 -1.2253
v -0.6930 4.9037 -1.2078
v -0.7400 4.9468 -1.1914
v -0.7951 4.9798 -1.1766
v -0.8559 5.0015 -1.1641
v -0.9203 5.0111 -1.1542
v -0.9857 5.0082 -1.1474
v -1.0497 4.9929 -1.1439
v -1.1097 4.9659 -1.1439
v -1.1635 4.9280 -1.1474
v -1.2089 4.8809 -1.1542
v -1.2444 4.8263 -1.1641
v -1.2684 4.7663 -1.1767
v -1.2800 4.7032 -1.1914
v -1.2789 4.6395 -1.2079
v -1.2651 4.5775 -1.2253
v -1.2390 4.5197 -1.2430
v -1.2017 4.4683 -1.2605
v -1.1547 4.4253 -1.2769
v -1.0997 4.3923 -1.2917
v -1.0388 4.3706 -1.3042
v -0.9595 4.5405 -1.2699
v -0.9302 4.5418 -1.2730
v -0.9016 4.5487 -1.2745
v -0.8747 4.5608 -1.2745
v -0.8506 4.5777 -1.2730
v -0.8303 4.5988 -1.2699
v -0.8144 4.6232 -1.2655
v -0.8037 4.6501 -1.2599
v -0.7985 4.6783 -1.2533
v -0.7990 4.7069 -1.2459
v -0.8052 4.7346 -1.2381
v -0.8168 4.7605 -1.2302
v -0.8335 4.7835 -1.2224
v -0.8546 4.8027 -1.2150
v -0.8792 4.8175 -1.2084
v -0.9064 4.8272 -1.2028
v -0.9353 4.8315 -1.1984
v -0.9645 4.8302 -1.1953
v -0.9932 4.8234 -1.1938
v -1.0200 4.8113 -1.1938
v -1.0441 4.7943 -1.1953
v -1.0644 4.7733 -1.1984
v -1.0803 4.7488 -1.2028
v -1.0910 4.7220 -1.2084
v -1.0963 4.6937 -1.2150
v -1.0958 4.6652 -1.2224
v -1.0896 4.6374 -1.2302
v -1.0779 4.6116 -1.2381
v -1.0612 4.5886 -1.2459
v -1.0402 4.5693 -1.2533
v -1.0155 4.5545 -1.2599
v -0.9883 4.5448 -1.2655
v -0.9671 4.5819 -1.3461
v -0.9665 4.5561 -1.3307
v -0.9372 4.5574 -1.3338
v -0.9420 4.5830 -1.3487
v -0.9086 4.5642 -1.3353
v -0.9174 4.5889 -1.3500
v -0.8817 4.5763 -1.3353
v -0.8943 4.5993 -1.3500
v -0.8576 4.5932 -1.3338
v -0.8737 4.6138 -1.3487
v -0.8373 4.6143 -1.3307
v -0.8562 4.6319 -1.3460
v -0.8214 4.6388 -1.3263
v -0.8426 4.6529 -1.3423
v -0.8107 4.6656 -1.3207
v -0.8334 4.6759 -1.3374
v -0.8055 4.6939 -1.3141
v -0.8289 4.7002 -1.3318
v -0.8060 4.7224 -1.3067
v -0.8293 4.7247 -1.3254
v -0.8122 4.7501 -1.2989
v -0.8346 4.7485 -1.3188
v -0.8238 4.7760 -1.2910
v -0.8447 4.7707 -1.3119
v -0.8405 4.7990 -1.2832
v -0.8590 4.7904 -1.3052
v -0.8616 4.8183 -1.2758
v -0.8771 4.8070 -1.2989
v -0.8862 4.8330 -1.2692
v -0.8982 4.8196 -1.2932
v -0.9134 4.8428 -1.2636
v -0.9216 4.8280 -1.2884
v -0.9423 4.8471 -1.2592
v -0.9463 4.8317 -1.2846
v -0.9715 4.8458 -1.2561
v -0.9715 4.8306 -1.2820
v -1.0002 4.8389 -1.2546
v -0.9960 4.8247 -1.2807
v -1.0270 4.8268 -1.2546
v -1.0191 4.8143 -1.2807
v -1.0511 4.8099 -1.2561
v -1.0397 4.7998 -1.2820
v -1.0714 4.7888 -1.2592
v -1.0572 4.7816 -1.2846
v -1.0873 4.7643 -1.2636
v -1.0708 4.7607 -1.2884
v -1.0980 4.7375 -1.2692
v -1.0801 4.7376 -1.2933
v -1.1033 4.7092 -1.2758
v -1.0845 4.7134 -1.2989
v -1.1028 4.6807 -1.2832
v -1.0841 4.6889 -1.3052
v -1.0966 4.6530 -1.2910
v -1.0788 4.6651 -1.3119
v -1.0849 4.6271 -1.2989
v -1.0688 4.6429 -1.3188
v -1.0682 4.6041 -1.3067
v -1.0544 4.6231 -1.3255
v -1.0472 4.5849 -1.3141
v -1.0364 4.6066 -1.3318
v -1.0225 4.5701 -1.3207
v -1.0152 4.5939 -1.3374
v -0.9953 4.5604 -1.3263
v -0.9918 4.5856 -1.3423
v -0.9903 4.3033 -1.4146
v -0.9897 4.2775 -1.3993
v -0.9043 4.2812 -1.4081
v -0.9091 4.3069 -1.4230
v -0.8209 4.3012 -1.4126
v -0.8297 4.3258 -1.4273
v -0.7426 4.3365 -1.4126
v -0.7552 4.3594 -1.4273
v -0.6724 4.3858 -1.4081
v -0.6885 4.4064 -1.4230
v -0.6131 4.4473 -1.3992
v -0.6320 4.4649 -1.4146
v -0.5669 4.5186 -1.3864
v -0.5880 4.5327 -1.4023
v -0.5356 4.5968 -1.3700
v -0.5582 4.6071 -1.3867
v -0.5203 4.6792 -1.3507
v -0.5438 4.6855 -1.3684
v -0.5218 4.7623 -1.3293
v -0.5451 4.7646 -1.3480
v -0.5399 4.8432 -1.3065
v -0.5623 4.8415 -1.3264
v -0.5739 4.9186 -1.2833
v -0.5947 4.9132 -1.3043
v -0.6225 4.9856 -1.2606
v -0.6410 4.9770 -1.2827
v -0.6839 5.0417 -1.2392
v -0.6994 5.0304 -1.2623
v -0.7557 5.0848 -1.2199
v -0.7677 5.0714 -1.2439
v -0.8351 5.1132 -1.2035
v -0.8432 5.0984 -1.2283
v -0.9191 5.1257 -1.1906
v -0.9231 5.1103 -1.2161
v -1.0044 5.1219 -1.1818
v -1.0043 5.1067 -1.2077
v -1.0879 5.1020 -1.1772
v -1.0837 5.0877 -1.2034
v -1.1662 5.0666 -1.1773
v -1.1582 5.0541 -1.2034
v -1.2363 5.0173 -1.1818
v -1.2250 5.0072 -1.2077
v -1.2956 4.9558 -1.1907
v -1.2814 4.9487 -1.2161
v -1.3419 4.8846 -1.2035
v -1.3254 4.8809 -1.2284
v -1.3732 4.8063 -1.2199
v -1.3552 4.8064 -1.2440
v -1.3884 4.7240 -1.2392
v -1.3697 4.7281 -1.2623
v -1.3869 4.6408 -1.2606
v -1.3683 4.6490 -1.2827
v -1.3689 4.5600 -1.2834
v -1.3511 4.5721 -1.3043
v -1.3349 4.4846 -1.3066
v -1.3187 4.5003 -1.3264
v -1.2862 4.4175 -1.3293
v -1.2725 4.4365 -1.3480
v -1.2248 4.3614 -1.3507
v -1.2141 4.3831 -1.3684
v -1.1531 4.3183 -1.3700
v -1.1458 4.3421 -1.3867
v -1.0737 4.2900 -1.3864
v -1.0702 4.3152 -1.4023
v -0.9814 4.3765 -1.3749
v -0.9855 4.3611 -1.4004
v -0.9159 4.3642 -1.4076
v -0.9160 4.3794 -1.3817
v -0.8479 4.3804 -1.4113
v -0.8520 4.3947 -1.3852
v -0.7841 4.4092 -1.4113
v -0.7920 4.4217 -1.3852
v -0.7269 4.4494 -1.4076
v -0.7383 4.4596 -1.3817
v -0.6786 4.4995 -1.4003
v -0.6928 4.5067 -1.3749
v -0.6409 4.5576 -1.3898
v -0.6574 4.5613 -1.3650
v -0.6154 4.6214 -1.3765
v -0.6334 4.6213 -1.3524
v -0.6030 4.6885 -1.3608
v -0.6217 4.6844 -1.3377
v -0.6041 4.7563 -1.3433
v -0.6228 4.7481 -1.3213
v -0.6189 4.8222 -1.3248
v -0.6367 4.8101 -1.3038
v -0.6466 4.8836 -1.3059
v -0.6627 4.8679 -1.2861
v -0.6862 4.9383 -1.2874
v -0.7000 4.9193 -1.2686
v -0.7363 4.9840 -1.2699
v -0.7470 4.9623 -1.2522
v -0.7948 5.0191 -1.2542
v -0.8021 4.9953 -1.2374
v -0.8595 5.0422 -1.2408
v -0.8629 5.0170 -1.2249
v -0.9280 5.0524 -1.2303
v -0.9273 5.0266 -1.2150
v -0.9975 5.0494 -1.2231
v -0.9927 5.0237 -1.2082
v -1.0655 5.0331 -1.2194
v -1.0567 5.0085 -1.2047
v -1.1293 5.0043 -1.2194
v -1.1167 4.9814 -1.2047
v -1.1865 4.9641 -1.2231
v -1.1705 4.9436 -1.2082
v -1.2349 4.9140 -1.2303
v -1.2159 4.8964 -1.2150
v -1.2725 4.8559 -1.2408
v -1.2514 4.8418 -1.2249
v -1.2981 4.7921 -1.2542
v -1.2754 4.7818 -1.2374
v -1.3105 4.7250 -1.2699
v -1.2870 4.7187 -1.2522
v -1.3093 4.6572 -1.2874
v -1.2859 4.6550 -1.2686
v -1.2946 4.5914 -1.3059
v -1.2721 4.5930 -1.2861
v -1.2668 4.5299 -1.3248
v -1.2460 4.5352 -1.3038
v -1.2272 4.4753 -1.3433
v -1.2087 4.4838 -1.3213
v -1.1772 4.4295 -1.3608
v -1.1617 4.4408 -1.3377
v -1.1187 4.3944 -1.3765
v -1.1067 4.4078 -1.3525
v -1.0539 4.3713 -1.3899
v -1.0458 4.3861 -1.3650
v -0.9756 4.2463 -1.2774
v -0.9482 4.3500 -1.1058
v -0.8908 4.3525 -1.1118
v -0.8903 4.2501 -1.2862
v -0.8347 4.3659 -1.1148
v -0.8068 4.2700 -1.2907
v -0.7820 4.3897 -1.1149
v -0.7285 4.3053 -1.2907
v -0.7348 4.4229 -1.1118
v -0.6584 4.3547 -1.2862
v -0.6949 4.4642 -1.1058
v -0.5990 4.4162 -1.2773
v -0.6638 4.5122 -1.0972
v -0.5528 4.4874 -1.2645
v -0.6427 4.5649 -1.0861
v -0.5215 4.5657 -1.2481
v -0.6325 4.6202 -1.0732
v -0.5063 4.6480 -1.2288
v -0.6335 4.6762 -1.0588
v -0.5077 4.7312 -1.2074
v -0.6456 4.7306 -1.0435
v -0.5258 4.8120 -1.1846
v -0.6685 4.7813 -1.0278
v -0.5598 4.8874 -1.1614
v -0.7012 4.8264 -1.0126
v -0.6085 4.9545 -1.1387
v -0.7425 4.8642 -0.9982
v -0.6698 5.0106 -1.1173
v -0.7908 4.8932 -0.9852
v -0.7416 5.0537 -1.0980
v -0.8442 4.9122 -0.9742
v -0.8210 5.0820 -1.0816
v -0.9007 4.9206 -0.9655
v -0.9050 5.0945 -1.0687
v -0.9582 4.9181 -0.9595
v -0.9904 5.0907 -1.0599
v -1.0143 4.9047 -0.9565
v -1.0738 5.0708 -1.0553
v -1.0670 4.8809 -0.9565
v -1.1521 5.0355 -1.0553
v -1.1142 4.8477 -0.9595
v -1.2223 4.9861 -1.0599
v -1.1541 4.8064 -0.9655
v -1.2816 4.9247 -1.0688
v -1.1852 4.7584 -0.9742
v -1.3278 4.8534 -1.0816
v -1.2063 4.7058 -0.9852
v -1.3591 4.7751 -1.0980
v -1.2165 4.6504 -0.9982
v -1.3744 4.6928 -1.1173
v -1.2155 4.5944 -1.0126
v -1.3729 4.6096 -1.1387
v -1.2034 4.5400 -1.0279
v -1.3548 4.5288 -1.1615
v -1.1805 4.4893 -1.0435
v -1.3208 4.4534 -1.1847
v -1.1478 4.4442 -1.0588
v -1.2722 4.3864 -1.2074
v -1.1065 4.4064 -1.0732
v -1.2108 4.3302 -1.2288
v -1.0582 4.3775 -1.0861
v -1.1390 4.2872 -1.2481
v -1.0047 4.3584 -1.0972
v -1.0596 4.2588 -1.2645
v -1.4299 0.6447 0.2611
v -1.4819 0.2915 0.3152
v -1.5858 0.7035 -0.0873
v -1.5791 0.7041 -0.0110
v -1.6588 0.3396 0.0496
v -1.6061 0.7020 -0.3160
v -1.6860 0.3700 -0.2994
v -1.6656 0.3472 -0.0376
v 1.4299 0.6447 0.2611
v 1.4819 0.2915 0.3152
v 1.5858 0.7035 -0.0873
v 1.5791 0.7041 -0.0110
v 1.6588 0.3396 0.0496
v 1.6061 0.7020 -0.3160
v 1.6860 0.3700 -0.2994
v 1.6656 0.3472 -0.0376
v -0.2225 0.0912 0.6930
v -0.3945 0.1346 0.6799
v -0.5668 0.1704 0.6559
v -0.7740 0.1896 0.6139
v -0.9791 0.2461 0.5929
v -1.1696 0.2935 0.5331
v -1.4316 0.3982 0.3238
v -1.3001 0.4209 -1.1146
v -1.5503 0.4303 -0.7661
v -1.6423 0.4713 -0.3296
v -1.0280 0.4132 -1.3240
v -0.8226 0.4201 -1.3979
v -0.6457 0.4309 -1.4475
v -0.5042 0.4316 -1.4603
v -0.3220 0.4250 -1.4615
v -0.1088 0.4085 -1.4373
v -0.0038 0.3992 -1.4211
v 0.2225 0.0912 0.6930
v 0.3945 0.1346 0.6799
v 0.5668 0.1704 0.6559
v 0.7740 0.1896 0.6139
v 0.9791 0.2461 0.5929
v 1.1696 0.2935 0.5331
v 1.4316 0.3982 0.3238
v 1.3001 0.4209 -1.1146
v 1.5503 0.4303 -0.7661
v 1.6423 0.4713 -0.3296
v 1.0280 0.4132 -1.3240
v 0.8226 0.4201 -1.3979
v 0.6457 0.4309 -1.4475
v 0.5042 0.4316 -1.4603
v 0.3220 0.4250 -1.4615
v 0.1088 0.4085 -1.4373
v -0.0001 0.0567 0.6911
v 0.0525 0.4039 -1.4292
v 0.1112 0.0739 0.6921
v -0.0563 0.4039 -1.4292
v -0.1113 0.0739 0.6921
v -1.4626 0.4225 0.2951
v -1.6292 0.4748 0.0271
v -1.6564 0.4932 -0.3056
v 1.4626 0.4225 0.2951
v 1.6292 0.4748 0.0271
v 1.6564 0.4932 -0.3056
v 1.6360 0.4794 -0.0561
v -1.6360 0.4794 -0.0561
v -1.2964 0.4240 -1.1415
v -1.3001 0.4276 -1.1302
v -1.3253 0.3010 -1.1574
v -1.3319 0.2923 -1.1477
v -1.0307 0.2874 -1.3926
v -1.0308 0.2785 -1.3883
v -1.0281 0.4165 -1.3482
v -1.0280 0.4200 -1.3396
v -0.8221 0.4236 -1.4230
v -0.8226 0.4268 -1.4136
v -0.8124 0.2938 -1.4894
v -0.8120 0.2851 -1.4861
v -0.6361 0.3012 -1.5304
v -0.6357 0.2924 -1.5268
v -0.4963 0.3042 -1.5484
v -0.4960 0.2955 -1.5451
v -0.6453 0.4343 -1.4722
v -0.6457 0.4377 -1.4633
v -0.5039 0.4351 -1.4852
v -0.5042 0.4384 -1.4761
v -0.3286 0.4288 -1.4864
v -0.3220 0.4318 -1.4773
v -0.3289 0.2958 -1.5490
v -0.3223 0.2867 -1.5455
v 1.2964 0.4240 -1.1415
v 1.3001 0.4276 -1.1302
v 1.3319 0.2923 -1.1477
v 1.3253 0.3010 -1.1574
v 1.0308 0.2785 -1.3883
v 1.0307 0.2874 -1.3926
v 1.0280 0.4200 -1.3396
v 1.0281 0.4165 -1.3482
v 0.8226 0.4268 -1.4136
v 0.8221 0.4236 -1.4230
v 0.8120 0.2851 -1.4861
v 0.8124 0.2938 -1.4894
v 0.6357 0.2924 -1.5268
v 0.6361 0.3012 -1.5304
v 0.4960 0.2955 -1.5451
v 0.4963 0.3042 -1.5484
v 0.6457 0.4377 -1.4633
v 0.6453 0.4343 -1.4722
v 0.5042 0.4384 -1.4761
v 0.5039 0.4351 -1.4852
v 0.3220 0.4318 -1.4773
v 0.3286 0.4288 -1.4864
v 0.3289 0.2958 -1.5490
v 0.3223 0.2867 -1.5455
v 0.0000 0.8675 0.8398
v 0.0960 0.8488 0.8356
v 0.1775 0.7957 0.8239
v 0.2510 0.6224 0.7856
v 0.2319 0.5286 0.7649
v 0.1775 0.4491 0.7474
v 0.0960 0.3960 0.7356
v 0.0000 0.3774 0.7315
v -0.0960 0.3960 0.7356
v -0.1775 0.4491 0.7474
v -0.2319 0.5286 0.7649
v -0.2510 0.6224 0.7856
v -0.2319 0.7162 0.8063
v -0.1775 0.7957 0.8239
v -0.0960 0.8488 0.8356
v 0.0000 0.7540 0.9541
v 0.0000 0.8461 0.9366
v 0.0000 0.8297 0.9597
v 0.0631 0.7418 0.9514
v 0.0960 0.8275 0.9324
v 0.0918 0.8118 0.9558
v 0.1166 0.7069 0.9437
v 0.1775 0.7743 0.9207
v 0.1696 0.7611 0.9446
v 0.1523 0.6547 0.9322
v 0.2319 0.6948 0.9032
v 0.2216 0.6851 0.9278
v 0.1648 0.5931 0.9186
v 0.2510 0.6010 0.8824
v 0.2399 0.5954 0.9080
v 0.1523 0.5315 0.9050
v 0.2319 0.5073 0.8617
v 0.2216 0.5058 0.8882
v 0.1166 0.4792 0.8935
v 0.1775 0.4278 0.8442
v 0.1696 0.4297 0.8714
v 0.0631 0.4444 0.8858
v 0.0960 0.3746 0.8325
v 0.0918 0.3790 0.8602
v 0.0000 0.4321 0.8831
v 0.0000 0.3560 0.8283
v 0.0000 0.3611 0.8563
v -0.0631 0.4444 0.8858
v -0.0960 0.3746 0.8325
v -0.0918 0.3790 0.8602
v -0.1166 0.4792 0.8935
v -0.1775 0.4278 0.8442
v -0.1696 0.4297 0.8714
v -0.1523 0.5315 0.9050
v -0.2319 0.5073 0.8617
v -0.2216 0.5058 0.8882
v -0.1648 0.5931 0.9186
v -0.2510 0.6010 0.8824
v -0.2399 0.5954 0.9080
v -0.1523 0.6547 0.9322
v -0.2319 0.6948 0.9032
v -0.2216 0.6851 0.9278
v -0.1166 0.7069 0.9437
v -0.1775 0.7743 0.9207
v -0.1696 0.7611 0.9446
v -0.0631 0.7418 0.9514
v -0.0960 0.8275 0.9324
v -0.0918 0.8118 0.9558
v 0.0852 5.3696 0.1616
v 0.0837 5.3113 0.1472
v -0.0882 5.3159 0.1448
v -0.0890 5.3707 0.1591
v 0.1716 5.3128 0.1234
v 0.1739 5.3720 0.1329
v -0.1716 5.3128 0.1234
v -0.1739 5.3720 0.1329
v 0.0862 5.4143 0.1727
v 0.1757 5.4171 0.1401
v 0.1699 5.2680 0.1162
v 0.0823 5.2663 0.1363
v -0.1757 5.4171 0.1401
v -0.0896 5.4126 0.1700
v -0.0876 5.2741 0.1339
v -0.1699 5.2680 0.1162
v 0.1579 5.3154 0.1177
v 0.0973 5.3139 0.1340
v 0.1604 5.3742 0.1277
v 0.0986 5.3726 0.1479
v -0.1020 5.3189 0.1315
v -0.1612 5.3210 0.1149
v -0.1026 5.3737 0.1452
v -0.1636 5.3752 0.1247
v 0.0995 5.4020 0.1553
v 0.1615 5.4038 0.1321
v 0.1569 5.2855 0.1130
v 0.0965 5.2840 0.1264
v -0.1647 5.4024 0.1292
v -0.1031 5.4010 0.1526
v -0.1015 5.2908 0.1240
v -0.1600 5.2933 0.1103
v -1.7723 -1.0759 0.2018
v -1.7798 -0.7823 0.1852
v 1.7723 -1.0759 0.2018
v 1.7798 -0.7823 0.1852
v -1.5975 -0.4489 0.4255
v -1.6112 -0.7355 0.4442
v 1.6112 -0.7355 0.4442
v 1.5975 -0.4489 0.4255
v 1.8013 -0.4732 0.1689
v 1.6021 -1.0528 0.4562
v -1.8013 -0.4732 0.1689
v -1.6021 -1.0528 0.4562
v -1.6540 -0.7481 0.3717
v -1.6304 -0.7155 0.4205
v 1.6304 -0.7155 0.4205
v 1.6540 -0.7481 0.3717
v -1.6527 -0.9127 0.3830
v 1.6527 -0.9127 0.3830
v -1.6194 -0.5627 0.4079
v 1.6194 -0.5627 0.4079
v 1.6696 -0.5672 0.3644
v 1.6220 -0.9087 0.4260
v -1.6696 -0.5672 0.3644
v -1.6220 -0.9087 0.4260
v 0.0000 0.8013 0.9646
v 0.0816 0.7854 0.9611
v 0.1508 0.7403 0.9511
v 0.1970 0.6727 0.9362
v 0.2132 0.5931 0.9186
v 0.1970 0.5134 0.9010
v 0.1508 0.4458 0.8861
v 0.0816 0.4007 0.8761
v 0.0000 0.3849 0.8726
v -0.0816 0.4007 0.8761
v -0.1508 0.4458 0.8861
v -0.1970 0.5134 0.9010
v -0.2132 0.5931 0.9186
v -0.1970 0.6727 0.9362
v -0.1508 0.7403 0.9511
v -0.0816 0.7854 0.9611
v 0.0000 0.7826 0.9605
v 0.0743 0.7682 0.9573
v 0.1373 0.7271 0.9482
v 0.1794 0.6656 0.9346
v 0.1941 0.5931 0.9186
v 0.1794 0.5205 0.9026
v 0.1373 0.4590 0.8890
v 0.0743 0.4179 0.8799
v 0.0000 0.4035 0.8767
v -0.0743 0.4179 0.8799
v -0.1373 0.4590 0.8890
v -0.1794 0.5205 0.9026
v -0.1941 0.5931 0.9186
v -0.1794 0.6656 0.9346
v -0.1373 0.7271 0.9482
v -0.0743 0.7682 0.9573
v 0.0000 0.7894 0.9298
v 0.0743 0.7750 0.9267
v 0.1373 0.7339 0.9176
v 0.1794 0.6724 0.9040
v 0.1941 0.5998 0.8880
v 0.1794 0.5273 0.8720
v 0.1373 0.4658 0.8584
v 0.0743 0.4247 0.8493
v 0.0000 0.4103 0.8461
v -0.0743 0.4247 0.8493
v -0.1373 0.4658 0.8584
v -0.1794 0.5273 0.8720
v -0.1941 0.5998 0.8880
v -0.1794 0.6724 0.9040
v -0.1373 0.7339 0.9176
v -0.0743 0.7750 0.9267
v 0.0000 0.7608 0.9235
v 0.0631 0.7485 0.9208
v 0.1166 0.7136 0.9131
v 0.1523 0.6614 0.9016
v 0.1648 0.5998 0.8880
v 0.1523 0.5382 0.8744
v 0.1166 0.4860 0.8629
v 0.0631 0.4511 0.8552
v 0.0000 0.4389 0.8524
v -0.0631 0.4511 0.8552
v -0.1166 0.4860 0.8629
v -0.1523 0.5382 0.8744
v -0.1648 0.5998 0.8880
v -0.1523 0.6614 0.9016
v -0.1166 0.7136 0.9131
v -0.0631 0.7485 0.9208
vt 0.9026 0.5198
vt 0.9107 0.5420
vt 0.8977 0.5402
vt 0.9100 0.5073
vt 0.9189 0.5216
vt 0.9026 0.5198
vt 0.9195 0.4952
vt 0.9275 0.5106
vt 0.9100 0.5073
vt 0.9281 0.4785
vt 0.9357 0.5003
vt 0.9195 0.4952
vt 0.0230 0.3636
vt 0.0285 0.3730
vt 0.0238 0.3740
vt 0.0234 0.3546
vt 0.0274 0.3625
vt 0.0230 0.3636
vt 0.9545 0.2934
vt 0.9415 0.2826
vt 0.9503 0.2789
vt 0.9454 0.2655
vt 0.8933 0.5741
vt 0.9083 0.5828
vt 0.8918 0.5828
vt 0.9334 0.5267
vt 0.9389 0.5464
vt 0.9255 0.5445
vt 0.9421 0.5144
vt 0.9461 0.5307
vt 0.9334 0.5267
vt 0.9481 0.5044
vt 0.9538 0.5194
vt 0.9421 0.5144
vt 0.9583 0.4911
vt 0.9581 0.5104
vt 0.9481 0.5044
vt 0.9255 0.5445
vt 0.9328 0.5633
vt 0.9207 0.5634
vt 0.8574 0.5076
vt 0.8557 0.4938
vt 0.8643 0.4969
vt 0.8530 0.2771
vt 0.8590 0.2654
vt 0.8673 0.2754
vt 0.8673 0.2754
vt 0.8771 0.2602
vt 0.8839 0.2702
vt 0.9520 0.2485
vt 0.9454 0.2655
vt 0.9409 0.2515
vt 0.0521 0.3847
vt 0.0577 0.3941
vt 0.0524 0.3966
vt 0.9411 0.2380
vt 0.8651 0.5096
vt 0.8643 0.4969
vt 0.8726 0.4998
vt 0.8686 0.4833
vt 0.8557 0.4938
vt 0.8581 0.4807
vt 0.8586 0.2896
vt 0.8673 0.2754
vt 0.8701 0.2865
vt 0.8874 0.2828
vt 0.8692 0.4693
vt 0.8581 0.4807
vt 0.8589 0.4684
vt 0.9545 0.2934
vt 0.9733 0.3038
vt 0.9673 0.3107
vt 0.8634 0.3014
vt 0.8701 0.2865
vt 0.8739 0.2972
vt 0.8739 0.2972
vt 0.8874 0.2828
vt 0.8910 0.2960
vt 0.8692 0.4542
vt 0.8589 0.4684
vt 0.8591 0.4539
vt 0.8694 0.3152
vt 0.8739 0.2972
vt 0.8802 0.3113
vt 0.8802 0.3113
vt 0.8910 0.2960
vt 0.8955 0.3101
vt 0.0400 0.3519
vt 0.0458 0.3588
vt 0.0395 0.3604
vt 0.8692 0.4542
vt 0.8624 0.4336
vt 0.8726 0.4359
vt 0.8764 0.3356
vt 0.8802 0.3113
vt 0.8880 0.3339
vt 0.8880 0.3339
vt 0.8955 0.3101
vt 0.9002 0.3287
vt 0.9560 0.4683
vt 0.9583 0.4911
vt 0.9458 0.4822
vt 0.8771 0.4212
vt 0.8707 0.4097
vt 0.8805 0.4112
vt 0.9494 0.3469
vt 0.9610 0.3643
vt 0.9457 0.3541
vt 0.8792 0.3518
vt 0.8898 0.3583
vt 0.8802 0.3616
vt 0.8894 0.3477
vt 0.9003 0.3545
vt 0.8898 0.3583
vt 0.8805 0.4112
vt 0.8750 0.3992
vt 0.8850 0.4011
vt 0.9457 0.3541
vt 0.9531 0.3723
vt 0.9390 0.3638
vt 0.8802 0.3616
vt 0.8900 0.3703
vt 0.8815 0.3731
vt 0.8898 0.3583
vt 0.8989 0.3674
vt 0.8900 0.3703
vt 0.9357 0.5003
vt 0.9421 0.5144
vt 0.9275 0.5106
vt 0.9275 0.5106
vt 0.9334 0.5267
vt 0.9189 0.5216
vt 0.6897 0.3693
vt 0.6907 0.3799
vt 0.6858 0.3791
vt 0.9189 0.5216
vt 0.9255 0.5445
vt 0.9107 0.5420
vt 0.9357 0.4576
vt 0.9458 0.4822
vt 0.9281 0.4785
vt 0.9083 0.5734
vt 0.9180 0.5828
vt 0.9083 0.5828
vt 0.9688 0.4763
vt 0.9669 0.4973
vt 0.9583 0.4911
vt 0.8726 0.4998
vt 0.8686 0.4833
vt 0.8785 0.4864
vt 0.8807 0.4718
vt 0.8686 0.4833
vt 0.8692 0.4693
vt 0.8829 0.4582
vt 0.8870 0.4385
vt 0.8925 0.4241
vt 0.8805 0.4112
vt 0.8952 0.4143
vt 0.9345 0.2983
vt 0.9415 0.2826
vt 0.9482 0.2982
vt 0.6991 0.3342
vt 0.7010 0.3458
vt 0.6963 0.3457
vt 0.6963 0.3457
vt 0.6979 0.3552
vt 0.6943 0.3545
vt 0.6922 0.3616
vt 0.6957 0.3630
vt 0.6897 0.3693
vt 0.6922 0.3616
vt 0.5746 0.6602
vt 0.5905 0.6414
vt 0.5916 0.6597
vt 0.5858 0.7126
vt 0.5978 0.7022
vt 0.5993 0.7122
vt 0.5978 0.7022
vt 0.5846 0.6949
vt 0.5972 0.6939
vt 0.5836 0.7489
vt 0.5930 0.7339
vt 0.5963 0.7496
vt 0.0361 0.3795
vt 0.0285 0.3730
vt 0.0344 0.3717
vt 0.5801 0.7353
vt 0.5895 0.7214
vt 0.5930 0.7339
vt 0.5978 0.7022
vt 0.6074 0.6945
vt 0.6083 0.7036
vt 0.5963 0.7496
vt 0.6037 0.7356
vt 0.6067 0.7501
vt 0.5930 0.7339
vt 0.6015 0.7236
vt 0.6037 0.7356
vt 0.6025 0.6596
vt 0.5993 0.7122
vt 0.6083 0.7036
vt 0.6109 0.7148
vt 0.0340 0.3528
vt 0.0395 0.3604
vt 0.0336 0.3616
vt 0.0336 0.3616
vt 0.0401 0.3702
vt 0.0344 0.3717
vt 0.0462 0.3767
vt 0.0401 0.3702
vt 0.0456 0.3683
vt 0.0358 0.3896
vt 0.0416 0.3985
vt 0.0355 0.4007
vt 0.8581 0.5178
vt 0.8574 0.5076
vt 0.8651 0.5096
vt 0.8559 0.2588
vt 0.8469 0.2674
vt 0.8435 0.2621
vt 0.6706 0.3251
vt 0.6606 0.3223
vt 0.6709 0.3222
vt 0.8801 0.5755
vt 0.6083 0.7036
vt 0.6177 0.6958
vt 0.6190 0.7044
vt 0.6067 0.7501
vt 0.6135 0.7372
vt 0.6169 0.7499
vt 0.6846 0.3896
vt 0.0462 0.3767
vt 0.0521 0.3847
vt 0.0470 0.3866
vt 0.6037 0.7356
vt 0.6113 0.7259
vt 0.6135 0.7372
vt 0.6108 0.6593
vt 0.6046 0.6409
vt 0.6156 0.6411
vt 0.6109 0.7148
vt 0.6190 0.7044
vt 0.6204 0.7163
vt 0.0413 0.3782
vt 0.0470 0.3866
vt 0.0417 0.3877
vt 0.9583 0.2757
vt 0.9710 0.2846
vt 0.9615 0.2895
vt 0.3000 0.4839
vt 0.2958 0.5015
vt 0.2888 0.4886
vt 0.0243 0.3927
vt 0.0291 0.4026
vt 0.0248 0.4036
vt 0.4491 0.8349
vt 0.4556 0.8535
vt 0.4493 0.8551
vt 0.7666 0.6826
vt 0.7521 0.6771
vt 0.7658 0.6757
vt 0.7328 0.6877
vt 0.7521 0.6771
vt 0.7525 0.6850
vt 0.7313 0.6783
vt 0.7112 0.6895
vt 0.7088 0.6786
vt 0.6368 0.7365
vt 0.6459 0.7247
vt 0.6481 0.7346
vt 0.6424 0.6565
vt 0.6371 0.6409
vt 0.6487 0.6418
vt 0.6434 0.7151
vt 0.6521 0.7039
vt 0.6546 0.7132
vt 0.6521 0.7039
vt 0.6401 0.6973
vt 0.6504 0.6953
vt 0.6389 0.7486
vt 0.6481 0.7346
vt 0.6516 0.7470
vt 0.6897 0.6908
vt 0.6108 0.6593
vt 0.6031 0.6728
vt 0.6025 0.6596
vt 0.6689 0.6929
vt 0.6869 0.6799
vt 0.6897 0.6908
vt 0.1196 0.8589
vt 0.1299 0.8630
vt 0.1189 0.8621
vt 0.6614 0.6543
vt 0.6487 0.6418
vt 0.6650 0.6409
vt 0.6546 0.7132
vt 0.6709 0.7014
vt 0.6724 0.7103
vt 0.6521 0.7039
vt 0.6689 0.6929
vt 0.6709 0.7014
vt 0.6516 0.7470
vt 0.6644 0.7330
vt 0.6654 0.7461
vt 0.6661 0.6816
vt 0.6504 0.6953
vt 0.6475 0.6834
vt 0.6052 0.6842
vt 0.6112 0.6734
vt 0.6151 0.6851
vt 0.6388 0.6847
vt 0.3254 0.6137
vt 0.3353 0.6288
vt 0.3248 0.6295
vt 0.3251 0.6001
vt 0.3354 0.6135
vt 0.3254 0.6137
vt 0.6481 0.7346
vt 0.6639 0.7229
vt 0.6644 0.7330
vt 0.6709 0.7014
vt 0.6897 0.6908
vt 0.6915 0.6993
vt 0.6842 0.7454
vt 0.6644 0.7330
vt 0.6849 0.7329
vt 0.5932 0.6728
vt 0.6362 0.6575
vt 0.6294 0.6415
vt 0.6371 0.6409
vt 0.3251 0.6001
vt 0.3337 0.5866
vt 0.3352 0.5994
vt 0.6848 0.7236
vt 0.6828 0.6533
vt 0.6650 0.6409
vt 0.6851 0.6402
vt 0.6724 0.7103
vt 0.6915 0.6993
vt 0.6931 0.7079
vt 0.7064 0.7450
vt 0.6849 0.7329
vt 0.7075 0.7338
vt 0.5950 0.6841
vt 0.3198 0.5663
vt 0.3293 0.5697
vt 0.3200 0.5735
vt 0.7072 0.7257
vt 0.7051 0.6522
vt 0.6851 0.6402
vt 0.7066 0.6412
vt 0.6931 0.7079
vt 0.7135 0.6976
vt 0.7152 0.7051
vt 0.6915 0.6993
vt 0.7112 0.6895
vt 0.7135 0.6976
vt 0.5785 0.6736
vt 0.6074 0.6945
vt 0.3198 0.5663
vt 0.3279 0.5576
vt 0.3294 0.5630
vt 0.7075 0.7338
vt 0.7292 0.7284
vt 0.7299 0.7356
vt 0.7271 0.6520
vt 0.7066 0.6412
vt 0.7276 0.6421
vt 0.7152 0.7051
vt 0.7352 0.6955
vt 0.7370 0.7024
vt 0.7135 0.6976
vt 0.7328 0.6877
vt 0.7352 0.6955
vt 0.7293 0.7453
vt 0.6052 0.6842
vt 0.5972 0.6939
vt 0.5950 0.6841
vt 0.7299 0.7356
vt 0.7494 0.7313
vt 0.7501 0.7372
vt 0.7271 0.6520
vt 0.7458 0.6431
vt 0.7459 0.6526
vt 0.7370 0.7024
vt 0.7550 0.6929
vt 0.7569 0.6993
vt 0.7352 0.6955
vt 0.7525 0.6850
vt 0.7550 0.6929
vt 0.7492 0.7459
vt 0.5950 0.6841
vt 0.5846 0.6949
vt 0.5816 0.6850
vt 0.5932 0.6728
vt 0.5816 0.6850
vt 0.5785 0.6736
vt 0.9346 0.3751
vt 0.9531 0.3723
vt 0.9474 0.3830
vt 0.9287 0.3492
vt 0.9390 0.3638
vt 0.9250 0.3615
vt 0.7501 0.7372
vt 0.7626 0.7341
vt 0.7625 0.7391
vt 0.7459 0.6526
vt 0.7650 0.6443
vt 0.7645 0.6528
vt 0.7569 0.6993
vt 0.7683 0.6904
vt 0.7702 0.6970
vt 0.7550 0.6929
vt 0.7666 0.6826
vt 0.7683 0.6904
vt 0.7492 0.7459
vt 0.7625 0.7391
vt 0.7622 0.7466
vt 0.5764 0.6737
vt 0.9217 0.3725
vt 0.9115 0.3639
vt 0.9250 0.3615
vt 0.9003 0.3545
vt 0.9115 0.3639
vt 0.8989 0.3674
vt 0.9494 0.3469
vt 0.9287 0.3492
vt 0.9300 0.3362
vt 0.4796 0.8358
vt 0.4887 0.8562
vt 0.4766 0.8551
vt 0.4339 0.8334
vt 0.4420 0.8561
vt 0.4329 0.8585
vt 0.4420 0.8561
vt 0.4725 0.7990
vt 0.4796 0.8228
vt 0.4708 0.8221
vt 0.9144 0.3504
vt 0.9009 0.3429
vt 0.9138 0.3382
vt 0.8989 0.3674
vt 0.9098 0.3738
vt 0.8992 0.3769
vt 0.4803 0.7981
vt 0.4853 0.8230
vt 0.4796 0.8228
vt 0.4638 0.8001
vt 0.4529 0.8177
vt 0.4540 0.7993
vt 0.4540 0.7993
vt 0.4429 0.8160
vt 0.4439 0.7971
vt 0.7628 0.7640
vt 0.7495 0.7542
vt 0.7624 0.7548
vt 0.7293 0.7544
vt 0.7477 0.7659
vt 0.7280 0.7680
vt 0.4539 0.7978
vt 0.4439 0.7971
vt 0.4441 0.7953
vt 0.7280 0.7680
vt 0.7455 0.7762
vt 0.7274 0.7799
vt 0.7068 0.7709
vt 0.7066 0.7551
vt 0.6856 0.7735
vt 0.7070 0.7839
vt 0.6864 0.7876
vt 0.6666 0.7755
vt 0.6864 0.7876
vt 0.6664 0.7910
vt 0.6530 0.7779
vt 0.6664 0.7910
vt 0.6510 0.7937
vt 0.6395 0.7791
vt 0.6510 0.7937
vt 0.6389 0.7939
vt 0.6278 0.6711
vt 0.6362 0.6575
vt 0.6376 0.6704
vt 0.6844 0.7560
vt 0.7068 0.7709
vt 0.6856 0.7735
vt 0.6318 0.6852
vt 0.6376 0.6704
vt 0.6388 0.6847
vt 0.6657 0.7573
vt 0.6856 0.7735
vt 0.6666 0.7755
vt 0.6539 0.7586
vt 0.6666 0.7755
vt 0.6530 0.7779
vt 0.6402 0.7608
vt 0.6338 0.6973
vt 0.6388 0.6847
vt 0.6401 0.6973
vt 0.6348 0.7058
vt 0.6401 0.6973
vt 0.6414 0.7060
vt 0.6081 0.7779
vt 0.6175 0.7942
vt 0.6059 0.7923
vt 0.9186 0.2576
vt 0.9334 0.2681
vt 0.9215 0.2720
vt 0.9182 0.2443
vt 0.9299 0.2544
vt 0.9186 0.2576
vt 0.3150 0.5526
vt 0.3213 0.5391
vt 0.3253 0.5506
vt 0.2905 0.4694
vt 0.2888 0.4886
vt 0.2779 0.4771
vt 0.2604 0.4599
vt 0.2625 0.4374
vt 0.2741 0.4489
vt 0.2597 0.4092
vt 0.2313 0.4156
vt 0.2405 0.3966
vt 0.1331 0.3697
vt 0.1458 0.3823
vt 0.1303 0.3790
vt 0.0573 0.3734
vt 0.0645 0.3800
vt 0.0578 0.3826
vt 0.0739 0.3690
vt 0.0847 0.3754
vt 0.0733 0.3774
vt 0.0645 0.3713
vt 0.0733 0.3774
vt 0.0645 0.3800
vt 0.0241 0.3832
vt 0.0289 0.3915
vt 0.0243 0.3927
vt 0.9615 0.2895
vt 0.0515 0.3751
vt 0.0578 0.3826
vt 0.0521 0.3847
vt 0.0361 0.3795
vt 0.0417 0.3877
vt 0.0358 0.3896
vt 0.9482 0.2982
vt 0.9269 0.2857
vt 0.9334 0.2681
vt 0.9415 0.2826
vt 0.5977 0.7749
vt 0.6059 0.7923
vt 0.5925 0.7900
vt 0.5826 0.7727
vt 0.5925 0.7900
vt 0.5768 0.7861
vt 0.8900 0.3703
vt 0.8992 0.3769
vt 0.8910 0.3787
vt 0.8815 0.3731
vt 0.8910 0.3787
vt 0.8830 0.3814
vt 0.9253 0.4262
vt 0.9396 0.4160
vt 0.9399 0.4286
vt 0.9264 0.4392
vt 0.6081 0.7779
vt 0.6191 0.7624
vt 0.6196 0.7789
vt 0.9264 0.4392
vt 0.9357 0.4576
vt 0.9207 0.4587
vt 0.5977 0.7749
vt 0.6076 0.7630
vt 0.6081 0.7779
vt 0.9207 0.4587
vt 0.9281 0.4785
vt 0.9143 0.4776
vt 0.5826 0.7727
vt 0.5974 0.7613
vt 0.5977 0.7749
vt 0.8850 0.4011
vt 0.8784 0.3917
vt 0.8878 0.3937
vt 0.8990 0.4035
vt 0.8878 0.3937
vt 0.9010 0.3963
vt 0.9087 0.4189
vt 0.9250 0.4127
vt 0.9253 0.4262
vt 0.9078 0.4292
vt 0.9081 0.4905
vt 0.9100 0.5073
vt 0.8990 0.5024
vt 0.9056 0.4466
vt 0.8988 0.4657
vt 0.8925 0.4774
vt 0.9143 0.4776
vt 0.9081 0.4905
vt 0.0580 0.3561
vt 0.0650 0.3630
vt 0.0574 0.3648
vt 0.0578 0.3826
vt 0.0643 0.3910
vt 0.0577 0.3941
vt 0.0592 0.3487
vt 0.0659 0.3549
vt 0.0580 0.3561
vt 0.0659 0.3549
vt 0.0749 0.3614
vt 0.0650 0.3630
vt 0.0645 0.3800
vt 0.0723 0.3871
vt 0.0643 0.3910
vt 0.0671 0.3479
vt 0.0760 0.3541
vt 0.0659 0.3549
vt 0.0760 0.3541
vt 0.0869 0.3602
vt 0.0749 0.3614
vt 0.0733 0.3774
vt 0.0831 0.3849
vt 0.0723 0.3871
vt 0.0771 0.3475
vt 0.0880 0.3535
vt 0.0760 0.3541
vt 0.6487 0.3706
vt 0.6569 0.3802
vt 0.6481 0.3819
vt 0.6572 0.3603
vt 0.6638 0.3534
vt 0.6629 0.3602
vt 0.6488 0.3604
vt 0.6567 0.3522
vt 0.6572 0.3603
vt 0.6569 0.3802
vt 0.6628 0.3699
vt 0.6638 0.3807
vt 0.6460 0.3428
vt 0.6584 0.3333
vt 0.6566 0.3442
vt 0.6603 0.3248
vt 0.6465 0.3225
vt 0.6606 0.3223
vt 0.6746 0.3732
vt 0.6683 0.3819
vt 0.6688 0.3724
vt 0.6649 0.3448
vt 0.6584 0.3333
vt 0.6677 0.3354
vt 0.8990 0.5024
vt 0.9026 0.5198
vt 0.8895 0.5161
vt 0.6572 0.3691
vt 0.6488 0.3604
vt 0.6572 0.3691
vt 0.6487 0.3706
vt 0.6649 0.3448
vt 0.6567 0.3522
vt 0.6566 0.3442
vt 0.6477 0.3513
vt 0.1027 0.3467
vt 0.1186 0.3528
vt 0.1019 0.3529
vt 0.1019 0.3529
vt 0.1183 0.3602
vt 0.1008 0.3596
vt 0.1008 0.3596
vt 0.1168 0.3678
vt 0.0996 0.3667
vt 0.1148 0.3759
vt 0.0988 0.3749
vt 0.1125 0.3854
vt 0.0970 0.3843
vt 0.6351 0.3837
vt 0.6192 0.3761
vt 0.6345 0.3734
vt 0.6167 0.3649
vt 0.6329 0.3524
vt 0.6167 0.3649
vt 0.6154 0.3526
vt 0.6318 0.3443
vt 0.6154 0.3526
vt 0.6161 0.3447
vt 0.6165 0.3370
vt 0.5900 0.3818
vt 0.6009 0.3682
vt 0.6042 0.3792
vt 0.5990 0.3459
vt 0.5817 0.3390
vt 0.5988 0.3382
vt 0.6009 0.3682
vt 0.5833 0.3600
vt 0.5987 0.3564
vt 0.5956 0.3903
vt 0.6042 0.3792
vt 0.6088 0.3882
vt 0.5987 0.3564
vt 0.5823 0.3483
vt 0.5990 0.3459
vt 0.6088 0.3882
vt 0.6192 0.3761
vt 0.6217 0.3859
vt 0.1507 0.3518
vt 0.1346 0.3567
vt 0.1352 0.3497
vt 0.1500 0.3583
vt 0.1342 0.3628
vt 0.1346 0.3567
vt 0.6167 0.3649
vt 0.1303 0.3790
vt 0.1391 0.3965
vt 0.1247 0.3917
vt 0.2811 0.3544
vt 0.2506 0.3674
vt 0.2515 0.3537
vt 0.2506 0.3674
vt 0.2706 0.3926
vt 0.2465 0.3810
vt 0.2313 0.4156
vt 0.2371 0.4423
vt 0.2204 0.4361
vt 0.2277 0.3278
vt 0.2493 0.3308
vt 0.2275 0.3312
vt 0.2251 0.3432
vt 0.2515 0.3537
vt 0.2221 0.3519
vt 0.2212 0.3606
vt 0.5237 0.3313
vt 0.5378 0.3238
vt 0.5386 0.3302
vt 0.4838 0.3321
vt 0.5125 0.3241
vt 0.5142 0.3320
vt 0.2506 0.3674
vt 0.2198 0.3715
vt 0.2212 0.3606
vt 0.2165 0.3852
vt 0.2465 0.3810
vt 0.2405 0.3966
vt 0.1641 0.3285
vt 0.1783 0.3307
vt 0.1641 0.3313
vt 0.1644 0.3531
vt 0.1779 0.3445
vt 0.1776 0.3539
vt 0.1641 0.3600
vt 0.1641 0.3600
vt 0.1773 0.3631
vt 0.1642 0.3667
vt 0.1642 0.3667
vt 0.1766 0.3778
vt 0.1639 0.3750
vt 0.1615 0.3858
vt 0.1766 0.3778
vt 0.1741 0.3894
vt 0.1615 0.3858
vt 0.1673 0.4060
vt 0.1554 0.4012
vt 0.5426 0.3461
vt 0.5336 0.3593
vt 0.5295 0.3491
vt 0.5456 0.3554
vt 0.5377 0.3711
vt 0.5336 0.3593
vt 0.5505 0.3669
vt 0.5440 0.3811
vt 0.5377 0.3711
vt 0.5567 0.3781
vt 0.5497 0.3902
vt 0.5440 0.3811
vt 0.5601 0.4033
vt 0.5619 0.3868
vt 0.5709 0.3999
vt 0.5213 0.3511
vt 0.4971 0.3646
vt 0.4892 0.3531
vt 0.5262 0.3619
vt 0.5099 0.3787
vt 0.4971 0.3646
vt 0.5300 0.3740
vt 0.5204 0.3901
vt 0.5099 0.3787
vt 0.5364 0.3832
vt 0.5290 0.4014
vt 0.5204 0.3901
vt 0.5424 0.3926
vt 0.5381 0.4142
vt 0.5290 0.4014
vt 0.2102 0.4031
vt 0.2014 0.4251
vt 0.1533 0.3287
vt 0.1641 0.3313
vt 0.1533 0.3321
vt 0.1521 0.3436
vt 0.1644 0.3531
vt 0.1507 0.3518
vt 0.1500 0.3583
vt 0.9144 0.3221
vt 0.8955 0.3101
vt 0.9119 0.3036
vt 0.1641 0.3600
vt 0.1497 0.3645
vt 0.1500 0.3583
vt 0.1486 0.3716
vt 0.1615 0.3858
vt 0.1458 0.3823
vt 0.1554 0.4012
vt 0.1391 0.3965
vt 0.4887 0.8562
vt 0.4965 0.8364
vt 0.4984 0.8573
vt 0.7650 0.6443
vt 0.7475 0.6358
vt 0.7659 0.6376
vt 0.7458 0.6431
vt 0.7291 0.6346
vt 0.7475 0.6358
vt 0.7276 0.6421
vt 0.7084 0.6331
vt 0.7291 0.6346
vt 0.6864 0.7876
vt 0.7071 0.7867
vt 0.6863 0.7907
vt 0.6664 0.7910
vt 0.6863 0.7907
vt 0.6662 0.7942
vt 0.9119 0.3036
vt 0.8910 0.2960
vt 0.9097 0.2917
vt 0.9583 0.2757
vt 0.0574 0.3648
vt 0.0645 0.3713
vt 0.0573 0.3734
vt 0.0650 0.3630
vt 0.0739 0.3690
vt 0.0645 0.3713
vt 0.0749 0.3614
vt 0.0856 0.3674
vt 0.0739 0.3690
vt 0.6166 0.3302
vt 0.6326 0.3352
vt 0.6165 0.3370
vt 0.6154 0.3526
vt 0.1342 0.3628
vt 0.1486 0.3716
vt 0.1331 0.3697
vt 0.1907 0.3957
vt 0.1768 0.4116
vt 0.1845 0.3932
vt 0.2102 0.4031
vt 0.1824 0.4150
vt 0.1907 0.3957
vt 0.2706 0.3926
vt 0.4931 0.3893
vt 0.4950 0.4117
vt 0.4820 0.4021
vt 0.4736 0.3778
vt 0.5152 0.4311
vt 0.5166 0.4099
vt 0.5265 0.4235
vt 0.5064 0.4008
vt 0.5050 0.4196
vt 0.4950 0.4117
vt 0.4232 0.3575
vt 0.4439 0.3792
vt 0.4211 0.3679
vt 0.3937 0.3643
vt 0.3097 0.3559
vt 0.2825 0.3791
vt 0.2811 0.3544
vt 0.2931 0.4162
vt 0.2862 0.4401
vt 0.2760 0.4257
vt 0.2741 0.4489
vt 0.4719 0.4155
vt 0.4761 0.4338
vt 0.4642 0.4265
vt 0.6650 0.6409
vt 0.6509 0.6327
vt 0.6668 0.6315
vt 0.3114 0.4106
vt 0.3033 0.4321
vt 0.2931 0.4162
vt 0.4069 0.3979
vt 0.4228 0.4183
vt 0.4020 0.4204
vt 0.6487 0.6418
vt 0.6388 0.6319
vt 0.6509 0.6327
vt 0.4847 0.4236
vt 0.4851 0.4393
vt 0.4761 0.4338
vt 0.3871 0.3987
vt 0.4020 0.4204
vt 0.3838 0.4225
vt 0.4533 0.4071
vt 0.4959 0.4485
vt 0.4936 0.4303
vt 0.5044 0.4403
vt 0.3308 0.4062
vt 0.3218 0.4310
vt 0.3114 0.4106
vt 0.3987 0.4539
vt 0.4140 0.4660
vt 0.3986 0.4701
vt 0.3843 0.4563
vt 0.3986 0.4701
vt 0.3856 0.4725
vt 0.3720 0.4590
vt 0.3040 0.4637
vt 0.3000 0.4839
vt 0.2905 0.4694
vt 0.6304 0.7944
vt 0.6386 0.7969
vt 0.6303 0.7976
vt 0.6172 0.6312
vt 0.6294 0.6415
vt 0.6156 0.6411
vt 0.6054 0.7959
vt 0.6175 0.7942
vt 0.6171 0.7974
vt 0.6046 0.6409
vt 0.5907 0.6295
vt 0.6052 0.6299
vt 0.4231 0.5172
vt 0.4285 0.5295
vt 0.4208 0.5283
vt 0.5768 0.7861
vt 0.5916 0.7937
vt 0.5751 0.7895
vt 0.3547 0.5278
vt 0.3487 0.5437
vt 0.3432 0.5314
vt 0.3973 0.5201
vt 0.4048 0.5317
vt 0.3973 0.5332
vt 0.5743 0.7858
vt 0.5751 0.7895
vt 0.5724 0.7891
vt 0.4285 0.5295
vt 0.4375 0.5215
vt 0.4344 0.5314
vt 0.3903 0.5210
vt 0.3973 0.5332
vt 0.3901 0.5346
vt 0.4140 0.5177
vt 0.4447 0.5251
vt 0.3638 0.5253
vt 0.3591 0.5411
vt 0.3547 0.5278
vt 0.3432 0.5314
vt 0.3361 0.5468
vt 0.3309 0.5355
vt 0.3253 0.5506
vt 0.4176 0.5418
vt 0.4122 0.5295
vt 0.4208 0.5283
vt 0.4096 0.5452
vt 0.4048 0.5317
vt 0.4122 0.5295
vt 0.3973 0.5332
vt 0.4045 0.5458
vt 0.3978 0.5472
vt 0.3901 0.5346
vt 0.3978 0.5472
vt 0.3905 0.5487
vt 0.3825 0.5356
vt 0.3905 0.5487
vt 0.3836 0.5495
vt 0.3751 0.5367
vt 0.3692 0.5493
vt 0.3751 0.5367
vt 0.3766 0.5498
vt 0.3905 0.5487
vt 0.3983 0.5625
vt 0.3907 0.5636
vt 0.4171 0.5552
vt 0.4096 0.5452
vt 0.4176 0.5418
vt 0.4400 0.5526
vt 0.4317 0.5424
vt 0.4413 0.5442
vt 0.3692 0.5493
vt 0.3624 0.5561
vt 0.3614 0.5501
vt 0.3520 0.5514
vt 0.3425 0.5598
vt 0.3407 0.5533
vt 0.3425 0.5598
vt 0.4236 0.5539
vt 0.9399 0.4286
vt 0.9438 0.4165
vt 0.9440 0.4285
vt 0.3520 0.5514
vt 0.3978 0.5472
vt 0.4047 0.5594
vt 0.3983 0.5625
vt 0.9700 0.3730
vt 0.9678 0.3578
vt 0.9772 0.3651
vt 0.4251 0.5421
vt 0.4297 0.5531
vt 0.4236 0.5539
vt 0.3294 0.5630
vt 0.3440 0.5691
vt 0.3293 0.5697
vt 0.4171 0.5552
vt 0.4230 0.5644
vt 0.4173 0.5661
vt 0.9836 0.3416
vt 0.3642 0.5703
vt 0.3534 0.5594
vt 0.3624 0.5561
vt 0.3983 0.5625
vt 0.4047 0.5707
vt 0.3988 0.5723
vt 0.9836 0.3416
vt 0.9817 0.3215
vt 0.9891 0.3254
vt 0.4236 0.5539
vt 0.4287 0.5633
vt 0.4230 0.5644
vt 0.3907 0.5636
vt 0.3988 0.5723
vt 0.3917 0.5730
vt 0.4109 0.5577
vt 0.4383 0.5613
vt 0.4297 0.5531
vt 0.4400 0.5526
vt 0.3702 0.5589
vt 0.3534 0.5594
vt 0.3440 0.5691
vt 0.3425 0.5598
vt 0.9924 0.3160
vt 0.9941 0.4705
vt 0.9876 0.4695
vt 0.9885 0.4672
vt 0.9949 0.4711
vt 0.9923 0.4729
vt 0.9941 0.4705
vt 0.0332 0.4166
vt 0.0367 0.4092
vt 0.0388 0.4155
vt 0.0388 0.4155
vt 0.0418 0.4085
vt 0.0442 0.4158
vt 0.4240 0.5854
vt 0.4346 0.5953
vt 0.4253 0.5976
vt 0.3925 0.5935
vt 0.3999 0.6036
vt 0.3938 0.6047
vt 0.4187 0.5995
vt 0.4116 0.5886
vt 0.4184 0.5871
vt 0.4428 0.5805
vt 0.4346 0.5953
vt 0.4321 0.5829
vt 0.3690 0.5927
vt 0.3604 0.6017
vt 0.3619 0.5910
vt 0.3527 0.5894
vt 0.3447 0.5996
vt 0.3444 0.5878
vt 0.3352 0.5994
vt 0.4253 0.5976
vt 0.6758 0.3976
vt 0.6797 0.3973
vt 0.6796 0.3996
vt 0.3619 0.5910
vt 0.3526 0.6006
vt 0.3527 0.5894
vt 0.3994 0.5922
vt 0.4073 0.6020
vt 0.3999 0.6036
vt 0.3677 0.6033
vt 0.3594 0.6140
vt 0.3604 0.6017
vt 0.3526 0.6006
vt 0.3448 0.6125
vt 0.3447 0.5996
vt 0.3352 0.5994
vt 0.3448 0.6125
vt 0.3354 0.6135
vt 0.4187 0.5995
vt 0.4274 0.6124
vt 0.4216 0.6139
vt 0.0491 0.4162
vt 0.0521 0.4083
vt 0.0539 0.4167
vt 0.3604 0.6017
vt 0.3520 0.6128
vt 0.3526 0.6006
vt 0.4030 0.6169
vt 0.4073 0.6020
vt 0.4095 0.6160
vt 0.6679 0.3948
vt 0.6724 0.3932
vt 0.6720 0.3957
vt 0.4253 0.5976
vt 0.4369 0.6103
vt 0.4274 0.6124
vt 0.3968 0.6174
vt 0.3999 0.6036
vt 0.4030 0.6169
vt 0.4187 0.5995
vt 0.4162 0.6153
vt 0.4124 0.6002
vt 0.4510 0.6067
vt 0.4346 0.5953
vt 0.4467 0.5922
vt 0.4082 0.6317
vt 0.4095 0.6160
vt 0.4144 0.6314
vt 0.0577 0.4071
vt 0.0643 0.4140
vt 0.0586 0.4159
vt 0.4274 0.6124
vt 0.4394 0.6274
vt 0.4294 0.6293
vt 0.4001 0.6315
vt 0.4030 0.6169
vt 0.4082 0.6317
vt 0.4241 0.6303
vt 0.4162 0.6153
vt 0.4216 0.6139
vt 0.4531 0.6242
vt 0.4369 0.6103
vt 0.4510 0.6067
vt 0.3669 0.6155
vt 0.3605 0.6287
vt 0.3594 0.6140
vt 0.3520 0.6128
vt 0.3450 0.6285
vt 0.3448 0.6125
vt 0.3354 0.6135
vt 0.3450 0.6285
vt 0.3353 0.6288
vt 0.4294 0.6293
vt 0.6570 0.3925
vt 0.6627 0.3948
vt 0.6564 0.3949
vt 0.3594 0.6140
vt 0.3526 0.6284
vt 0.3520 0.6128
vt 0.1931 0.9305
vt 0.2208 0.9381
vt 0.1919 0.9334
vt 0.1059 0.9038
vt 0.1177 0.9007
vt 0.1179 0.9043
vt 0.3840 0.8508
vt 0.4079 0.8558
vt 0.3832 0.8542
vt 0.3033 0.9845
vt 0.2934 0.9806
vt 0.3036 0.9810
vt 0.3064 0.8935
vt 0.3305 0.8908
vt 0.3304 0.8944
vt 0.6483 0.3920
vt 0.6564 0.3949
vt 0.6483 0.3984
vt 0.2260 0.8940
vt 0.1988 0.8936
vt 0.2261 0.8910
vt 0.1757 0.8988
vt 0.1988 0.8936
vt 0.1993 0.8964
vt 0.3164 0.9387
vt 0.3037 0.9423
vt 0.3032 0.9391
vt 0.3832 0.9030
vt 0.4072 0.9062
vt 0.4059 0.9092
vt 0.3288 0.8451
vt 0.3537 0.8487
vt 0.3279 0.8491
vt 0.0939 0.3947
vt 0.1051 0.4068
vt 0.0924 0.4045
vt 0.1051 0.4068
vt 0.1179 0.4030
vt 0.1147 0.4132
vt 0.1147 0.4132
vt 0.1311 0.4089
vt 0.1264 0.4192
vt 0.1416 0.4258
vt 0.5784 0.4121
vt 0.5897 0.4101
vt 0.5805 0.4152
vt 0.1780 0.8597
vt 0.1586 0.8634
vt 0.1587 0.8604
vt 0.5784 0.4121
vt 0.5793 0.4152
vt 0.5777 0.4129
vt 0.1669 0.4438
vt 0.1900 0.4433
vt 0.1814 0.4547
vt 0.2668 0.9803
vt 0.2466 0.9741
vt 0.2678 0.9771
vt 0.9138 0.3382
vt 0.9002 0.3287
vt 0.9144 0.3221
vt 0.8880 0.3339
vt 0.9009 0.3429
vt 0.8894 0.3477
vt 0.4144 0.6314
vt 0.4162 0.6153
vt 0.4198 0.6313
vt 0.3776 0.6314
vt 0.3878 0.6175
vt 0.3899 0.6317
vt 0.3859 0.6053
vt 0.3753 0.6170
vt 0.3753 0.6050
vt 0.4073 0.6020
vt 0.4124 0.6002
vt 0.4062 0.5900
vt 0.4116 0.5886
vt 0.3848 0.5944
vt 0.3753 0.6050
vt 0.3758 0.5941
vt 0.3776 0.5736
vt 0.3846 0.5634
vt 0.3840 0.5736
vt 0.4117 0.5683
vt 0.4047 0.5594
vt 0.4109 0.5577
vt 0.4109 0.5577
vt 0.4045 0.5458
vt 0.4096 0.5452
vt 0.3836 0.5495
vt 0.3779 0.5627
vt 0.3766 0.5498
vt 0.3692 0.5493
vt 0.3591 0.5411
vt 0.3677 0.5384
vt 0.3591 0.5411
vt 0.3520 0.5514
vt 0.3487 0.5437
vt 0.3487 0.5437
vt 0.3407 0.5533
vt 0.3361 0.5468
vt 0.4122 0.5295
vt 0.4055 0.5191
vt 0.4140 0.5177
vt 0.3279 0.5576
vt 0.3735 0.5230
vt 0.8764 0.3356
vt 0.8894 0.3477
vt 0.8792 0.3518
vt 0.1941 0.4642
vt 0.4444 0.4223
vt 0.4305 0.3993
vt 0.4533 0.4071
vt 0.4637 0.3913
vt 0.4517 0.3671
vt 0.4736 0.3778
vt 0.5813 0.3948
vt 0.5900 0.3818
vt 0.5956 0.3903
vt 0.1361 0.3421
vt 0.3673 0.4253
vt 0.3494 0.4029
vt 0.3660 0.4005
vt 0.3420 0.3694
vt 0.3626 0.3545
vt 0.3664 0.3666
vt 0.8946 0.2254
vt 0.9010 0.2489
vt 0.8879 0.2408
vt 0.1780 0.8597
vt 0.2020 0.8607
vt 0.1781 0.8627
vt 0.3064 0.8935
vt 0.2869 0.8873
vt 0.3068 0.8897
vt 0.3968 0.6174
vt 0.3678 0.6303
vt 0.3753 0.6170
vt 0.3776 0.6314
vt 0.3669 0.6155
vt 0.3938 0.6047
vt 0.3878 0.6175
vt 0.3859 0.6053
vt 0.3925 0.5935
vt 0.3859 0.6053
vt 0.3848 0.5944
vt 0.3677 0.6033
vt 0.3779 0.5627
vt 0.3715 0.5723
vt 0.3702 0.5589
vt 0.3179 0.5598
vt 0.3090 0.5600
vt 0.3638 0.5253
vt 0.3751 0.5367
vt 0.3677 0.5384
vt 0.3494 0.4029
vt 0.3356 0.4299
vt 0.3308 0.4062
vt 0.3354 0.3548
vt 0.3198 0.3680
vt 0.3097 0.3559
vt 0.9201 0.2274
vt 0.9300 0.2407
vt 0.9182 0.2443
vt 0.9411 0.2380
vt 0.9311 0.2264
vt 0.9418 0.2249
vt 0.9517 0.2356
vt 0.3664 0.3666
vt 0.3912 0.3534
vt 0.3937 0.3643
vt 0.3660 0.4005
vt 0.4632 0.4517
vt 0.4664 0.4666
vt 0.4573 0.4630
vt 0.4504 0.4483
vt 0.4573 0.4630
vt 0.4445 0.4609
vt 0.3818 0.5220
vt 0.3846 0.5634
vt 0.4534 0.5069
vt 0.4375 0.5215
vt 0.4464 0.5020
vt 0.8726 0.4359
vt 0.8673 0.4186
vt 0.8771 0.4212
vt 0.8870 0.4385
vt 0.8771 0.4212
vt 0.8925 0.4241
vt 0.4445 0.4609
vt 0.4514 0.4744
vt 0.4394 0.4733
vt 0.4573 0.4630
vt 0.4600 0.4777
vt 0.4514 0.4744
vt 0.4600 0.4777
vt 0.4742 0.4724
vt 0.4687 0.4831
vt 0.3125 0.4807
vt 0.3077 0.4983
vt 0.3000 0.4839
vt 0.3195 0.4970
vt 0.3274 0.4783
vt 0.3345 0.4958
vt 0.3345 0.4958
vt 0.3410 0.4797
vt 0.3469 0.4976
vt 0.3469 0.4976
vt 0.3532 0.4797
vt 0.3559 0.4979
vt 0.3666 0.4952
vt 0.3532 0.4797
vt 0.3642 0.4781
vt 0.3779 0.4915
vt 0.3747 0.4757
vt 0.3871 0.4881
vt 0.3779 0.4915
vt 0.3856 0.4725
vt 0.3987 0.4846
vt 0.3871 0.4881
vt 0.3986 0.4701
vt 0.4121 0.4804
vt 0.3987 0.4846
vt 0.4262 0.4759
vt 0.4140 0.4660
vt 0.4296 0.4623
vt 0.4296 0.4623
vt 0.4343 0.4488
vt 0.4163 0.4510
vt 0.3642 0.4781
vt 0.3720 0.4590
vt 0.3747 0.4757
vt 0.3603 0.4605
vt 0.3410 0.4797
vt 0.3478 0.4616
vt 0.3532 0.4797
vt 0.3274 0.4783
vt 0.3355 0.4609
vt 0.3410 0.4797
vt 0.3125 0.4807
vt 0.3202 0.4593
vt 0.3274 0.4783
vt 0.8855 0.4918
vt 0.8990 0.5024
vt 0.8783 0.5060
vt 0.8855 0.4918
vt 0.0945 0.9182
vt 0.0695 0.9210
vt 0.0683 0.9173
vt 0.4664 0.4666
vt 0.4815 0.4627
vt 0.4742 0.4724
vt 0.6891 0.3450
vt 0.6824 0.3516
vt 0.6841 0.3439
vt 0.6759 0.3494
vt 0.6638 0.3534
vt 0.6649 0.3448
vt 0.8895 0.5161
vt 0.8712 0.5167
vt 0.8783 0.5060
vt 0.8712 0.5167
vt 0.8755 0.5351
vt 0.8637 0.5238
vt 0.9521 0.2233
vt 0.9613 0.2331
vt 0.9517 0.2356
vt 0.9624 0.2321
vt 0.9616 0.2217
vt 0.9627 0.2208
vt 0.9097 0.2917
vt 0.8874 0.2828
vt 0.9067 0.2778
vt 0.8839 0.2702
vt 0.9618 0.2454
vt 0.9649 0.2594
vt 0.9520 0.2485
vt 0.9618 0.2454
vt 0.9559 0.2625
vt 0.9682 0.2716
vt 0.9583 0.2757
vt 0.9615 0.2895
vt 0.9786 0.2987
vt 0.9733 0.3038
vt 0.8844 0.5286
vt 0.8844 0.5286
vt 0.8843 0.5507
vt 0.8755 0.5351
vt 0.3056 0.6132
vt 0.3127 0.6299
vt 0.3033 0.6299
vt 0.4637 0.6026
vt 0.4620 0.5886
vt 0.4668 0.6020
vt 0.9788 0.4822
vt 0.9752 0.5006
vt 0.9669 0.4973
vt 0.9681 0.5132
vt 0.9581 0.5104
vt 0.9637 0.5232
vt 0.9538 0.5194
vt 0.8516 0.5131
vt 0.8511 0.5040
vt 0.8574 0.5076
vt 0.0345 0.3451
vt 0.0400 0.3519
vt 0.0340 0.3528
vt 0.9424 0.5640
vt 0.9389 0.5464
vt 0.9502 0.5477
vt 0.8717 0.2551
vt 0.8590 0.2654
vt 0.8559 0.2588
vt 0.0462 0.3508
vt 0.0405 0.3446
vt 0.0466 0.3439
vt 0.3114 0.5888
vt 0.3043 0.5995
vt 0.3022 0.5886
vt 0.6885 0.3338
vt 0.6841 0.3439
vt 0.6831 0.3329
vt 0.6835 0.3655
vt 0.6746 0.3732
vt 0.6792 0.3634
vt 0.0517 0.3574
vt 0.0574 0.3648
vt 0.0513 0.3666
vt 0.9357 0.4576
vt 0.9633 0.4587
vt 0.9560 0.4683
vt 0.6786 0.3752
vt 0.6723 0.3830
vt 0.6746 0.3732
vt 0.0515 0.3751
vt 0.0456 0.3683
vt 0.0513 0.3666
vt 0.6768 0.3410
vt 0.9852 0.3130
vt 0.9786 0.2987
vt 0.9892 0.3058
vt 0.0525 0.3498
vt 0.0580 0.3561
vt 0.0517 0.3574
vt 0.0525 0.3498
vt 0.0466 0.3439
vt 0.0531 0.3431
vt 0.0417 0.3877
vt 0.0470 0.3983
vt 0.0416 0.3985
vt 0.0395 0.3604
vt 0.6862 0.3591
vt 0.6792 0.3634
vt 0.6811 0.3576
vt 0.0573 0.3734
vt 0.9461 0.5307
vt 0.9538 0.5194
vt 0.9579 0.5335
vt 0.9461 0.5307
vt 0.9763 0.5009
vt 0.9856 0.4865
vt 0.9865 0.4871
vt 0.9673 0.3107
vt 0.9852 0.3130
vt 0.9817 0.3215
vt 0.6824 0.3516
vt 0.0592 0.3487
vt 0.0531 0.3431
vt 0.0600 0.3423
vt 0.6722 0.3630
vt 0.6775 0.3311
vt 0.6677 0.3354
vt 0.6703 0.3280
vt 0.6628 0.3699
vt 0.0671 0.3479
vt 0.4484 0.5622
vt 0.4545 0.5545
vt 0.4540 0.5629
vt 0.6688 0.3724
vt 0.5975 0.3319
vt 0.5817 0.3390
vt 0.5796 0.3318
vt 0.6821 0.3774
vt 0.6763 0.3851
vt 0.6786 0.3752
vt 0.9550 0.3270
vt 0.9300 0.3362
vt 0.9343 0.3165
vt 0.3090 0.5600
vt 0.3034 0.5662
vt 0.3017 0.5600
vt 0.3059 0.5533
vt 0.3017 0.5600
vt 0.2987 0.5542
vt 0.9550 0.3270
vt 0.9494 0.3469
vt 0.9726 0.3424
vt 0.9678 0.3578
vt 0.0470 0.3866
vt 0.0524 0.3966
vt 0.0470 0.3983
vt 0.9694 0.2709
vt 0.9649 0.2594
vt 0.9662 0.2588
vt 0.0458 0.3588
vt 0.0462 0.3508
vt 0.0517 0.3574
vt 0.0458 0.3588
vt 0.0679 0.3417
vt 0.0771 0.3475
vt 0.0671 0.3479
vt 0.0778 0.3413
vt 0.0891 0.3471
vt 0.0771 0.3475
vt 0.6867 0.3677
vt 0.6786 0.3752
vt 0.6835 0.3655
vt 0.9643 0.5235
vt 0.9681 0.5132
vt 0.9689 0.5135
vt 0.9579 0.5335
vt 0.9643 0.5235
vt 0.9586 0.5339
vt 0.9511 0.5479
vt 0.9433 0.5641
vt 0.9502 0.5477
vt 0.9511 0.5479
vt 0.6722 0.3630
vt 0.6897 0.3604
vt 0.6835 0.3655
vt 0.6862 0.3591
vt 0.6883 0.3531
vt 0.6926 0.3455
vt 0.6883 0.3531
vt 0.6891 0.3450
vt 0.6939 0.3342
vt 0.6891 0.3450
vt 0.6885 0.3338
vt 0.6824 0.3516
vt 0.6747 0.3557
vt 0.6759 0.3494
vt 0.6831 0.3329
vt 0.6768 0.3410
vt 0.6775 0.3311
vt 0.6747 0.3557
vt 0.6792 0.3634
vt 0.6722 0.3630
vt 0.6841 0.3439
vt 0.6759 0.3494
vt 0.6768 0.3410
vt 0.9689 0.5135
vt 0.9752 0.5006
vt 0.9763 0.5009
vt 0.8839 0.2702
vt 0.9010 0.2489
vt 0.9046 0.2623
vt 0.8879 0.2408
vt 0.8771 0.2602
vt 0.8717 0.2551
vt 0.9343 0.3165
vt 0.9334 0.2681
vt 0.9300 0.2407
vt 0.9409 0.2515
vt 0.9299 0.2544
vt 0.8962 0.2011
vt 0.9092 0.2068
vt 0.8959 0.2067
vt 0.9222 0.2009
vt 0.9325 0.2069
vt 0.9215 0.2067
vt 0.9418 0.2249
vt 0.9321 0.2129
vt 0.9427 0.2125
vt 0.9432 0.2010
vt 0.9530 0.2064
vt 0.9429 0.2067
vt 0.9532 0.2010
vt 0.9622 0.2059
vt 0.9530 0.2064
vt 0.9627 0.2208
vt 0.9621 0.2109
vt 0.9632 0.2102
vt 0.0346 0.3310
vt 0.0407 0.3342
vt 0.0347 0.3345
vt 0.0466 0.3439
vt 0.0407 0.3376
vt 0.0469 0.3372
vt 0.0469 0.3307
vt 0.0534 0.3336
vt 0.0469 0.3339
vt 0.0600 0.3423
vt 0.0534 0.3368
vt 0.0604 0.3363
vt 0.0605 0.3303
vt 0.0684 0.3330
vt 0.0605 0.3333
vt 0.0684 0.3302
vt 0.0782 0.3328
vt 0.0684 0.3330
vt 0.0782 0.3328
vt 0.0902 0.3297
vt 0.0903 0.3325
vt 0.1035 0.3295
vt 0.1181 0.3320
vt 0.1035 0.3323
vt 0.6161 0.3447
vt 0.6166 0.3302
vt 0.5988 0.3382
vt 0.5975 0.3319
vt 0.1373 0.3289
vt 0.1533 0.3321
vt 0.1371 0.3322
vt 0.5860 0.3714
vt 0.5757 0.3848
vt 0.5714 0.3746
vt 0.5833 0.3600
vt 0.5714 0.3746
vt 0.5670 0.3634
vt 0.5757 0.3848
vt 0.5714 0.3746
vt 0.5619 0.3868
vt 0.5567 0.3781
vt 0.1845 0.3932
vt 0.1766 0.3778
vt 0.1876 0.3785
vt 0.1900 0.3685
vt 0.1950 0.3787
vt 0.1887 0.3782
vt 0.2102 0.4031
vt 0.1960 0.3794
vt 0.2165 0.3852
vt 0.2198 0.3715
vt 0.5265 0.4235
vt 0.5204 0.3901
vt 0.5166 0.4099
vt 0.5064 0.4008
vt 0.2724 0.3327
vt 0.2508 0.3426
vt 0.2495 0.3343
vt 0.2915 0.3314
vt 0.2803 0.3407
vt 0.2724 0.3327
vt 0.2906 0.3269
vt 0.3108 0.3289
vt 0.2911 0.3291
vt 0.3418 0.3293
vt 0.3140 0.3334
vt 0.3095 0.3312
vt 0.3409 0.3271
vt 0.3782 0.3257
vt 0.3780 0.3279
vt 0.4121 0.3283
vt 0.4357 0.3326
vt 0.4158 0.3359
vt 0.4117 0.3314
vt 0.4635 0.3388
vt 0.4414 0.3404
vt 0.4357 0.3326
vt 0.4855 0.3396
vt 0.4693 0.3492
vt 0.4635 0.3388
vt 0.1993 0.3604
vt 0.2198 0.3715
vt 0.1981 0.3688
vt 0.1999 0.3535
vt 0.2212 0.3606
vt 0.1993 0.3604
vt 0.1901 0.3534
vt 0.1924 0.3459
vt 0.1910 0.3535
vt 0.5670 0.3634
vt 0.5567 0.3781
vt 0.5505 0.3669
vt 0.5636 0.3517
vt 0.5505 0.3669
vt 0.5456 0.3554
vt 0.5636 0.3517
vt 0.5612 0.3419
vt 0.5823 0.3483
vt 0.5636 0.3517
vt 0.1303 0.3790
vt 0.1125 0.3854
vt 0.1148 0.3759
vt 0.1168 0.3678
vt 0.1183 0.3602
vt 0.1186 0.3528
vt 0.1034 0.3406
vt 0.1185 0.3466
vt 0.1027 0.3467
vt 0.1185 0.3466
vt 0.1361 0.3421
vt 0.1352 0.3497
vt 0.1368 0.3355
vt 0.1184 0.3400
vt 0.1181 0.3349
vt 0.5591 0.3282
vt 0.5793 0.3233
vt 0.5794 0.3276
vt 0.5612 0.3419
vt 0.5456 0.3554
vt 0.5426 0.3461
vt 0.5594 0.3327
vt 0.5426 0.3461
vt 0.5397 0.3364
vt 0.1889 0.2960
vt 0.1885 0.2877
vt 0.1897 0.2961
vt 0.2007 0.3346
vt 0.1919 0.3453
vt 0.1925 0.3339
vt 0.1992 0.3452
vt 0.2221 0.3519
vt 0.1999 0.3535
vt 0.2012 0.3283
vt 0.5099 0.3787
vt 0.5064 0.4008
vt 0.4931 0.3893
vt 0.4971 0.3646
vt 0.2803 0.3407
vt 0.2515 0.3537
vt 0.2508 0.3426
vt 0.2965 0.3375
vt 0.2811 0.3544
vt 0.2803 0.3407
vt 0.3140 0.3334
vt 0.3097 0.3559
vt 0.2965 0.3375
vt 0.3450 0.3339
vt 0.3354 0.3548
vt 0.3140 0.3334
vt 0.3626 0.3545
vt 0.3878 0.3315
vt 0.3912 0.3534
vt 0.3912 0.3534
vt 0.4158 0.3359
vt 0.4232 0.3575
vt 0.4232 0.3575
vt 0.4414 0.3404
vt 0.4517 0.3671
vt 0.4693 0.3492
vt 0.4892 0.3531
vt 0.4736 0.3778
vt 0.4693 0.3492
vt 0.8977 0.5402
vt 0.9088 0.5639
vt 0.8951 0.5657
vt 0.9207 0.5634
vt 0.9306 0.5730
vt 0.9191 0.5730
vt 0.9107 0.5420
vt 0.9207 0.5634
vt 0.9088 0.5639
vt 0.7001 0.3280
vt 0.7048 0.3343
vt 0.6991 0.3342
vt 0.6600 0.3273
vt 0.8843 0.5507
vt 0.6584 0.3333
vt 0.6462 0.3272
vt 0.6600 0.3273
vt 0.2271 0.3346
vt 0.2508 0.3426
vt 0.2251 0.3432
vt 0.5164 0.3398
vt 0.1641 0.3341
vt 0.1779 0.3445
vt 0.1645 0.3445
vt 0.1534 0.3356
vt 0.1645 0.3445
vt 0.1521 0.3436
vt 0.6168 0.3265
vt 0.6334 0.3288
vt 0.6166 0.3302
vt 0.9399 0.5733
vt 0.9328 0.5633
vt 0.9424 0.5640
vt 0.6889 0.3279
vt 0.6831 0.3329
vt 0.6826 0.3276
vt 0.6772 0.3266
vt 0.6703 0.3280
vt 0.6706 0.3251
vt 0.5794 0.3276
vt 0.9409 0.5736
vt 0.9424 0.5640
vt 0.9433 0.5641
vt 0.6889 0.3279
vt 0.6826 0.3276
vt 0.6775 0.3311
vt 0.6772 0.3266
vt 0.8946 0.2254
vt 0.9090 0.2125
vt 0.9080 0.2274
vt 0.9209 0.2125
vt 0.9311 0.2264
vt 0.9201 0.2274
vt 0.9427 0.2125
vt 0.9325 0.2069
vt 0.9429 0.2067
vt 0.9521 0.2233
vt 0.9528 0.2118
vt 0.9616 0.2217
vt 0.9521 0.2233
vt 0.9632 0.2102
vt 0.9622 0.2059
vt 0.9634 0.2053
vt 0.0347 0.3379
vt 0.0405 0.3446
vt 0.0345 0.3451
vt 0.0469 0.3372
vt 0.0407 0.3342
vt 0.0469 0.3339
vt 0.0604 0.3363
vt 0.0534 0.3336
vt 0.0605 0.3333
vt 0.0679 0.3417
vt 0.0684 0.3359
vt 0.0778 0.3413
vt 0.0679 0.3417
vt 0.0783 0.3356
vt 0.0899 0.3411
vt 0.0778 0.3413
vt 0.1035 0.3351
vt 0.1184 0.3400
vt 0.1034 0.3406
vt 0.5981 0.3275
vt 0.1368 0.3355
vt 0.2714 0.3299
vt 0.2495 0.3343
vt 0.2493 0.3308
vt 0.2911 0.3291
vt 0.2724 0.3327
vt 0.2714 0.3299
vt 0.3418 0.3293
vt 0.3108 0.3289
vt 0.3409 0.3271
vt 0.3450 0.3339
vt 0.3777 0.3300
vt 0.3878 0.3315
vt 0.3878 0.3315
vt 0.4335 0.3289
vt 0.4117 0.3314
vt 0.4121 0.3283
vt 0.4621 0.3318
vt 0.4357 0.3326
vt 0.4335 0.3289
vt 0.4838 0.3321
vt 0.4635 0.3388
vt 0.4621 0.3318
vt 0.1181 0.3320
vt 0.5612 0.3419
vt 0.5386 0.3302
vt 0.2010 0.3315
vt 0.1925 0.3339
vt 0.1926 0.3311
vt 0.2007 0.3346
vt 0.9688 0.4763
vt 0.9777 0.4660
vt 0.9788 0.4822
vt 0.9688 0.4763
vt 0.9788 0.4822
vt 0.9923 0.4729
vt 0.9856 0.4865
vt 0.9931 0.4735
vt 0.6846 0.3896
vt 0.6797 0.3973
vt 0.6802 0.3875
vt 0.6761 0.3953
vt 0.6763 0.3851
vt 0.6724 0.3932
vt 0.6723 0.3830
vt 0.6686 0.3923
vt 0.6683 0.3819
vt 0.6634 0.3920
vt 0.6638 0.3807
vt 0.6570 0.3925
vt 0.6360 0.3927
vt 0.6217 0.3859
vt 0.6351 0.3837
vt 0.6133 0.3977
vt 0.6020 0.4009
vt 0.5883 0.4069
vt 0.5784 0.4121
vt 0.5764 0.2346
vt 0.5772 0.2315
vt 0.5784 0.2315
vt 0.5540 0.4060
vt 0.5475 0.4256
vt 0.5381 0.4142
vt 0.2204 0.4361
vt 0.2363 0.4437
vt 0.2206 0.4380
vt 0.5067 0.4603
vt 0.4834 0.4645
vt 0.4977 0.4505
vt 0.5148 0.4529
vt 0.4977 0.4505
vt 0.5061 0.4424
vt 0.4543 0.5311
vt 0.4416 0.5350
vt 0.4447 0.5251
vt 0.4512 0.5396
vt 0.4413 0.5442
vt 0.4416 0.5350
vt 0.4416 0.5350
vt 0.4317 0.5424
vt 0.4344 0.5314
vt 0.4494 0.5461
vt 0.4484 0.5622
vt 0.4536 0.5788
vt 0.4467 0.5922
vt 0.4428 0.5805
vt 0.3223 0.5884
vt 0.3139 0.6000
vt 0.3114 0.5888
vt 0.3116 0.5673
vt 0.3200 0.5735
vt 0.3113 0.5755
vt 0.3116 0.5673
vt 0.4285 0.5295
vt 0.4317 0.5424
vt 0.4251 0.5421
vt 0.4251 0.5421
vt 0.3059 0.5533
vt 0.3113 0.5423
vt 0.3150 0.5526
vt 0.4295 0.4972
vt 0.4316 0.5188
vt 0.4231 0.5172
vt 0.4881 0.4881
vt 0.4789 0.4930
vt 0.4857 0.4842
vt 0.4857 0.4842
vt 0.4714 0.4832
vt 0.4762 0.4739
vt 0.5391 0.4388
vt 0.5352 0.4364
vt 0.5360 0.4351
vt 0.2071 0.4560
vt 0.2081 0.4748
vt 0.1960 0.4659
vt 0.2014 0.4251
vt 0.2053 0.4541
vt 0.1900 0.4433
vt 0.1824 0.4150
vt 0.1900 0.4433
vt 0.1716 0.4321
vt 0.1768 0.4116
vt 0.1716 0.4321
vt 0.1665 0.4287
vt 0.1479 0.4157
vt 0.1391 0.3965
vt 0.1479 0.4157
vt 0.1311 0.4089
vt 0.1247 0.3917
vt 0.1311 0.4089
vt 0.1179 0.4030
vt 0.1077 0.3975
vt 0.0970 0.3843
vt 0.1077 0.3975
vt 0.0939 0.3947
vt 0.0801 0.3956
vt 0.0706 0.3988
vt 0.0577 0.3941
vt 0.0638 0.4041
vt 0.0577 0.4071
vt 0.0470 0.3983
vt 0.0521 0.4083
vt 0.0469 0.4083
vt 0.0355 0.4007
vt 0.0418 0.4085
vt 0.0367 0.4092
vt 0.9797 0.2978
vt 0.6357 0.7159
vt 0.6414 0.7060
vt 0.6434 0.7151
vt 0.6281 0.7376
vt 0.6347 0.7265
vt 0.6368 0.7365
vt 0.6441 0.6698
vt 0.6644 0.6676
vt 0.6661 0.6816
vt 0.6845 0.6674
vt 0.6869 0.6799
vt 0.6869 0.6799
vt 0.7064 0.6661
vt 0.7088 0.6786
vt 0.7291 0.6657
vt 0.7313 0.6783
vt 0.7481 0.6660
vt 0.7521 0.6771
vt 0.4562 0.8337
vt 0.4659 0.8356
vt 0.4560 0.8353
vt 0.4556 0.8535
vt 0.6297 0.7499
vt 0.6368 0.7365
vt 0.6389 0.7486
vt 0.6297 0.7499
vt 0.6402 0.7608
vt 0.6309 0.7619
vt 0.6441 0.6698
vt 0.6362 0.6575
vt 0.6424 0.6565
vt 0.6441 0.6698
vt 0.6614 0.6543
vt 0.6644 0.6676
vt 0.6828 0.6533
vt 0.7051 0.6522
vt 0.6845 0.6674
vt 0.6828 0.6533
vt 0.7271 0.6520
vt 0.7064 0.6661
vt 0.7051 0.6522
vt 0.7291 0.6657
vt 0.7481 0.6660
vt 0.4659 0.8356
vt 0.4766 0.8551
vt 0.4647 0.8543
vt 0.5824 0.7597
vt 0.5836 0.7489
vt 0.5847 0.7601
vt 0.9144 0.3504
vt 0.9138 0.3382
vt 0.9144 0.3221
vt 0.9119 0.3036
vt 0.9269 0.2857
vt 0.9269 0.2857
vt 0.9067 0.2778
vt 0.9215 0.2720
vt 0.9046 0.2623
vt 0.9186 0.2576
vt 0.9080 0.2274
vt 0.9094 0.2010
vt 0.4586 0.5893
vt 0.4656 0.6202
vt 0.0945 0.9182
vt 0.1167 0.9207
vt 0.0953 0.9222
vt 0.8712 0.5167
vt 0.8783 0.5060
vt 0.8855 0.4918
vt 0.8925 0.4774
vt 0.8785 0.4864
vt 0.8807 0.4718
vt 0.8988 0.4657
vt 0.9056 0.4466
vt 0.8829 0.4582
vt 0.8870 0.4385
vt 0.9078 0.4292
vt 0.9087 0.4189
vt 0.9098 0.4075
vt 0.9401 0.4051
vt 0.9250 0.4127
vt 0.9261 0.4026
vt 0.5824 0.7597
vt 0.5826 0.7727
vt 0.5803 0.7725
vt 0.5847 0.7601
vt 0.5963 0.7496
vt 0.5974 0.7613
vt 0.5974 0.7613
vt 0.6067 0.7501
vt 0.6076 0.7630
vt 0.6076 0.7630
vt 0.6169 0.7499
vt 0.6191 0.7624
vt 0.6309 0.7619
vt 0.6395 0.7791
vt 0.6316 0.7790
vt 0.6402 0.7608
vt 0.6539 0.7586
vt 0.6654 0.7461
vt 0.6657 0.7573
vt 0.6844 0.7560
vt 0.6842 0.7454
vt 0.7066 0.7551
vt 0.6844 0.7560
vt 0.7293 0.7544
vt 0.7064 0.7450
vt 0.7293 0.7453
vt 0.7492 0.7459
vt 0.7495 0.7542
vt 0.4638 0.8001
vt 0.4708 0.8221
vt 0.4620 0.8202
vt 0.4719 0.4155
vt 0.4637 0.3913
vt 0.4820 0.4021
vt 0.4847 0.4236
vt 0.4950 0.4117
vt 0.4936 0.4303
vt 0.4847 0.4236
vt 0.5044 0.4403
vt 0.5050 0.4196
vt 0.5152 0.4311
vt 0.5234 0.4309
vt 0.5252 0.4329
vt 0.5231 0.4313
vt 0.4512 0.5396
vt 0.4565 0.5324
vt 0.4541 0.5409
vt 0.2954 0.5466
vt 0.2972 0.5268
vt 0.3027 0.5448
vt 0.2862 0.4903
vt 0.2812 0.5063
vt 0.2714 0.4991
vt 0.2473 0.4257
vt 0.2498 0.4512
vt 0.2371 0.4423
vt 0.2625 0.4374
vt 0.2597 0.4092
vt 0.2760 0.4257
vt 0.2825 0.3791
vt 0.2931 0.4162
vt 0.2706 0.3926
vt 0.3198 0.3680
vt 0.3114 0.4106
vt 0.2825 0.3791
vt 0.3420 0.3694
vt 0.3308 0.4062
vt 0.3198 0.3680
vt 0.3420 0.3694
vt 0.3664 0.3666
vt 0.3937 0.3643
vt 0.4069 0.3979
vt 0.3871 0.3987
vt 0.4211 0.3679
vt 0.4305 0.3993
vt 0.4069 0.3979
vt 0.4439 0.3792
vt 0.4316 0.5188
vt 0.4645 0.5132
vt 0.4447 0.5251
vt 0.4534 0.5069
vt 0.3213 0.5391
vt 0.3084 0.5253
vt 0.3183 0.5249
vt 0.3432 0.5314
vt 0.3307 0.5289
vt 0.3418 0.5260
vt 0.3605 0.5174
vt 0.3547 0.5278
vt 0.3521 0.5185
vt 0.3735 0.5230
vt 0.3817 0.5156
vt 0.3818 0.5220
vt 0.3910 0.5134
vt 0.3973 0.5201
vt 0.3903 0.5210
vt 0.4075 0.5058
vt 0.4180 0.5010
vt 0.3988 0.5106
vt 0.4055 0.5191
vt 0.3973 0.5201
vt 0.3703 0.5164
vt 0.3638 0.5253
vt 0.3605 0.5174
vt 0.3418 0.5260
vt 0.3213 0.5391
vt 0.3307 0.5289
vt 0.3309 0.5355
vt 0.3027 0.5448
vt 0.3084 0.5253
vt 0.3113 0.5423
vt 0.3251 0.6001
vt 0.3148 0.6138
vt 0.3139 0.6000
vt 0.3148 0.6138
vt 0.3248 0.6295
vt 0.3127 0.6299
vt 0.3397 0.9834
vt 0.3151 0.9809
vt 0.3395 0.9798
vt 0.6897 0.3693
vt 0.6821 0.3774
vt 0.6867 0.3677
vt 0.6939 0.3342
vt 0.6963 0.3457
vt 0.6926 0.3455
vt 0.6926 0.3455
vt 0.6943 0.3545
vt 0.6913 0.3539
vt 0.6897 0.3604
vt 0.6922 0.3616
vt 0.6867 0.3677
vt 0.6897 0.3604
vt 0.0413 0.3782
vt 0.5125 0.4391
vt 0.5138 0.4409
vt 0.5137 0.4414
vt 0.0278 0.3538
vt 0.0336 0.3616
vt 0.0274 0.3625
vt 0.0274 0.3625
vt 0.0289 0.3915
vt 0.0355 0.4007
vt 0.0291 0.4026
vt 0.2581 0.4622
vt 0.2596 0.4903
vt 0.2420 0.4762
vt 0.6858 0.3791
vt 0.6802 0.3875
vt 0.6821 0.3774
vt 0.0287 0.3818
vt 0.0358 0.3896
vt 0.0289 0.3915
vt 0.0283 0.3457
vt 0.0340 0.3528
vt 0.0278 0.3538
vt 0.0287 0.3311
vt 0.0347 0.3345
vt 0.0287 0.3347
vt 0.6943 0.3281
vt 0.6991 0.3342
vt 0.6939 0.3342
vt 0.0287 0.3382
vt 0.0345 0.3451
vt 0.0283 0.3457
vt 0.6889 0.3905
vt 0.6839 0.3996
vt 0.6846 0.3896
vt 0.0291 0.4026
vt 0.0367 0.4092
vt 0.0316 0.4105
vt 0.6309 0.7619
vt 0.6304 0.7944
vt 0.6196 0.7789
vt 0.6316 0.7790
vt 0.6297 0.7499
vt 0.6281 0.7376
vt 0.6135 0.7372
vt 0.6269 0.7269
vt 0.6281 0.7376
vt 0.6204 0.7163
vt 0.6348 0.7058
vt 0.6357 0.7159
vt 0.6190 0.7044
vt 0.6338 0.6973
vt 0.6348 0.7058
vt 0.6177 0.6958
vt 0.6318 0.6852
vt 0.6338 0.6973
vt 0.6151 0.6851
vt 0.6278 0.6711
vt 0.6318 0.6852
vt 0.6108 0.6593
vt 0.6278 0.6711
vt 0.6112 0.6734
vt 0.6266 0.6585
vt 0.8958 0.2123
vt 0.8807 0.2063
vt 0.8959 0.2067
vt 0.8614 0.2479
vt 0.8946 0.2254
vt 0.8804 0.2115
vt 0.8958 0.2123
vt 0.8731 0.2362
vt 0.8782 0.2233
vt 0.8807 0.2063
vt 0.8631 0.2100
vt 0.8634 0.2054
vt 0.8470 0.2520
vt 0.8439 0.2380
vt 0.8614 0.2479
vt 0.8782 0.2233
vt 0.8631 0.2100
vt 0.8804 0.2115
vt 0.8731 0.2362
vt 0.8604 0.2205
vt 0.8782 0.2233
vt 0.8614 0.2479
vt 0.8531 0.2325
vt 0.8731 0.2362
vt 0.8441 0.2049
vt 0.8362 0.2423
vt 0.8318 0.2304
vt 0.8439 0.2380
vt 0.8604 0.2205
vt 0.8434 0.2090
vt 0.8631 0.2100
vt 0.8531 0.2325
vt 0.8410 0.2174
vt 0.8604 0.2205
vt 0.8439 0.2380
vt 0.8363 0.2259
vt 0.8531 0.2325
vt 0.8814 0.5684
vt 0.8681 0.5536
vt 0.8843 0.5507
vt 0.8637 0.5238
vt 0.8647 0.5415
vt 0.8574 0.5312
vt 0.8755 0.5351
vt 0.8681 0.5536
vt 0.8647 0.5415
vt 0.8791 0.5828
vt 0.8653 0.5760
vt 0.8801 0.5755
vt 0.8656 0.5696
vt 0.8487 0.5565
vt 0.8681 0.5536
vt 0.8653 0.5760
vt 0.8497 0.5828
vt 0.8474 0.5765
vt 0.8574 0.5312
vt 0.8489 0.5449
vt 0.8443 0.5372
vt 0.8489 0.5449
vt 0.8443 0.5372
vt 0.8339 0.5460
vt 0.8312 0.5402
vt 0.8489 0.5449
vt 0.8358 0.5559
vt 0.8339 0.5460
vt 0.8487 0.5565
vt 0.8360 0.5669
vt 0.8358 0.5559
vt 0.8474 0.5765
vt 0.8350 0.5743
vt 0.8348 0.5729
vt 0.8516 0.5131
vt 0.8419 0.5151
vt 0.8476 0.5090
vt 0.8581 0.5178
vt 0.8461 0.5208
vt 0.8516 0.5131
vt 0.8461 0.5208
vt 0.8332 0.5218
vt 0.8419 0.5151
vt 0.8461 0.5208
vt 0.8403 0.5317
vt 0.8365 0.5269
vt 0.8332 0.5218
vt 0.8270 0.5302
vt 0.8239 0.5259
vt 0.8365 0.5269
vt 0.8288 0.5353
vt 0.8270 0.5302
vt 0.8510 0.5258
vt 0.8403 0.5317
vt 0.8362 0.2423
vt 0.8237 0.2391
vt 0.8280 0.2347
vt 0.8386 0.2552
vt 0.8362 0.2423
vt 0.8470 0.2520
vt 0.8470 0.2520
vt 0.6326 0.3352
vt 0.6460 0.3428
vt 0.6318 0.3443
vt 0.6334 0.3288
vt 0.6459 0.3322
vt 0.6326 0.3352
vt 0.6463 0.3249
vt 0.6338 0.3226
vt 0.6465 0.3225
vt 0.0902 0.3297
vt 0.0903 0.3353
vt 0.1034 0.3406
vt 0.0899 0.3411
vt 0.0899 0.3411
vt 0.1027 0.3467
vt 0.0891 0.3471
vt 0.0891 0.3471
vt 0.1019 0.3529
vt 0.0880 0.3535
vt 0.0880 0.3535
vt 0.1008 0.3596
vt 0.0869 0.3602
vt 0.0988 0.3749
vt 0.0856 0.3674
vt 0.0996 0.3667
vt 0.0847 0.3754
vt 0.0970 0.3843
vt 0.0831 0.3849
vt 0.0939 0.3947
vt 0.6483 0.3920
vt 0.6351 0.3837
vt 0.6481 0.3819
vt 0.6345 0.3734
vt 0.6347 0.3623
vt 0.6477 0.3513
vt 0.6347 0.3623
vt 0.6329 0.3524
vt 0.6460 0.3428
vt 0.4428 0.5805
vt 0.4287 0.5633
vt 0.4383 0.5613
vt 0.4536 0.5788
vt 0.3113 0.5755
vt 0.3337 0.5866
vt 0.3337 0.5866
vt 0.3440 0.5691
vt 0.3444 0.5878
vt 0.3539 0.5691
vt 0.3642 0.5703
vt 0.3527 0.5894
vt 0.3539 0.5691
vt 0.3715 0.5723
vt 0.3619 0.5910
vt 0.3642 0.5703
vt 0.3690 0.5927
vt 0.3776 0.5736
vt 0.3758 0.5941
vt 0.3840 0.5736
vt 0.3917 0.5730
vt 0.3994 0.5922
vt 0.3925 0.5935
vt 0.3988 0.5723
vt 0.4062 0.5900
vt 0.3994 0.5922
vt 0.4116 0.5886
vt 0.4047 0.5707
vt 0.4117 0.5683
vt 0.4184 0.5871
vt 0.4117 0.5683
vt 0.4173 0.5661
vt 0.4240 0.5854
vt 0.4230 0.5644
vt 0.4321 0.5829
vt 0.4240 0.5854
vt 0.3666 0.4952
vt 0.3478 0.4616
vt 0.3529 0.4277
vt 0.3603 0.4605
vt 0.3356 0.4299
vt 0.3355 0.4609
vt 0.3218 0.4310
vt 0.3521 0.5185
vt 0.3218 0.4310
vt 0.3202 0.4593
vt 0.3033 0.4321
vt 0.3307 0.5289
vt 0.3183 0.5249
vt 0.3033 0.4321
vt 0.3040 0.4637
vt 0.2862 0.4401
vt 0.2779 0.4771
vt 0.2756 0.4792
vt 0.2714 0.4991
vt 0.2596 0.4903
vt 0.3077 0.4983
vt 0.3084 0.5253
vt 0.2958 0.5015
vt 0.2972 0.5268
vt 0.2873 0.5292
vt 0.2832 0.5077
vt 0.2972 0.5268
vt 0.2356 0.4448
vt 0.2312 0.4687
vt 0.2190 0.4629
vt 0.5044 0.4403
vt 0.5160 0.4325
vt 0.5054 0.4415
vt 0.4769 0.4943
vt 0.4815 0.4627
vt 0.4851 0.4393
vt 0.4959 0.4485
vt 0.4464 0.5020
vt 0.4514 0.4744
vt 0.4464 0.5020
vt 0.4390 0.4982
vt 0.4761 0.4338
vt 0.4719 0.4560
vt 0.4632 0.4517
vt 0.4642 0.4265
vt 0.4632 0.4517
vt 0.4504 0.4483
vt 0.4444 0.4223
vt 0.4343 0.4488
vt 0.4228 0.4183
vt 0.4444 0.4223
vt 0.4020 0.4204
vt 0.4163 0.4510
vt 0.3987 0.4539
vt 0.3838 0.4225
vt 0.3987 0.4539
vt 0.3843 0.4563
vt 0.3673 0.4253
vt 0.3673 0.4253
vt 0.3817 0.5156
vt 0.3779 0.4915
vt 0.3910 0.5134
vt 0.3817 0.5156
vt 0.3871 0.4881
vt 0.3988 0.5106
vt 0.3910 0.5134
vt 0.3987 0.4846
vt 0.4075 0.5058
vt 0.3988 0.5106
vt 0.4121 0.4804
vt 0.4180 0.5010
vt 0.4075 0.5058
vt 0.4295 0.4972
vt 0.4262 0.4759
vt 0.4394 0.4733
vt 0.4390 0.4982
vt 0.1470 0.7832
vt 0.1100 0.7835
vt 0.1323 0.8111
vt 0.2649 0.7835
vt 0.2420 0.8023
vt 0.2419 0.7824
vt 0.1723 0.7823
vt 0.2882 0.7851
vt 0.2650 0.8027
vt 0.2649 0.7835
vt 0.3047 0.7858
vt 0.2871 0.8025
vt 0.2882 0.7851
vt 0.3179 0.7865
vt 0.3068 0.8024
vt 0.3047 0.7858
vt 0.3337 0.7860
vt 0.3223 0.8026
vt 0.3179 0.7865
vt 0.3636 0.7869
vt 0.3412 0.8038
vt 0.3337 0.7860
vt 0.4087 0.8022
vt 0.3612 0.8064
vt 0.3636 0.7869
vt 0.3708 0.8170
vt 0.3665 0.8034
vt 0.4087 0.8022
vt 0.3449 0.8183
vt 0.3559 0.8034
vt 0.3708 0.8170
vt 0.3234 0.8165
vt 0.3388 0.8022
vt 0.3449 0.8183
vt 0.3033 0.8138
vt 0.3204 0.8008
vt 0.3234 0.8165
vt 0.2824 0.8136
vt 0.3007 0.7990
vt 0.3033 0.8138
vt 0.2610 0.8132
vt 0.2806 0.7983
vt 0.2824 0.8136
vt 0.2396 0.8126
vt 0.2599 0.7981
vt 0.2610 0.8132
vt 0.2182 0.8122
vt 0.2391 0.7980
vt 0.2396 0.8126
vt 0.1978 0.7973
vt 0.2182 0.8122
vt 0.1969 0.8119
vt 0.1771 0.7967
vt 0.1969 0.8119
vt 0.1754 0.8117
vt 0.1563 0.7962
vt 0.1754 0.8117
vt 0.1540 0.8114
vt 0.1362 0.7962
vt 0.1540 0.8114
vt 0.1331 0.8109
vt 0.1165 0.7973
vt 0.1331 0.8109
vt 0.1129 0.8129
vt 0.0980 0.7982
vt 0.1129 0.8129
vt 0.0914 0.8140
vt 0.0809 0.7987
vt 0.0914 0.8140
vt 0.0655 0.8118
vt 0.0704 0.7984
vt 0.0655 0.8118
vt 0.0282 0.7958
vt 0.0755 0.8015
vt 0.0282 0.7958
vt 0.0738 0.7819
vt 0.0956 0.7996
vt 0.0738 0.7819
vt 0.1037 0.7821
vt 0.1145 0.7991
vt 0.1037 0.7821
vt 0.1194 0.7831
vt 0.1300 0.7994
vt 0.1194 0.7831
vt 0.1327 0.7829
vt 0.1497 0.8002
vt 0.1327 0.7829
vt 0.1492 0.7828
vt 0.1718 0.8011
vt 0.1492 0.7828
vt 0.1726 0.7819
vt 0.1948 0.8015
vt 0.1726 0.7819
vt 0.1956 0.7817
vt 0.2184 0.8016
vt 0.1956 0.7817
vt 0.2187 0.7817
vt 0.2420 0.8023
vt 0.2184 0.8042
vt 0.2184 0.8016
vt 0.2187 0.7817
vt 0.2418 0.7830
vt 0.2419 0.7824
vt 0.2650 0.8027
vt 0.2418 0.8047
vt 0.2420 0.8023
vt 0.2651 0.7839
vt 0.2650 0.8027
vt 0.2867 0.8053
vt 0.2646 0.8051
vt 0.2904 0.7856
vt 0.3068 0.8024
vt 0.2867 0.8053
vt 0.2871 0.8025
vt 0.3046 0.7849
vt 0.3223 0.8026
vt 0.3079 0.8050
vt 0.3068 0.8024
vt 0.3169 0.7855
vt 0.3412 0.8038
vt 0.3225 0.8055
vt 0.3223 0.8026
vt 0.3274 0.7872
vt 0.3612 0.8064
vt 0.3375 0.8056
vt 0.3412 0.8038
vt 0.3590 0.7872
vt 0.3665 0.8034
vt 0.3562 0.8066
vt 0.3612 0.8064
vt 0.3936 0.8009
vt 0.3559 0.8034
vt 0.3619 0.8041
vt 0.3665 0.8034
vt 0.3703 0.8163
vt 0.3388 0.8022
vt 0.3528 0.8017
vt 0.3559 0.8034
vt 0.3454 0.8192
vt 0.3204 0.8008
vt 0.3369 0.8004
vt 0.3388 0.8022
vt 0.3240 0.8179
vt 0.3007 0.7990
vt 0.3196 0.7996
vt 0.3204 0.8008
vt 0.3041 0.8140
vt 0.2806 0.7983
vt 0.2998 0.7978
vt 0.3007 0.7990
vt 0.2825 0.8149
vt 0.2599 0.7981
vt 0.2799 0.7972
vt 0.2806 0.7983
vt 0.2610 0.8146
vt 0.2391 0.7980
vt 0.2594 0.7971
vt 0.2599 0.7981
vt 0.2395 0.8141
vt 0.2185 0.7977
vt 0.2389 0.7971
vt 0.2391 0.7980
vt 0.2182 0.8136
vt 0.2185 0.7977
vt 0.1981 0.7964
vt 0.2185 0.7969
vt 0.1969 0.8119
vt 0.2182 0.8136
vt 0.1969 0.8133
vt 0.1978 0.7973
vt 0.1776 0.7957
vt 0.1981 0.7964
vt 0.1754 0.8117
vt 0.1969 0.8133
vt 0.1754 0.8131
vt 0.1771 0.7967
vt 0.1571 0.7951
vt 0.1776 0.7957
vt 0.1540 0.8114
vt 0.1754 0.8131
vt 0.1538 0.8127
vt 0.1563 0.7962
vt 0.1372 0.7950
vt 0.1571 0.7951
vt 0.1331 0.8109
vt 0.1538 0.8127
vt 0.1323 0.8111
vt 0.1362 0.7962
vt 0.1174 0.7962
vt 0.1372 0.7950
vt 0.1129 0.8129
vt 0.1323 0.8111
vt 0.1123 0.8143
vt 0.1165 0.7973
vt 0.1000 0.7964
vt 0.1174 0.7962
vt 0.0914 0.8140
vt 0.1123 0.8143
vt 0.0909 0.8149
vt 0.0980 0.7982
vt 0.0840 0.7972
vt 0.1000 0.7964
vt 0.0655 0.8118
vt 0.0909 0.8149
vt 0.0661 0.8111
vt 0.0809 0.7987
vt 0.0749 0.7992
vt 0.0840 0.7972
vt 0.0282 0.7958
vt 0.0661 0.8111
vt 0.0434 0.7950
vt 0.0704 0.7984
vt 0.0805 0.8020
vt 0.0749 0.7992
vt 0.0738 0.7819
vt 0.0434 0.7950
vt 0.0783 0.7824
vt 0.0755 0.8015
vt 0.0992 0.8016
vt 0.0805 0.8020
vt 0.1037 0.7821
vt 0.0783 0.7824
vt 0.1100 0.7835
vt 0.0956 0.7996
vt 0.1143 0.8019
vt 0.0992 0.8016
vt 0.1194 0.7831
vt 0.1100 0.7835
vt 0.1205 0.7821
vt 0.1145 0.7991
vt 0.1288 0.8020
vt 0.1143 0.8019
vt 0.1327 0.7829
vt 0.1205 0.7821
vt 0.1328 0.7820
vt 0.1300 0.7994
vt 0.1500 0.8030
vt 0.1288 0.8020
vt 0.1492 0.7828
vt 0.1328 0.7820
vt 0.1470 0.7832
vt 0.1718 0.8011
vt 0.1500 0.8030
vt 0.1497 0.8002
vt 0.1726 0.7819
vt 0.1718 0.8011
vt 0.1949 0.8039
vt 0.1721 0.8035
vt 0.1956 0.7817
vt 0.1723 0.7823
vt 0.1957 0.7822
vt 0.1948 0.8015
vt 0.2184 0.8042
vt 0.1949 0.8039
vt 0.2187 0.7817
vt 0.1957 0.7822
vt 0.2187 0.7823
vt 0.9107 0.6236
vt 0.9028 0.6458
vt 0.8978 0.6255
vt 0.9190 0.6439
vt 0.9102 0.6582
vt 0.9028 0.6458
vt 0.9276 0.6548
vt 0.9197 0.6702
vt 0.9102 0.6582
vt 0.9358 0.6650
vt 0.9284 0.6868
vt 0.9197 0.6702
vt 0.0215 0.2988
vt 0.0265 0.2892
vt 0.0259 0.2996
vt 0.0222 0.3071
vt 0.0259 0.2996
vt 0.0267 0.3084
vt 0.9545 0.1085
vt 0.9416 0.1192
vt 0.9482 0.1036
vt 0.9416 0.1192
vt 0.9455 0.1363
vt 0.9334 0.1337
vt 0.8933 0.5916
vt 0.9083 0.5828
vt 0.9083 0.5923
vt 0.9389 0.6191
vt 0.9334 0.6388
vt 0.9256 0.6210
vt 0.9461 0.6347
vt 0.9421 0.6510
vt 0.9334 0.6388
vt 0.9537 0.6459
vt 0.9482 0.6609
vt 0.9421 0.6510
vt 0.9581 0.6549
vt 0.9583 0.6741
vt 0.9482 0.6609
vt 0.9327 0.6023
vt 0.9256 0.6210
vt 0.9207 0.6023
vt 0.8561 0.6719
vt 0.8577 0.6581
vt 0.8647 0.6687
vt 0.8531 0.1246
vt 0.8591 0.1363
vt 0.8471 0.1344
vt 0.8674 0.1264
vt 0.8771 0.1415
vt 0.8591 0.1363
vt 0.9455 0.1363
vt 0.9521 0.1533
vt 0.9409 0.1503
vt 0.0495 0.2763
vt 0.0547 0.2665
vt 0.0554 0.2781
vt 0.9411 0.1638
vt 0.9521 0.1533
vt 0.9517 0.1662
vt 0.8647 0.6687
vt 0.8654 0.6561
vt 0.8729 0.6659
vt 0.8691 0.6823
vt 0.8588 0.1122
vt 0.8674 0.1264
vt 0.8531 0.1246
vt 0.8875 0.1190
vt 0.8674 0.1264
vt 0.8702 0.1153
vt 0.8697 0.6962
vt 0.8586 0.6849
vt 0.8691 0.6823
vt 0.9545 0.1085
vt 0.9734 0.0981
vt 0.9615 0.1123
vt 0.8635 0.1004
vt 0.8702 0.1153
vt 0.8588 0.1122
vt 0.8740 0.1046
vt 0.8698 0.7113
vt 0.8595 0.6972
vt 0.8697 0.6962
vt 0.8695 0.0866
vt 0.8740 0.1046
vt 0.8635 0.1004
vt 0.8803 0.0905
vt 0.8911 0.1058
vt 0.8740 0.1046
vt 0.0391 0.3097
vt 0.0445 0.3026
vt 0.0453 0.3105
vt 0.8631 0.7318
vt 0.8698 0.7113
vt 0.8733 0.7295
vt 0.8765 0.0663
vt 0.8803 0.0905
vt 0.8695 0.0866
vt 0.8881 0.0680
vt 0.8955 0.0918
vt 0.8803 0.0905
vt 0.9562 0.6968
vt 0.9583 0.6741
vt 0.9689 0.6888
vt 0.8716 0.7556
vt 0.8778 0.7441
vt 0.8813 0.7541
vt 0.9494 0.0550
vt 0.9610 0.0376
vt 0.9678 0.0441
vt 0.8899 0.0436
vt 0.8794 0.0501
vt 0.8804 0.0403
vt 0.9004 0.0474
vt 0.8895 0.0541
vt 0.8899 0.0436
vt 0.8759 0.7660
vt 0.8813 0.7541
vt 0.8858 0.7641
vt 0.9457 0.0478
vt 0.9532 0.0296
vt 0.9610 0.0376
vt 0.8901 0.0316
vt 0.8804 0.0403
vt 0.8816 0.0288
vt 0.8991 0.0345
vt 0.8899 0.0436
vt 0.8901 0.0316
vt 0.9482 0.6609
vt 0.9460 0.6830
vt 0.9358 0.6650
vt 0.9276 0.6548
vt 0.6884 0.2745
vt 0.6892 0.2639
vt 0.6923 0.2735
vt 0.9190 0.6439
vt 0.9460 0.6830
vt 0.9360 0.7076
vt 0.9284 0.6868
vt 0.9083 0.5923
vt 0.9180 0.5828
vt 0.9191 0.5926
vt 0.9669 0.6679
vt 0.8691 0.6823
vt 0.8729 0.6659
vt 0.8789 0.6792
vt 0.8812 0.6937
vt 0.8835 0.7072
vt 0.8876 0.7268
vt 0.8813 0.7541
vt 0.8932 0.7411
vt 0.8959 0.7508
vt 0.9345 0.1036
vt 0.6987 0.3094
vt 0.7003 0.2977
vt 0.7045 0.3091
vt 0.6957 0.2980
vt 0.6970 0.2884
vt 0.7003 0.2977
vt 0.6911 0.2821
vt 0.6970 0.2884
vt 0.6935 0.2892
vt 0.6884 0.2745
vt 0.6946 0.2807
vt 0.6911 0.2821
vt 0.7658 0.8321
vt 0.7507 0.8126
vt 0.7689 0.8153
vt 0.7410 0.8731
vt 0.7526 0.8840
vt 0.7390 0.8831
vt 0.7410 0.8731
vt 0.7545 0.8663
vt 0.7536 0.8746
vt 0.7351 0.5619
vt 0.7439 0.5774
vt 0.7312 0.5775
vt 0.0338 0.2823
vt 0.0265 0.2892
vt 0.0263 0.2804
vt 0.7392 0.5496
vt 0.7480 0.5639
vt 0.7351 0.5619
vt 0.7317 0.8651
vt 0.7410 0.8731
vt 0.7304 0.8740
vt 0.7244 0.5632
vt 0.7312 0.5775
vt 0.7208 0.5776
vt 0.7271 0.5514
vt 0.7351 0.5619
vt 0.7244 0.5632
vt 0.7380 0.8303
vt 0.7507 0.8126
vt 0.7489 0.8309
vt 0.7304 0.8740
vt 0.7390 0.8831
vt 0.7274 0.8852
vt 0.0330 0.3090
vt 0.0381 0.3012
vt 0.0391 0.3097
vt 0.0321 0.3003
vt 0.0383 0.2914
vt 0.0381 0.3012
vt 0.0440 0.2846
vt 0.0383 0.2914
vt 0.0391 0.2833
vt 0.0330 0.2722
vt 0.0383 0.2631
vt 0.0390 0.2738
vt 0.8584 0.6480
vt 0.8577 0.6581
vt 0.8520 0.6526
vt 0.8471 0.1344
vt 0.8560 0.1430
vt 0.8436 0.1396
vt 0.6705 0.3192
vt 0.6606 0.3223
vt 0.6602 0.3198
vt 0.8801 0.5902
vt 0.8918 0.5828
vt 0.8933 0.5916
vt 0.7214 0.8659
vt 0.7304 0.8740
vt 0.7197 0.8745
vt 0.7146 0.5644
vt 0.7208 0.5776
vt 0.7107 0.5769
vt 0.6828 0.2544
vt 0.6892 0.2639
vt 0.6843 0.2648
vt 0.0440 0.2846
vt 0.0495 0.2763
vt 0.0494 0.2859
vt 0.7172 0.5533
vt 0.7244 0.5632
vt 0.7146 0.5644
vt 0.7298 0.8297
vt 0.7367 0.8116
vt 0.7380 0.8303
vt 0.7197 0.8745
vt 0.7274 0.8852
vt 0.7178 0.8863
vt 0.0443 0.2746
vt 0.9583 0.1261
vt 0.9710 0.1172
vt 0.9682 0.1302
vt 0.2913 0.1518
vt 0.2959 0.1694
vt 0.2846 0.1649
vt 0.0213 0.2697
vt 0.0256 0.2596
vt 0.0260 0.2707
vt 0.4750 0.8831
vt 0.4828 0.8650
vt 0.4811 0.8852
vt 0.5731 0.8467
vt 0.5878 0.8417
vt 0.5871 0.8497
vt 0.6067 0.8531
vt 0.6282 0.8558
vt 0.6085 0.8438
vt 0.6311 0.8450
vt 0.6826 0.5506
vt 0.6913 0.5628
vt 0.6801 0.5604
vt 0.6982 0.8256
vt 0.7042 0.8102
vt 0.7044 0.8269
vt 0.6866 0.8726
vt 0.6949 0.8842
vt 0.6838 0.8818
vt 0.6866 0.8726
vt 0.6989 0.8665
vt 0.6972 0.8752
vt 0.6801 0.5604
vt 0.6887 0.5748
vt 0.6761 0.5727
vt 0.6496 0.8580
vt 0.7298 0.8297
vt 0.7369 0.8435
vt 0.7288 0.8438
vt 0.6529 0.8472
vt 0.6703 0.8609
vt 0.6496 0.8580
vt 0.2531 0.8495
vt 0.2310 0.8570
vt 0.2299 0.8541
vt 0.6794 0.8227
vt 0.6926 0.8107
vt 0.6982 0.8256
vt 0.6680 0.8693
vt 0.6838 0.8818
vt 0.6661 0.8782
vt 0.6703 0.8609
vt 0.6866 0.8726
vt 0.6680 0.8693
vt 0.6639 0.5582
vt 0.6761 0.5727
vt 0.6623 0.5712
vt 0.6736 0.8497
vt 0.6887 0.8641
vt 0.6703 0.8609
vt 0.7343 0.8549
vt 0.7008 0.8539
vt 0.6887 0.8641
vt 0.6920 0.8523
vt 0.3280 0.0228
vt 0.3184 0.0383
vt 0.3175 0.0224
vt 0.3285 0.0383
vt 0.3184 0.0519
vt 0.3184 0.0383
vt 0.6647 0.5481
vt 0.6801 0.5604
vt 0.6639 0.5582
vt 0.6496 0.8580
vt 0.6680 0.8693
vt 0.6474 0.8663
vt 0.6435 0.5697
vt 0.7467 0.8439
vt 0.7044 0.8269
vt 0.7119 0.8111
vt 0.7140 0.8282
vt 0.3184 0.0519
vt 0.3273 0.0653
vt 0.3158 0.0638
vt 0.6438 0.5480
vt 0.6639 0.5582
vt 0.6434 0.5573
vt 0.6581 0.8207
vt 0.6763 0.8091
vt 0.6794 0.8227
vt 0.6474 0.8663
vt 0.6661 0.8782
vt 0.6456 0.8749
vt 0.6213 0.5685
vt 0.6434 0.5573
vt 0.6435 0.5697
vt 0.7445 0.8552
vt 0.3232 0.0824
vt 0.3138 0.0861
vt 0.3138 0.0788
vt 0.6214 0.5491
vt 0.6434 0.5573
vt 0.6207 0.5572
vt 0.6358 0.8187
vt 0.6563 0.8076
vt 0.6581 0.8207
vt 0.6256 0.8638
vt 0.6456 0.8749
vt 0.6236 0.8712
vt 0.6282 0.8558
vt 0.6474 0.8663
vt 0.6256 0.8638
vt 0.7614 0.8453
vt 0.7243 0.8553
vt 0.7317 0.8651
vt 0.7214 0.8659
vt 0.3138 0.0861
vt 0.3221 0.0946
vt 0.3120 0.0926
vt 0.5993 0.5509
vt 0.6207 0.5572
vt 0.5983 0.5581
vt 0.6138 0.8177
vt 0.6348 0.8077
vt 0.6358 0.8187
vt 0.6040 0.8608
vt 0.6236 0.8712
vt 0.6019 0.8676
vt 0.6067 0.8531
vt 0.6256 0.8638
vt 0.6040 0.8608
vt 0.5985 0.5678
vt 0.6207 0.5572
vt 0.6213 0.5685
vt 0.7343 0.8549
vt 0.7420 0.8648
vt 0.7317 0.8651
vt 0.5790 0.5530
vt 0.5983 0.5581
vt 0.5781 0.5589
vt 0.5955 0.8081
vt 0.6138 0.8177
vt 0.5950 0.8176
vt 0.5843 0.8574
vt 0.6019 0.8676
vt 0.5821 0.8637
vt 0.5871 0.8497
vt 0.6040 0.8608
vt 0.5843 0.8574
vt 0.5786 0.5676
vt 0.5983 0.5581
vt 0.5985 0.5678
vt 0.7445 0.8552
vt 0.7545 0.8663
vt 0.7420 0.8648
vt 0.7467 0.8439
vt 0.7579 0.8566
vt 0.7445 0.8552
vt 0.9346 0.0268
vt 0.9532 0.0296
vt 0.9391 0.0381
vt 0.9288 0.0527
vt 0.9391 0.0381
vt 0.9457 0.0478
vt 0.5656 0.5553
vt 0.5781 0.5589
vt 0.5656 0.5603
vt 0.5763 0.8085
vt 0.5950 0.8176
vt 0.5764 0.8170
vt 0.5711 0.8544
vt 0.5821 0.8637
vt 0.5690 0.8609
vt 0.5731 0.8467
vt 0.5843 0.8574
vt 0.5711 0.8544
vt 0.5656 0.5603
vt 0.5786 0.5676
vt 0.5656 0.5678
vt 0.7636 0.8455
vt 0.7658 0.8321
vt 0.7682 0.8328
vt 0.9218 0.0294
vt 0.9116 0.0380
vt 0.9099 0.0281
vt 0.9004 0.0474
vt 0.9116 0.0380
vt 0.9145 0.0515
vt 0.9288 0.0527
vt 0.9494 0.0550
vt 0.9300 0.0657
vt 0.4418 0.8833
vt 0.4523 0.8636
vt 0.4539 0.8831
vt 0.4883 0.8867
vt 0.4981 0.8646
vt 0.4972 0.8897
vt 0.4883 0.8867
vt 0.4828 0.8650
vt 0.4907 0.8649
vt 0.4417 0.9207
vt 0.4506 0.8975
vt 0.4505 0.9206
vt 0.9010 0.0590
vt 0.9099 0.0281
vt 0.8991 0.0345
vt 0.8993 0.0250
vt 0.4360 0.9204
vt 0.4428 0.8960
vt 0.4417 0.9207
vt 0.4687 0.9175
vt 0.4591 0.8992
vt 0.4690 0.8991
vt 0.4788 0.9166
vt 0.4690 0.8991
vt 0.4792 0.8977
vt 0.5779 0.5759
vt 0.5642 0.5851
vt 0.5650 0.5760
vt 0.5793 0.5876
vt 0.5981 0.5769
vt 0.5988 0.5906
vt 0.4792 0.8977
vt 0.4692 0.8976
vt 0.4791 0.8959
vt 0.5811 0.5980
vt 0.5988 0.5906
vt 0.5990 0.6025
vt 0.6199 0.5943
vt 0.6208 0.5785
vt 0.6192 0.6073
vt 0.6410 0.5977
vt 0.6397 0.6119
vt 0.6397 0.6119
vt 0.6599 0.6006
vt 0.6595 0.6160
vt 0.6595 0.6160
vt 0.6734 0.6035
vt 0.6747 0.6194
vt 0.6747 0.6194
vt 0.6868 0.6053
vt 0.6868 0.6201
vt 0.7123 0.8409
vt 0.6199 0.5943
vt 0.6430 0.5804
vt 0.6410 0.5977
vt 0.7077 0.8547
vt 0.7025 0.8397
vt 0.7123 0.8409
vt 0.6410 0.5977
vt 0.6616 0.5824
vt 0.6599 0.6006
vt 0.6599 0.6006
vt 0.6733 0.5842
vt 0.6734 0.6035
vt 0.6869 0.5870
vt 0.7008 0.8539
vt 0.7053 0.8668
vt 0.6989 0.8665
vt 0.7038 0.8752
vt 0.7082 0.6212
vt 0.7182 0.6053
vt 0.7199 0.6198
vt 0.9186 0.1442
vt 0.9334 0.1337
vt 0.9300 0.1474
vt 0.9182 0.1575
vt 0.9300 0.1474
vt 0.9300 0.1610
vt 0.3092 0.1000
vt 0.3159 0.1134
vt 0.3058 0.1104
vt 0.2846 0.1649
vt 0.2868 0.1841
vt 0.2740 0.1767
vt 0.2569 0.1944
vt 0.2596 0.2169
vt 0.2465 0.2035
vt 0.2290 0.2396
vt 0.2575 0.2452
vt 0.2386 0.2583
vt 0.1318 0.2881
vt 0.1443 0.2752
vt 0.1473 0.2858
vt 0.0553 0.2873
vt 0.0623 0.2803
vt 0.0627 0.2891
vt 0.0722 0.2910
vt 0.0827 0.2842
vt 0.0841 0.2921
vt 0.0627 0.2891
vt 0.0712 0.2827
vt 0.0722 0.2910
vt 0.0216 0.2792
vt 0.0260 0.2707
vt 0.0263 0.2804
vt 0.9504 0.1230
vt 0.9615 0.1123
vt 0.9583 0.1261
vt 0.0494 0.2859
vt 0.0554 0.2781
vt 0.0553 0.2873
vt 0.0338 0.2823
vt 0.0390 0.2738
vt 0.0391 0.2833
vt 0.9673 0.0911
vt 0.9482 0.1036
vt 0.9550 0.0749
vt 0.9270 0.1161
vt 0.7199 0.6198
vt 0.7288 0.6028
vt 0.7334 0.6180
vt 0.7334 0.6180
vt 0.7439 0.6011
vt 0.7493 0.6148
vt 0.8993 0.0250
vt 0.8901 0.0316
vt 0.8911 0.0232
vt 0.8911 0.0232
vt 0.8816 0.0288
vt 0.8831 0.0205
vt 0.9401 0.7490
vt 0.9258 0.7388
vt 0.9403 0.7364
vt 0.9268 0.7259
vt 0.7182 0.6053
vt 0.7079 0.5893
vt 0.7193 0.5904
vt 0.9360 0.7076
vt 0.9268 0.7259
vt 0.9210 0.7066
vt 0.7288 0.6028
vt 0.7193 0.5904
vt 0.7297 0.5892
vt 0.7439 0.6011
vt 0.7297 0.5892
vt 0.7424 0.5885
vt 0.8793 0.7735
vt 0.8858 0.7641
vt 0.8887 0.7715
vt 0.8887 0.7715
vt 0.8998 0.7616
vt 0.9018 0.7688
vt 0.9256 0.7524
vt 0.9093 0.7462
vt 0.9258 0.7388
vt 0.9197 0.6702
vt 0.9146 0.6878
vt 0.9084 0.6749
vt 0.9084 0.7360
vt 0.9061 0.7187
vt 0.9268 0.7259
vt 0.9084 0.7360
vt 0.8992 0.6997
vt 0.9210 0.7066
vt 0.9061 0.7187
vt 0.8929 0.6881
vt 0.0569 0.3047
vt 0.0635 0.2975
vt 0.0648 0.3055
vt 0.0554 0.2781
vt 0.0614 0.2693
vt 0.0623 0.2803
vt 0.0584 0.3120
vt 0.0648 0.3055
vt 0.0663 0.3125
vt 0.0648 0.3055
vt 0.0735 0.2987
vt 0.0750 0.3059
vt 0.0623 0.2803
vt 0.0697 0.2728
vt 0.0712 0.2827
vt 0.0663 0.3125
vt 0.0750 0.3059
vt 0.0763 0.3125
vt 0.0750 0.3059
vt 0.0856 0.2993
vt 0.0871 0.3060
vt 0.0712 0.2827
vt 0.0808 0.2745
vt 0.0827 0.2842
vt 0.0763 0.3125
vt 0.0871 0.3060
vt 0.0884 0.3124
vt 0.6554 0.2645
vt 0.6475 0.2743
vt 0.6465 0.2631
vt 0.6630 0.2911
vt 0.6562 0.2844
vt 0.6619 0.2844
vt 0.6559 0.2925
vt 0.6478 0.2845
vt 0.6562 0.2844
vt 0.6554 0.2645
vt 0.6616 0.2746
vt 0.6559 0.2756
vt 0.6581 0.3114
vt 0.6455 0.3022
vt 0.6561 0.3005
vt 0.6602 0.3198
vt 0.6465 0.3225
vt 0.6463 0.3201
vt 0.6667 0.2625
vt 0.6733 0.2710
vt 0.6674 0.2720
vt 0.6643 0.2997
vt 0.8992 0.6631
vt 0.6619 0.2844
vt 0.6559 0.2756
vt 0.6643 0.2997
vt 0.6559 0.2925
vt 0.6630 0.2911
vt 0.6561 0.3005
vt 0.6469 0.2937
vt 0.6559 0.2925
vt 0.1021 0.3123
vt 0.1178 0.3056
vt 0.1179 0.3118
vt 0.1011 0.3060
vt 0.1172 0.2982
vt 0.1178 0.3056
vt 0.1155 0.2906
vt 0.0997 0.2994
vt 0.0983 0.2923
vt 0.1132 0.2825
vt 0.0983 0.2923
vt 0.0971 0.2841
vt 0.1106 0.2729
vt 0.6335 0.2617
vt 0.6178 0.2696
vt 0.6201 0.2599
vt 0.6157 0.2808
vt 0.6331 0.2719
vt 0.6336 0.2830
vt 0.6157 0.2808
vt 0.6321 0.2929
vt 0.6146 0.2931
vt 0.6146 0.2931
vt 0.6313 0.3010
vt 0.6155 0.3010
vt 0.6161 0.3087
vt 0.6313 0.3010
vt 0.6323 0.3101
vt 0.5998 0.2780
vt 0.5886 0.2646
vt 0.6028 0.2669
vt 0.5984 0.3002
vt 0.5814 0.3076
vt 0.5817 0.2982
vt 0.5998 0.2780
vt 0.5824 0.2866
vt 0.5849 0.2751
vt 0.6028 0.2669
vt 0.5940 0.2561
vt 0.6072 0.2579
vt 0.5979 0.2898
vt 0.5817 0.2982
vt 0.5824 0.2866
vt 0.6072 0.2579
vt 0.1337 0.3012
vt 0.1500 0.3056
vt 0.1345 0.3082
vt 0.1332 0.2951
vt 0.1492 0.2990
vt 0.1337 0.3012
vt 0.6157 0.2808
vt 0.1287 0.2789
vt 0.1371 0.2611
vt 0.1443 0.2752
vt 0.2496 0.2872
vt 0.2804 0.2995
vt 0.2508 0.3010
vt 0.2496 0.2872
vt 0.2689 0.2615
vt 0.2811 0.2747
vt 0.2290 0.2396
vt 0.2341 0.2126
vt 0.2447 0.2290
vt 0.2492 0.3240
vt 0.2277 0.3278
vt 0.2274 0.3242
vt 0.2508 0.3010
vt 0.2247 0.3121
vt 0.2215 0.3035
vt 0.2204 0.2949
vt 0.5235 0.3167
vt 0.5378 0.3238
vt 0.5223 0.3240
vt 0.4837 0.3168
vt 0.5125 0.3241
vt 0.4826 0.3245
vt 0.2186 0.2840
vt 0.2496 0.2872
vt 0.2204 0.2949
vt 0.2149 0.2703
vt 0.2451 0.2738
vt 0.2186 0.2840
vt 0.1782 0.3260
vt 0.1641 0.3285
vt 0.1640 0.3257
vt 0.1636 0.3039
vt 0.1775 0.3122
vt 0.1641 0.3124
vt 0.1632 0.2970
vt 0.1769 0.3027
vt 0.1636 0.3039
vt 0.1632 0.2970
vt 0.1763 0.2935
vt 0.1766 0.2960
vt 0.1752 0.2789
vt 0.1631 0.2903
vt 0.1626 0.2820
vt 0.1752 0.2789
vt 0.1599 0.2712
vt 0.1724 0.2673
vt 0.1652 0.2508
vt 0.5328 0.2885
vt 0.5420 0.3014
vt 0.5289 0.2987
vt 0.5366 0.2766
vt 0.5448 0.2920
vt 0.5328 0.2885
vt 0.5427 0.2664
vt 0.5495 0.2804
vt 0.5366 0.2766
vt 0.5481 0.2572
vt 0.5554 0.2691
vt 0.5427 0.2664
vt 0.5582 0.2438
vt 0.5604 0.2602
vt 0.5481 0.2572
vt 0.4962 0.2839
vt 0.5206 0.2969
vt 0.4886 0.2956
vt 0.5086 0.2696
vt 0.5253 0.2860
vt 0.4962 0.2839
vt 0.5188 0.2579
vt 0.5288 0.2738
vt 0.5086 0.2696
vt 0.5272 0.2464
vt 0.5350 0.2644
vt 0.5188 0.2579
vt 0.5408 0.2550
vt 0.5360 0.2334
vt 0.5521 0.2412
vt 0.2081 0.2526
vt 0.1988 0.2308
vt 0.1640 0.3257
vt 0.1533 0.3287
vt 0.1532 0.3252
vt 0.1636 0.3039
vt 0.1517 0.3138
vt 0.1500 0.3056
vt 0.1492 0.2990
vt 0.9145 0.0797
vt 0.8955 0.0918
vt 0.9003 0.0731
vt 0.1486 0.2928
vt 0.1632 0.2970
vt 0.1492 0.2990
vt 0.1473 0.2858
vt 0.1631 0.2903
vt 0.1486 0.2928
vt 0.1599 0.2712
vt 0.1534 0.2559
vt 0.4354 0.8630
vt 0.4418 0.8833
vt 0.4320 0.8837
vt 0.5941 0.8007
vt 0.5763 0.8085
vt 0.5757 0.8017
vt 0.6125 0.8002
vt 0.5955 0.8081
vt 0.5941 0.8007
vt 0.6333 0.7996
vt 0.6138 0.8078
vt 0.6125 0.8002
vt 0.6190 0.6101
vt 0.6397 0.6119
vt 0.6396 0.6149
vt 0.6396 0.6149
vt 0.6595 0.6160
vt 0.6596 0.6192
vt 0.9119 0.0983
vt 0.8911 0.1058
vt 0.8955 0.0918
vt 0.9455 0.1363
vt 0.9583 0.1261
vt 0.9559 0.1393
vt 0.0558 0.2960
vt 0.0627 0.2891
vt 0.0635 0.2975
vt 0.0635 0.2975
vt 0.0722 0.2910
vt 0.0735 0.2987
vt 0.0735 0.2987
vt 0.0841 0.2921
vt 0.0856 0.2993
vt 0.6164 0.3155
vt 0.6323 0.3101
vt 0.6333 0.3165
vt 0.5979 0.2898
vt 0.5984 0.3002
vt 0.1332 0.2951
vt 0.1746 0.2449
vt 0.1889 0.2605
vt 0.1827 0.2632
vt 0.1801 0.2414
vt 0.2081 0.2526
vt 0.1889 0.2605
vt 0.2689 0.2615
vt 0.4930 0.2369
vt 0.4916 0.2593
vt 0.4802 0.2468
vt 0.4723 0.2713
vt 0.5145 0.2382
vt 0.5127 0.2170
vt 0.5242 0.2244
vt 0.5027 0.2287
vt 0.5046 0.2475
vt 0.4930 0.2369
vt 0.4426 0.2706
vt 0.4224 0.2928
vt 0.4201 0.2824
vt 0.3928 0.2868
vt 0.4224 0.2928
vt 0.3905 0.2977
vt 0.3090 0.2972
vt 0.2811 0.2747
vt 0.3188 0.2848
vt 0.2908 0.2373
vt 0.2833 0.2135
vt 0.3006 0.2211
vt 0.2709 0.2051
vt 0.2734 0.2282
vt 0.2596 0.2169
vt 0.4736 0.2152
vt 0.4697 0.2337
vt 0.4618 0.2228
vt 0.6908 0.8015
vt 0.6763 0.8091
vt 0.6749 0.7996
vt 0.3092 0.2424
vt 0.3006 0.2211
vt 0.3192 0.2218
vt 0.4206 0.2320
vt 0.4051 0.2528
vt 0.3997 0.2304
vt 0.7028 0.8012
vt 0.6926 0.8107
vt 0.6908 0.8015
vt 0.4824 0.2096
vt 0.4823 0.2252
vt 0.4736 0.2152
vt 0.3997 0.2304
vt 0.3853 0.2525
vt 0.3815 0.2287
vt 0.4513 0.2425
vt 0.4912 0.2183
vt 0.4930 0.2001
vt 0.5017 0.2081
vt 0.3288 0.2464
vt 0.3192 0.2218
vt 0.3330 0.2225
vt 0.3956 0.1970
vt 0.4107 0.1845
vt 0.4133 0.1994
vt 0.3811 0.1949
vt 0.3951 0.1808
vt 0.3956 0.1970
vt 0.3688 0.1925
vt 0.3820 0.1786
vt 0.3811 0.1949
vt 0.2959 0.1694
vt 0.3005 0.1894
vt 0.2868 0.1841
vt 0.6871 0.6231
vt 0.6953 0.6209
vt 0.6953 0.6241
vt 0.7245 0.8014
vt 0.7119 0.8111
vt 0.7112 0.8017
vt 0.7203 0.6234
vt 0.7510 0.8008
vt 0.7367 0.8116
vt 0.7365 0.8006
vt 0.4237 0.1205
vt 0.4186 0.1330
vt 0.4160 0.1219
vt 0.7342 0.6218
vt 0.7493 0.6148
vt 0.7508 0.6183
vt 0.3497 0.1239
vt 0.3433 0.1081
vt 0.3537 0.1105
vt 0.3999 0.1188
vt 0.3926 0.1307
vt 0.3924 0.1176
vt 0.7508 0.6183
vt 0.7517 0.6146
vt 0.7535 0.6180
vt 0.4237 0.1205
vt 0.4329 0.1284
vt 0.4270 0.1312
vt 0.3924 0.1176
vt 0.3856 0.1299
vt 0.3851 0.1163
vt 0.4095 0.1327
vt 0.4400 0.1247
vt 0.4296 0.1185
vt 0.4367 0.1148
vt 0.3589 0.1262
vt 0.3537 0.1105
vt 0.3615 0.1124
vt 0.3381 0.1206
vt 0.3305 0.1053
vt 0.3433 0.1081
vt 0.3196 0.1018
vt 0.3256 0.1167
vt 0.3159 0.1134
vt 0.4074 0.1209
vt 0.4125 0.1084
vt 0.4160 0.1219
vt 0.4044 0.1053
vt 0.3999 0.1188
vt 0.3993 0.1047
vt 0.3993 0.1047
vt 0.3924 0.1176
vt 0.3925 0.1035
vt 0.3925 0.1035
vt 0.3851 0.1163
vt 0.3852 0.1022
vt 0.3775 0.1154
vt 0.3775 0.1154
vt 0.3712 0.1014
vt 0.3783 0.1015
vt 0.3689 0.1140
vt 0.3638 0.1021
vt 0.3712 0.1014
vt 0.3927 0.0881
vt 0.3852 0.1022
vt 0.3851 0.0872
vt 0.4044 0.1053
vt 0.4117 0.0951
vt 0.4125 0.1084
vt 0.4267 0.1076
vt 0.4348 0.0971
vt 0.4362 0.1056
vt 0.3638 0.1021
vt 0.3568 0.0955
vt 0.3646 0.0923
vt 0.3464 0.1003
vt 0.3368 0.0920
vt 0.3477 0.0923
vt 0.3368 0.0920
vt 0.3221 0.0946
vt 0.3234 0.0891
vt 0.4183 0.0962
vt 0.9443 0.7484
vt 0.9403 0.7364
vt 0.9444 0.7365
vt 0.3464 0.1003
vt 0.3568 0.0955
vt 0.3560 0.1015
vt 0.3992 0.0911
vt 0.3925 0.1035
vt 0.3927 0.0881
vt 0.9700 0.0289
vt 0.4244 0.0969
vt 0.4201 0.1080
vt 0.4183 0.0962
vt 0.3380 0.0827
vt 0.3234 0.0891
vt 0.3232 0.0824
vt 0.4175 0.0857
vt 0.4117 0.0951
vt 0.4117 0.0841
vt 0.9837 0.0603
vt 0.9678 0.0441
vt 0.9773 0.0368
vt 0.3477 0.0923
vt 0.3583 0.0810
vt 0.3568 0.0955
vt 0.3990 0.0798
vt 0.3927 0.0881
vt 0.3930 0.0783
vt 0.9837 0.0603
vt 0.9817 0.0804
vt 0.9726 0.0594
vt 0.4231 0.0867
vt 0.4183 0.0962
vt 0.4175 0.0857
vt 0.3930 0.0783
vt 0.3851 0.0872
vt 0.3859 0.0777
vt 0.4055 0.0927
vt 0.4244 0.0969
vt 0.4328 0.0885
vt 0.4348 0.0971
vt 0.3646 0.0923
vt 0.3583 0.0810
vt 0.3656 0.0788
vt 0.3477 0.0923
vt 0.3380 0.0827
vt 0.3480 0.0825
vt 0.9924 0.0859
vt 0.9817 0.0804
vt 0.9891 0.0765
vt 0.9876 0.6954
vt 0.9942 0.6945
vt 0.9886 0.6978
vt 0.9949 0.6938
vt 0.9923 0.6920
vt 0.9931 0.6914
vt 0.0328 0.2526
vt 0.0289 0.2454
vt 0.0346 0.2462
vt 0.0379 0.2531
vt 0.4285 0.0544
vt 0.4181 0.0646
vt 0.4191 0.0523
vt 0.3934 0.0468
vt 0.3862 0.0571
vt 0.3873 0.0458
vt 0.4055 0.0617
vt 0.4125 0.0505
vt 0.4124 0.0630
vt 0.4371 0.0691
vt 0.4285 0.0544
vt 0.4408 0.0573
vt 0.3626 0.0585
vt 0.3538 0.0496
vt 0.3611 0.0478
vt 0.3464 0.0621
vt 0.3381 0.0520
vt 0.3460 0.0509
vt 0.3285 0.0524
vt 0.3380 0.0639
vt 0.3273 0.0653
vt 0.4191 0.0523
vt 0.6777 0.2468
vt 0.6738 0.2466
vt 0.6775 0.2445
vt 0.3556 0.0603
vt 0.3460 0.0509
vt 0.3538 0.0496
vt 0.4009 0.0482
vt 0.3932 0.0583
vt 0.3934 0.0468
vt 0.3611 0.0478
vt 0.3525 0.0373
vt 0.3601 0.0355
vt 0.3460 0.0509
vt 0.3380 0.0391
vt 0.3451 0.0386
vt 0.3380 0.0391
vt 0.3285 0.0524
vt 0.3285 0.0383
vt 0.4209 0.0374
vt 0.4125 0.0505
vt 0.4150 0.0360
vt 0.0482 0.2526
vt 0.0448 0.2449
vt 0.0496 0.2442
vt 0.3538 0.0496
vt 0.3451 0.0386
vt 0.3525 0.0373
vt 0.3962 0.0334
vt 0.6660 0.2496
vt 0.6705 0.2510
vt 0.6667 0.2521
vt 0.4305 0.0393
vt 0.4191 0.0523
vt 0.4209 0.0374
vt 0.3901 0.0330
vt 0.4095 0.0347
vt 0.4448 0.0426
vt 0.4012 0.0184
vt 0.4028 0.0342
vt 0.3962 0.0334
vt 0.0601 0.2462
vt 0.0539 0.2536
vt 0.0543 0.2446
vt 0.4326 0.0221
vt 0.4209 0.0374
vt 0.4225 0.0203
vt 0.3931 0.0188
vt 0.3962 0.0334
vt 0.3901 0.0330
vt 0.4172 0.0195
vt 0.4305 0.0393
vt 0.4465 0.0249
vt 0.4448 0.0426
vt 0.3601 0.0355
vt 0.3534 0.0225
vt 0.3607 0.0207
vt 0.3451 0.0386
vt 0.3378 0.0230
vt 0.3454 0.0230
vt 0.3378 0.0230
vt 0.3285 0.0383
vt 0.3280 0.0228
vt 0.4225 0.0203
vt 0.6607 0.2498
vt 0.6551 0.2522
vt 0.6545 0.2498
vt 0.3525 0.0373
vt 0.3454 0.0230
vt 0.3534 0.0225
vt 0.3304 0.8944
vt 0.3514 0.8944
vt 0.3515 0.8978
vt 0.2497 0.8918
vt 0.2261 0.8910
vt 0.2502 0.8885
vt 0.0912 0.9674
vt 0.0703 0.9666
vt 0.0913 0.9638
vt 0.1170 0.9167
vt 0.1332 0.9218
vt 0.1167 0.9207
vt 0.0819 0.8563
vt 0.1058 0.8613
vt 0.0813 0.8596
vt 0.6545 0.2498
vt 0.6464 0.2530
vt 0.6465 0.2500
vt 0.2676 0.8903
vt 0.2502 0.8885
vt 0.2682 0.8868
vt 0.2807 0.9823
vt 0.2678 0.9771
vt 0.2815 0.9790
vt 0.2927 0.9840
vt 0.2815 0.9790
vt 0.2934 0.9806
vt 0.1355 0.9654
vt 0.1537 0.9619
vt 0.1541 0.9655
vt 0.2923 0.9395
vt 0.2791 0.9428
vt 0.2790 0.9397
vt 0.1014 0.2478
vt 0.0914 0.2641
vt 0.0888 0.2503
vt 0.1014 0.2478
vt 0.1157 0.2549
vt 0.1054 0.2609
vt 0.1123 0.2447
vt 0.1288 0.2488
vt 0.1157 0.2549
vt 0.1389 0.2317
vt 0.1288 0.2488
vt 0.1239 0.2385
vt 0.5877 0.2364
vt 0.1525 0.9212
vt 0.1682 0.9281
vt 0.1508 0.9243
vt 0.5582 0.2438
vt 0.5543 0.2401
vt 0.5599 0.2424
vt 0.1638 0.2131
vt 0.1870 0.2129
vt 0.1688 0.2246
vt 0.0536 0.8990
vt 0.0819 0.8983
vt 0.0816 0.9020
vt 0.9139 0.0637
vt 0.9010 0.0590
vt 0.8881 0.0680
vt 0.8895 0.0541
vt 0.4075 0.0186
vt 0.4095 0.0347
vt 0.4028 0.0342
vt 0.3705 0.0194
vt 0.3809 0.0331
vt 0.3685 0.0339
vt 0.3793 0.0454
vt 0.4009 0.0482
vt 0.4095 0.0347
vt 0.4060 0.0500
vt 0.4001 0.0603
vt 0.4060 0.0500
vt 0.4055 0.0617
vt 0.3785 0.0563
vt 0.3687 0.0459
vt 0.3793 0.0454
vt 0.3717 0.0774
vt 0.3789 0.0874
vt 0.3722 0.0884
vt 0.3992 0.0911
vt 0.4060 0.0821
vt 0.4055 0.0927
vt 0.4055 0.0927
vt 0.3783 0.1015
vt 0.3615 0.1124
vt 0.3560 0.1015
vt 0.3638 0.1021
vt 0.3537 0.1105
vt 0.3433 0.1081
vt 0.3351 0.0987
vt 0.3464 0.1003
vt 0.4009 0.1315
vt 0.4074 0.1209
vt 0.4095 0.1327
vt 0.3221 0.0946
vt 0.3305 0.1053
vt 0.3196 0.1018
vt 0.3775 0.1154
vt 0.3675 0.1276
vt 0.3689 0.1140
vt 0.8895 0.0541
vt 0.8765 0.0663
vt 0.8794 0.0501
vt 0.1904 0.1918
vt 0.1870 0.2129
vt 0.1780 0.2017
vt 0.5374 0.4406
vt 0.5244 0.4455
vt 0.5346 0.4371
vt 0.4287 0.2509
vt 0.4421 0.2275
vt 0.4513 0.2425
vt 0.4507 0.2825
vt 0.4621 0.2581
vt 0.4723 0.2713
vt 0.5886 0.2646
vt 0.5796 0.2519
vt 0.5940 0.2561
vt 0.1357 0.3157
vt 0.3474 0.2492
vt 0.3648 0.2263
vt 0.3642 0.2512
vt 0.3409 0.2829
vt 0.3619 0.2973
vt 0.3347 0.2977
vt 0.8944 0.1763
vt 0.9010 0.1528
vt 0.9080 0.1743
vt 0.0536 0.8990
vt 0.0187 0.8953
vt 0.0541 0.8953
vt 0.0478 0.8512
vt 0.0147 0.8472
vt 0.0157 0.8438
vt 0.3828 0.0188
vt 0.3685 0.0339
vt 0.3687 0.0459
vt 0.3809 0.0331
vt 0.3793 0.0454
vt 0.3694 0.0569
vt 0.3656 0.0788
vt 0.3092 0.1000
vt 0.3029 0.0928
vt 0.3120 0.0926
vt 0.3689 0.1140
vt 0.3474 0.2492
vt 0.3330 0.2225
vt 0.3504 0.2243
vt 0.3188 0.2848
vt 0.9201 0.1744
vt 0.9411 0.1638
vt 0.9311 0.1754
vt 0.9300 0.1610
vt 0.9418 0.1769
vt 0.3653 0.2851
vt 0.3905 0.2977
vt 0.3619 0.2973
vt 0.3642 0.2512
vt 0.4602 0.1976
vt 0.4631 0.1826
vt 0.4688 0.1931
vt 0.4474 0.2013
vt 0.4540 0.1864
vt 0.4602 0.1976
vt 0.3771 0.1290
vt 0.5067 0.4603
vt 0.5176 0.4572
vt 0.5095 0.4644
vt 0.2201 0.4820
vt 0.3783 0.1015
vt 0.3789 0.0874
vt 0.4492 0.1426
vt 0.4329 0.1284
vt 0.4400 0.1247
vt 0.8681 0.7468
vt 0.8733 0.7295
vt 0.8778 0.7441
vt 0.8778 0.7441
vt 0.8876 0.7268
vt 0.8932 0.7411
vt 0.4413 0.1889
vt 0.4478 0.1752
vt 0.4540 0.1864
vt 0.4540 0.1864
vt 0.4564 0.1717
vt 0.4631 0.1826
vt 0.4707 0.1767
vt 0.4564 0.1717
vt 0.4650 0.1660
vt 0.3033 0.1547
vt 0.3086 0.1722
vt 0.2959 0.1694
vt 0.3236 0.1743
vt 0.3152 0.1557
vt 0.3302 0.1565
vt 0.3372 0.1725
vt 0.3302 0.1565
vt 0.3426 0.1544
vt 0.3494 0.1722
vt 0.3426 0.1544
vt 0.3517 0.1539
vt 0.3624 0.1563
vt 0.3605 0.1735
vt 0.3738 0.1598
vt 0.3710 0.1757
vt 0.3710 0.1757
vt 0.3832 0.1630
vt 0.3820 0.1786
vt 0.3820 0.1786
vt 0.3949 0.1662
vt 0.3951 0.1808
vt 0.3951 0.1808
vt 0.4083 0.1701
vt 0.4107 0.1845
vt 0.4226 0.1742
vt 0.4359 0.1765
vt 0.4263 0.1878
vt 0.4226 0.1742
vt 0.4413 0.1889
vt 0.4313 0.2012
vt 0.4263 0.1878
vt 0.4263 0.1878
vt 0.3605 0.1735
vt 0.3688 0.1925
vt 0.3570 0.1912
vt 0.3494 0.1722
vt 0.3570 0.1912
vt 0.3445 0.1905
vt 0.3372 0.1725
vt 0.3321 0.1915
vt 0.3236 0.1743
vt 0.3372 0.1725
vt 0.3169 0.1935
vt 0.3086 0.1722
vt 0.3236 0.1743
vt 0.8859 0.6737
vt 0.8786 0.6597
vt 0.8992 0.6631
vt 0.8859 0.6737
vt 0.3752 0.9338
vt 0.3414 0.9411
vt 0.3409 0.9377
vt 0.4783 0.1862
vt 0.4631 0.1826
vt 0.4707 0.1767
vt 0.6816 0.2924
vt 0.6885 0.2988
vt 0.6835 0.3001
vt 0.6752 0.2948
vt 0.8715 0.6490
vt 0.8897 0.6495
vt 0.8786 0.6597
vt 0.8757 0.6306
vt 0.8715 0.6490
vt 0.8640 0.6419
vt 0.9520 0.1784
vt 0.9613 0.1687
vt 0.9615 0.1801
vt 0.9627 0.1799
vt 0.9613 0.1687
vt 0.9625 0.1687
vt 0.9097 0.1101
vt 0.8875 0.1190
vt 0.8911 0.1058
vt 0.8840 0.1315
vt 0.9068 0.1239
vt 0.9046 0.1394
vt 0.9618 0.1564
vt 0.9650 0.1424
vt 0.9521 0.1533
vt 0.9559 0.1393
vt 0.9682 0.1302
vt 0.9615 0.1123
vt 0.9786 0.1031
vt 0.9710 0.1172
vt 0.8846 0.6371
vt 0.9028 0.6458
vt 0.8897 0.6495
vt 0.8846 0.6371
vt 0.8844 0.6150
vt 0.8978 0.6255
vt 0.2985 0.0392
vt 0.3053 0.0223
vt 0.3078 0.0383
vt 0.4562 0.0606
vt 0.4576 0.0465
vt 0.4608 0.0470
vt 0.9789 0.6829
vt 0.9751 0.6646
vt 0.9856 0.6785
vt 0.9680 0.6521
vt 0.9669 0.6679
vt 0.9581 0.6549
vt 0.9636 0.6421
vt 0.8520 0.6526
vt 0.8515 0.6617
vt 0.8480 0.6568
vt 0.0338 0.3167
vt 0.9423 0.6016
vt 0.9389 0.6191
vt 0.9327 0.6023
vt 0.8591 0.1363
vt 0.8718 0.1467
vt 0.8560 0.1430
vt 0.0399 0.3171
vt 0.0453 0.3105
vt 0.0461 0.3175
vt 0.2975 0.0529
vt 0.3048 0.0635
vt 0.2956 0.0640
vt 0.6835 0.3001
vt 0.6882 0.3101
vt 0.6828 0.3111
vt 0.6733 0.2710
vt 0.6824 0.2785
vt 0.6781 0.2807
vt 0.0505 0.3037
vt 0.0558 0.2960
vt 0.0569 0.3047
vt 0.9360 0.7076
vt 0.9635 0.7064
vt 0.9420 0.7244
vt 0.6706 0.2613
vt 0.6772 0.2690
vt 0.6733 0.2710
vt 0.0439 0.2930
vt 0.6643 0.2997
vt 0.6763 0.3031
vt 0.6674 0.3090
vt 0.9852 0.0889
vt 0.9786 0.1031
vt 0.9734 0.0981
vt 0.0516 0.3112
vt 0.0569 0.3047
vt 0.0584 0.3120
vt 0.0516 0.3112
vt 0.0390 0.2738
vt 0.0438 0.2629
vt 0.0443 0.2746
vt 0.0381 0.3012
vt 0.0439 0.2930
vt 0.0445 0.3026
vt 0.6781 0.2807
vt 0.6852 0.2848
vt 0.6802 0.2865
vt 0.0496 0.2944
vt 0.0553 0.2873
vt 0.0558 0.2960
vt 0.9461 0.6347
vt 0.9501 0.6178
vt 0.9578 0.6319
vt 0.9537 0.6459
vt 0.9578 0.6319
vt 0.9636 0.6421
vt 0.9762 0.6642
vt 0.9852 0.0889
vt 0.9673 0.0911
vt 0.9817 0.0804
vt 0.6816 0.2924
vt 0.6852 0.2848
vt 0.6874 0.2907
vt 0.0525 0.3179
vt 0.0584 0.3120
vt 0.0595 0.3184
vt 0.6630 0.2911
vt 0.6712 0.2813
vt 0.6738 0.2885
vt 0.6674 0.3090
vt 0.6773 0.3131
vt 0.6701 0.3163
vt 0.6712 0.2813
vt 0.4474 0.0956
vt 0.4445 0.0873
vt 0.4486 0.0867
vt 0.6623 0.2638
vt 0.6674 0.2720
vt 0.6616 0.2746
vt 0.5814 0.3076
vt 0.5973 0.3143
vt 0.5794 0.3148
vt 0.6746 0.2591
vt 0.6806 0.2666
vt 0.6772 0.2690
vt 0.9550 0.0749
vt 0.2953 0.0867
vt 0.3029 0.0928
vt 0.2942 0.0930
vt 0.2942 0.0930
vt 0.2999 0.0995
vt 0.2927 0.0988
vt 0.9726 0.0594
vt 0.0443 0.2746
vt 0.0493 0.2644
vt 0.0495 0.2763
vt 0.9694 0.1309
vt 0.0445 0.3026
vt 0.0496 0.2944
vt 0.0505 0.3037
vt 0.0505 0.3037
vt 0.0675 0.3187
vt 0.0774 0.3186
vt 0.6772 0.2690
vt 0.6855 0.2762
vt 0.6824 0.2785
vt 0.9642 0.6418
vt 0.9642 0.6418
vt 0.9578 0.6319
vt 0.9585 0.6314
vt 0.9510 0.6176
vt 0.9432 0.6016
vt 0.9501 0.6178
vt 0.9423 0.6016
vt 0.6712 0.2813
vt 0.6824 0.2785
vt 0.6886 0.2835
vt 0.6852 0.2848
vt 0.6874 0.2907
vt 0.6886 0.2835
vt 0.6905 0.2899
vt 0.6874 0.2907
vt 0.6920 0.2982
vt 0.6885 0.2988
vt 0.6885 0.2988
vt 0.6936 0.3095
vt 0.6882 0.3101
vt 0.6738 0.2885
vt 0.6816 0.2924
vt 0.6752 0.2948
vt 0.6763 0.3031
vt 0.6828 0.3111
vt 0.6773 0.3131
vt 0.6738 0.2885
vt 0.6752 0.2948
vt 0.6835 0.3001
vt 0.6763 0.3031
vt 0.9688 0.6518
vt 0.9751 0.6646
vt 0.9680 0.6521
vt 0.9010 0.1528
vt 0.8771 0.1415
vt 0.8879 0.1610
vt 0.8718 0.1467
vt 0.9344 0.0853
vt 0.9409 0.1503
vt 0.9409 0.1503
vt 0.9092 0.1951
vt 0.8962 0.2011
vt 0.8959 0.1953
vt 0.9324 0.1949
vt 0.9222 0.2009
vt 0.9215 0.1951
vt 0.9321 0.1889
vt 0.9418 0.1769
vt 0.9426 0.1893
vt 0.9529 0.1955
vt 0.9432 0.2010
vt 0.9428 0.1951
vt 0.9622 0.1959
vt 0.9532 0.2010
vt 0.9529 0.1955
vt 0.9632 0.1905
vt 0.9615 0.1801
vt 0.9627 0.1799
vt 0.0405 0.3274
vt 0.0346 0.3310
vt 0.0345 0.3275
vt 0.0404 0.3240
vt 0.0461 0.3175
vt 0.0466 0.3241
vt 0.0533 0.3274
vt 0.0469 0.3307
vt 0.0468 0.3274
vt 0.0531 0.3243
vt 0.0595 0.3184
vt 0.0602 0.3244
vt 0.0683 0.3273
vt 0.0605 0.3303
vt 0.0604 0.3274
vt 0.0781 0.3271
vt 0.0684 0.3302
vt 0.0683 0.3273
vt 0.0902 0.3269
vt 0.0782 0.3299
vt 0.0781 0.3271
vt 0.1180 0.3264
vt 0.1035 0.3295
vt 0.1034 0.3267
vt 0.5985 0.3080
vt 0.6155 0.3010
vt 0.6161 0.3087
vt 0.5985 0.3080
vt 0.6164 0.3155
vt 0.5973 0.3143
vt 0.1532 0.3252
vt 0.1373 0.3289
vt 0.1370 0.3256
vt 0.5743 0.2620
vt 0.5849 0.2751
vt 0.5702 0.2722
vt 0.5702 0.2722
vt 0.5824 0.2866
vt 0.5661 0.2835
vt 0.5743 0.2620
vt 0.5691 0.2470
vt 0.5796 0.2519
vt 0.5604 0.2602
vt 0.5702 0.2722
vt 0.5554 0.2691
vt 0.1827 0.2632
vt 0.1985 0.3461
vt 0.1946 0.2767
vt 0.1946 0.2767
vt 0.2186 0.2840
vt 0.1969 0.2873
vt 0.5272 0.2464
vt 0.5242 0.2244
vt 0.5360 0.2334
vt 0.5145 0.2382
vt 0.5188 0.2579
vt 0.5046 0.2475
vt 0.2722 0.3214
vt 0.2504 0.3121
vt 0.2799 0.3131
vt 0.2913 0.3222
vt 0.2799 0.3131
vt 0.2962 0.3159
vt 0.3107 0.3243
vt 0.2906 0.3269
vt 0.2910 0.3245
vt 0.3417 0.3230
vt 0.3138 0.3195
vt 0.3449 0.3183
vt 0.4120 0.3223
vt 0.3782 0.3257
vt 0.3779 0.3236
vt 0.4355 0.3174
vt 0.4156 0.3146
vt 0.4411 0.3095
vt 0.4632 0.3105
vt 0.4411 0.3095
vt 0.4687 0.3000
vt 0.4852 0.3093
vt 0.4687 0.3000
vt 0.4886 0.2956
vt 0.1984 0.2956
vt 0.1992 0.3025
vt 0.1978 0.3025
vt 0.1923 0.3099
vt 0.1907 0.3027
vt 0.1928 0.3463
vt 0.1985 0.3535
vt 0.1914 0.3535
vt 0.5554 0.2691
vt 0.5661 0.2835
vt 0.5495 0.2804
vt 0.5495 0.2804
vt 0.5630 0.2953
vt 0.5448 0.2920
vt 0.5630 0.2953
vt 0.5608 0.3051
vt 0.1287 0.2789
vt 0.1155 0.2906
vt 0.1318 0.2881
vt 0.1172 0.2982
vt 0.1155 0.2906
vt 0.1172 0.2982
vt 0.1178 0.3056
vt 0.1030 0.3183
vt 0.1357 0.3157
vt 0.1179 0.3118
vt 0.1345 0.3082
vt 0.1180 0.3184
vt 0.1366 0.3223
vt 0.1179 0.3235
vt 0.5590 0.3189
vt 0.5793 0.3233
vt 0.5589 0.3236
vt 0.5448 0.2920
vt 0.5608 0.3051
vt 0.5420 0.3014
vt 0.5420 0.3014
vt 0.5591 0.3144
vt 0.5394 0.3111
vt 0.1992 0.3452
vt 0.1924 0.3459
vt 0.1919 0.3453
vt 0.1914 0.3110
vt 0.2005 0.3214
vt 0.1923 0.3223
vt 0.1988 0.3108
vt 0.2274 0.3242
vt 0.2012 0.3283
vt 0.2009 0.3248
vt 0.5046 0.2475
vt 0.5086 0.2696
vt 0.4916 0.2593
vt 0.4962 0.2839
vt 0.2799 0.3131
vt 0.2962 0.3159
vt 0.2804 0.2995
vt 0.3090 0.2972
vt 0.3138 0.3195
vt 0.3090 0.2972
vt 0.3347 0.2977
vt 0.3449 0.3183
vt 0.3877 0.3197
vt 0.3905 0.2977
vt 0.4156 0.3146
vt 0.3877 0.3197
vt 0.4224 0.2928
vt 0.4687 0.3000
vt 0.9088 0.6018
vt 0.9305 0.5927
vt 0.9207 0.6023
vt 0.9191 0.5926
vt 0.9107 0.6236
vt 0.6999 0.3156
vt 0.7045 0.3091
vt 0.7057 0.3154
vt 0.6674 0.3090
vt 0.6599 0.3173
vt 0.6581 0.3114
vt 0.8952 0.6000
vt 0.6581 0.3114
vt 0.6461 0.3177
vt 0.6457 0.3127
vt 0.2504 0.3121
vt 0.2270 0.3207
vt 0.2247 0.3121
vt 0.5289 0.2987
vt 0.5394 0.3111
vt 0.5251 0.3095
vt 0.5160 0.3083
vt 0.1639 0.3229
vt 0.1641 0.3124
vt 0.1531 0.3217
vt 0.1517 0.3138
vt 0.6167 0.3192
vt 0.6333 0.3165
vt 0.6335 0.3196
vt 0.9398 0.5924
vt 0.9327 0.6023
vt 0.9305 0.5927
vt 0.6828 0.3111
vt 0.6887 0.3159
vt 0.6825 0.3164
vt 0.6701 0.3163
vt 0.6770 0.3175
vt 0.6705 0.3192
vt 0.5793 0.3191
vt 0.5973 0.3143
vt 0.5980 0.3187
vt 0.9409 0.5926
vt 0.9423 0.6016
vt 0.9398 0.5924
vt 0.6887 0.3159
vt 0.6936 0.3095
vt 0.6942 0.3156
vt 0.6773 0.3131
vt 0.6825 0.3164
vt 0.6770 0.3175
vt 0.8944 0.1763
vt 0.9090 0.1893
vt 0.8957 0.1895
vt 0.9311 0.1754
vt 0.9209 0.1893
vt 0.9201 0.1744
vt 0.9324 0.1949
vt 0.9426 0.1893
vt 0.9428 0.1951
vt 0.9520 0.1784
vt 0.9526 0.1900
vt 0.9633 0.1954
vt 0.9620 0.1908
vt 0.9632 0.1905
vt 0.0399 0.3171
vt 0.0343 0.3240
vt 0.0338 0.3167
vt 0.0405 0.3274
vt 0.0466 0.3241
vt 0.0468 0.3274
vt 0.0525 0.3179
vt 0.0533 0.3274
vt 0.0602 0.3244
vt 0.0604 0.3274
vt 0.0675 0.3187
vt 0.0774 0.3186
vt 0.0682 0.3245
vt 0.0675 0.3187
vt 0.0894 0.3184
vt 0.0780 0.3243
vt 0.0774 0.3186
vt 0.1180 0.3184
vt 0.1034 0.3239
vt 0.1030 0.3183
vt 0.5980 0.3187
vt 0.6164 0.3155
vt 0.6167 0.3192
vt 0.1366 0.3223
vt 0.2713 0.3243
vt 0.2493 0.3204
vt 0.2722 0.3214
vt 0.2910 0.3245
vt 0.2722 0.3214
vt 0.2913 0.3222
vt 0.3093 0.3219
vt 0.3107 0.3243
vt 0.3417 0.3230
vt 0.3409 0.3252
vt 0.3776 0.3214
vt 0.3877 0.3197
vt 0.4116 0.3192
vt 0.3776 0.3214
vt 0.4334 0.3213
vt 0.4116 0.3192
vt 0.4355 0.3174
vt 0.4620 0.3177
vt 0.4355 0.3174
vt 0.4632 0.3105
vt 0.4837 0.3168
vt 0.4632 0.3105
vt 0.4852 0.3093
vt 0.1180 0.3264
vt 0.1366 0.3223
vt 0.1370 0.3256
vt 0.5608 0.3051
vt 0.5794 0.3148
vt 0.5591 0.3144
vt 0.5385 0.3174
vt 0.5591 0.3144
vt 0.5590 0.3189
vt 0.1923 0.3223
vt 0.2009 0.3248
vt 0.1925 0.3253
vt 0.2247 0.3121
vt 0.2005 0.3214
vt 0.1988 0.3108
vt 0.9635 0.7064
vt 0.9789 0.6829
vt 0.9778 0.6990
vt 0.9689 0.6888
vt 0.9789 0.6829
vt 0.9923 0.6920
vt 0.9876 0.6954
vt 0.9931 0.6914
vt 0.9856 0.6785
vt 0.9865 0.6780
vt 0.6828 0.2544
vt 0.6777 0.2468
vt 0.6819 0.2443
vt 0.6741 0.2489
vt 0.6784 0.2566
vt 0.6746 0.2591
vt 0.6705 0.2510
vt 0.6667 0.2521
vt 0.6706 0.2613
vt 0.6667 0.2625
vt 0.6615 0.2526
vt 0.6554 0.2645
vt 0.6615 0.2526
vt 0.6623 0.2638
vt 0.6551 0.2522
vt 0.6341 0.2528
vt 0.6201 0.2599
vt 0.6116 0.2483
vt 0.6221 0.2510
vt 0.6072 0.2579
vt 0.6002 0.2453
vt 0.6116 0.2483
vt 0.5940 0.2561
vt 0.5864 0.2396
vt 0.6002 0.2453
vt 0.5764 0.2346
vt 0.5647 0.4217
vt 0.5641 0.4182
vt 0.5660 0.4210
vt 0.5521 0.2412
vt 0.5452 0.2218
vt 0.5604 0.2285
vt 0.5452 0.2218
vt 0.2208 0.4392
vt 0.2190 0.4629
vt 0.2071 0.4560
vt 0.4727 0.1751
vt 0.4902 0.1739
vt 0.4801 0.1844
vt 0.2042 0.1809
vt 0.2037 0.1997
vt 0.1923 0.1901
vt 0.5234 0.4309
vt 0.5180 0.4344
vt 0.5177 0.4340
vt 0.4495 0.1184
vt 0.4362 0.1056
vt 0.4462 0.1100
vt 0.4367 0.1148
vt 0.4443 0.1035
vt 0.4435 0.0968
vt 0.4479 0.0707
vt 0.3071 0.0522
vt 0.3158 0.0638
vt 0.3048 0.0635
vt 0.3054 0.0853
vt 0.3054 0.0853
vt 0.4267 0.1076
vt 0.4237 0.1205
vt 0.4201 0.1080
vt 0.4201 0.1080
vt 0.2999 0.0995
vt 0.4270 0.1312
vt 0.4254 0.1529
vt 0.4186 0.1330
vt 0.4947 0.1980
vt 0.5118 0.1952
vt 0.5034 0.2059
vt 0.2325 0.2102
vt 0.2275 0.1864
vt 0.2444 0.2011
vt 0.2765 0.1474
vt 0.2820 0.1633
vt 0.2669 0.1549
vt 0.5216 0.2025
vt 0.5347 0.2070
vt 0.5320 0.2106
vt 0.2019 0.2017
vt 0.1988 0.2308
vt 0.1870 0.2129
vt 0.1801 0.2414
vt 0.1688 0.2246
vt 0.1746 0.2449
vt 0.1638 0.2281
vt 0.1652 0.2508
vt 0.1455 0.2416
vt 0.1545 0.2333
vt 0.1455 0.2416
vt 0.1371 0.2611
vt 0.1288 0.2488
vt 0.1228 0.2662
vt 0.1054 0.2609
vt 0.1228 0.2662
vt 0.1106 0.2729
vt 0.1054 0.2609
vt 0.0949 0.2746
vt 0.0914 0.2641
vt 0.0697 0.2728
vt 0.0772 0.2638
vt 0.0808 0.2745
vt 0.0614 0.2693
vt 0.0674 0.2611
vt 0.0697 0.2728
vt 0.0602 0.2562
vt 0.0547 0.2665
vt 0.0539 0.2536
vt 0.0493 0.2644
vt 0.0482 0.2526
vt 0.0438 0.2629
vt 0.0430 0.2529
vt 0.0383 0.2631
vt 0.0321 0.2612
vt 0.9797 0.1040
vt 0.9892 0.0960
vt 0.9899 0.0969
vt 0.6972 0.8752
vt 0.7025 0.8853
vt 0.6949 0.8842
vt 0.6938 0.5529
vt 0.6999 0.5643
vt 0.6913 0.5628
vt 0.7008 0.8539
vt 0.6961 0.8388
vt 0.7025 0.8397
vt 0.6920 0.8523
vt 0.6759 0.8358
vt 0.6961 0.8388
vt 0.6736 0.8497
vt 0.6558 0.8348
vt 0.6759 0.8358
vt 0.6529 0.8472
vt 0.6339 0.8326
vt 0.6558 0.8348
vt 0.6311 0.8450
vt 0.6113 0.8313
vt 0.6339 0.8326
vt 0.6085 0.8438
vt 0.5923 0.8308
vt 0.6113 0.8313
vt 0.4758 0.8633
vt 0.4660 0.8645
vt 0.4655 0.8627
vt 0.4750 0.8831
vt 0.4660 0.8645
vt 0.4759 0.8649
vt 0.6913 0.5628
vt 0.6979 0.5764
vt 0.6887 0.5748
vt 0.6869 0.5870
vt 0.6979 0.5764
vt 0.6962 0.5884
vt 0.6961 0.8388
vt 0.6581 0.8207
vt 0.6358 0.8187
vt 0.6138 0.8177
vt 0.5950 0.8176
vt 0.5764 0.8170
vt 0.5923 0.8308
vt 0.5756 0.8299
vt 0.4660 0.8645
vt 0.7447 0.5882
vt 0.7439 0.5774
vt 0.7460 0.5771
vt 0.9251 0.0404
vt 0.9288 0.0527
vt 0.9139 0.0637
vt 0.9145 0.0515
vt 0.9300 0.0657
vt 0.9344 0.0853
vt 0.9119 0.0983
vt 0.9145 0.0797
vt 0.9270 0.1161
vt 0.9119 0.0983
vt 0.9345 0.1036
vt 0.9270 0.1161
vt 0.9068 0.1239
vt 0.9097 0.1101
vt 0.9046 0.1394
vt 0.9215 0.1298
vt 0.9186 0.1442
vt 0.9010 0.1528
vt 0.9186 0.1442
vt 0.9182 0.1575
vt 0.9090 0.1893
vt 0.9215 0.1951
vt 0.9094 0.2010
vt 0.9092 0.1951
vt 0.4528 0.0600
vt 0.4448 0.0426
vt 0.4592 0.0287
vt 0.4576 0.0465
vt 0.2890 0.8437
vt 0.2724 0.8493
vt 0.2708 0.8462
vt 0.8584 0.6480
vt 0.8715 0.6490
vt 0.8654 0.6561
vt 0.8786 0.6597
vt 0.8859 0.6737
vt 0.8929 0.6881
vt 0.8992 0.6997
vt 0.9061 0.7187
vt 0.9084 0.7360
vt 0.9093 0.7462
vt 0.9105 0.7576
vt 0.9406 0.7599
vt 0.9256 0.7524
vt 0.9401 0.7490
vt 0.7447 0.5882
vt 0.7424 0.5885
vt 0.7297 0.5892
vt 0.7193 0.5904
vt 0.6868 0.6053
vt 0.6868 0.6201
vt 0.6948 0.6055
vt 0.6953 0.6209
vt 0.6761 0.5727
vt 0.6430 0.5804
vt 0.6623 0.5712
vt 0.6616 0.5824
vt 0.6208 0.5785
vt 0.6435 0.5697
vt 0.6430 0.5804
vt 0.5981 0.5769
vt 0.5786 0.5676
vt 0.5981 0.5769
vt 0.5779 0.5759
vt 0.5656 0.5678
vt 0.4591 0.8992
vt 0.4621 0.2581
vt 0.4697 0.2337
vt 0.4802 0.2468
vt 0.4823 0.2252
vt 0.4912 0.2183
vt 0.4930 0.2369
vt 0.4823 0.2252
vt 0.5027 0.2287
vt 0.5017 0.2081
vt 0.5127 0.2170
vt 0.2546 0.1922
vt 0.2553 0.1640
vt 0.2716 0.1747
vt 0.4516 0.1170
vt 0.4462 0.1100
vt 0.4491 0.1087
vt 0.2896 0.1065
vt 0.2920 0.1264
vt 0.2820 0.1242
vt 0.2669 0.1549
vt 0.2447 0.2290
vt 0.2575 0.2452
vt 0.2689 0.2615
vt 0.2734 0.2282
vt 0.2908 0.2373
vt 0.2811 0.2747
vt 0.2908 0.2373
vt 0.3092 0.2424
vt 0.3188 0.2848
vt 0.3092 0.2424
vt 0.3288 0.2464
vt 0.3409 0.2829
vt 0.3288 0.2464
vt 0.3474 0.2492
vt 0.3653 0.2851
vt 0.4051 0.2528
vt 0.3928 0.2868
vt 0.3853 0.2525
vt 0.4287 0.2509
vt 0.4201 0.2824
vt 0.4051 0.2528
vt 0.4426 0.2706
vt 0.4270 0.1312
vt 0.4422 0.1477
vt 0.4349 0.1516
vt 0.4601 0.1361
vt 0.3033 0.1276
vt 0.3159 0.1134
vt 0.3132 0.1278
vt 0.3256 0.1234
vt 0.3381 0.1206
vt 0.3368 0.1261
vt 0.3558 0.1342
vt 0.3497 0.1239
vt 0.3589 0.1262
vt 0.3675 0.1276
vt 0.3771 0.1356
vt 0.3657 0.1350
vt 0.3926 0.1307
vt 0.3865 0.1375
vt 0.3856 0.1299
vt 0.4032 0.1448
vt 0.4139 0.1493
vt 0.4009 0.1315
vt 0.3944 0.1402
vt 0.3926 0.1307
vt 0.3771 0.1356
vt 0.3589 0.1262
vt 0.3368 0.1261
vt 0.3497 0.1239
vt 0.3473 0.1333
vt 0.3256 0.1234
vt 0.2970 0.1082
vt 0.3033 0.1276
vt 0.2920 0.1264
vt 0.3078 0.0383
vt 0.3184 0.0519
vt 0.3071 0.0522
vt 0.3078 0.0383
vt 0.3678 0.9814
vt 0.4028 0.9789
vt 0.4030 0.9824
vt 0.6806 0.2666
vt 0.6884 0.2745
vt 0.6855 0.2762
vt 0.6936 0.3095
vt 0.6957 0.2980
vt 0.6987 0.3094
vt 0.6920 0.2982
vt 0.6935 0.2892
vt 0.6957 0.2980
vt 0.6935 0.2892
vt 0.6855 0.2762
vt 0.6911 0.2821
vt 0.6886 0.2835
vt 0.0325 0.2901
vt 0.2154 0.1926
vt 0.2178 0.2162
vt 0.2037 0.1997
vt 0.0267 0.3084
vt 0.0321 0.3003
vt 0.0330 0.3090
vt 0.0259 0.2996
vt 0.0325 0.2901
vt 0.0321 0.3003
vt 0.0260 0.2707
vt 0.0321 0.2612
vt 0.0330 0.2722
vt 0.2895 0.1521
vt 0.6784 0.2566
vt 0.6843 0.2648
vt 0.6806 0.2666
vt 0.0330 0.2722
vt 0.0276 0.3164
vt 0.0345 0.3275
vt 0.0287 0.3311
vt 0.0285 0.3275
vt 0.6942 0.3156
vt 0.6987 0.3094
vt 0.6999 0.3156
vt 0.0338 0.3167
vt 0.0283 0.3240
vt 0.0276 0.3164
vt 0.6871 0.2534
vt 0.6819 0.2443
vt 0.6868 0.2433
vt 0.0328 0.2526
vt 0.0256 0.2596
vt 0.0276 0.2515
vt 0.7067 0.6059
vt 0.6962 0.5884
vt 0.7079 0.5893
vt 0.6953 0.6209
vt 0.7067 0.6059
vt 0.7082 0.6212
vt 0.7079 0.5893
vt 0.6979 0.5764
vt 0.7107 0.5769
vt 0.6999 0.5643
vt 0.7016 0.5536
vt 0.7146 0.5644
vt 0.6999 0.5643
vt 0.7038 0.8752
vt 0.7178 0.8863
vt 0.7025 0.8853
vt 0.7053 0.8668
vt 0.7197 0.8745
vt 0.7038 0.8752
vt 0.7077 0.8547
vt 0.7214 0.8659
vt 0.7053 0.8668
vt 0.7243 0.8553
vt 0.7298 0.8297
vt 0.7257 0.8114
vt 0.8806 0.1957
vt 0.8957 0.1895
vt 0.8959 0.1953
vt 0.8615 0.1539
vt 0.8803 0.1903
vt 0.8731 0.1655
vt 0.8781 0.1784
vt 0.8879 0.1610
vt 0.8944 0.1763
vt 0.8634 0.1963
vt 0.8803 0.1903
vt 0.8806 0.1957
vt 0.8440 0.1636
vt 0.8471 0.1497
vt 0.8615 0.1539
vt 0.8630 0.1917
vt 0.8781 0.1784
vt 0.8803 0.1903
vt 0.8604 0.1811
vt 0.8731 0.1655
vt 0.8781 0.1784
vt 0.8531 0.1692
vt 0.8615 0.1539
vt 0.8731 0.1655
vt 0.8442 0.1967
vt 0.8630 0.1917
vt 0.8634 0.1963
vt 0.8320 0.1712
vt 0.8364 0.1593
vt 0.8440 0.1636
vt 0.8434 0.1926
vt 0.8604 0.1811
vt 0.8630 0.1917
vt 0.8411 0.1842
vt 0.8531 0.1692
vt 0.8604 0.1811
vt 0.8364 0.1758
vt 0.8440 0.1636
vt 0.8531 0.1692
vt 0.8683 0.6122
vt 0.8815 0.5974
vt 0.8844 0.6150
vt 0.8649 0.6243
vt 0.8757 0.6306
vt 0.8653 0.5897
vt 0.8791 0.5828
vt 0.8801 0.5902
vt 0.8488 0.6094
vt 0.8657 0.5962
vt 0.8683 0.6122
vt 0.8653 0.5897
vt 0.8497 0.5828
vt 0.8652 0.5828
vt 0.8577 0.6346
vt 0.8492 0.6210
vt 0.8649 0.6243
vt 0.8683 0.6122
vt 0.8446 0.6287
vt 0.8342 0.6200
vt 0.8492 0.6210
vt 0.8492 0.6210
vt 0.8360 0.6100
vt 0.8488 0.6094
vt 0.8488 0.6094
vt 0.8362 0.5990
vt 0.8483 0.5968
vt 0.8423 0.6507
vt 0.8464 0.6450
vt 0.8335 0.6441
vt 0.8464 0.6450
vt 0.8423 0.6507
vt 0.8464 0.6450
vt 0.8406 0.6341
vt 0.8513 0.6400
vt 0.8335 0.6441
vt 0.8273 0.6358
vt 0.8368 0.6390
vt 0.8368 0.6390
vt 0.8291 0.6306
vt 0.8406 0.6341
vt 0.8513 0.6400
vt 0.8640 0.6419
vt 0.8584 0.6480
vt 0.8446 0.6287
vt 0.8315 0.6258
vt 0.8364 0.1593
vt 0.8239 0.1625
vt 0.8311 0.1548
vt 0.8364 0.1593
vt 0.8388 0.1465
vt 0.8471 0.1497
vt 0.8436 0.1396
vt 0.6323 0.3101
vt 0.6455 0.3022
vt 0.6457 0.3127
vt 0.6333 0.3165
vt 0.6463 0.3201
vt 0.6338 0.3226
vt 0.6335 0.3196
vt 0.1034 0.3267
vt 0.0902 0.3297
vt 0.0902 0.3269
vt 0.0901 0.3241
vt 0.0894 0.3184
vt 0.0884 0.3124
vt 0.1011 0.3060
vt 0.1021 0.3123
vt 0.0871 0.3060
vt 0.0997 0.2994
vt 0.1011 0.3060
vt 0.0983 0.2923
vt 0.0971 0.2841
vt 0.0949 0.2746
vt 0.0808 0.2745
vt 0.0888 0.2503
vt 0.0772 0.2638
vt 0.0757 0.2489
vt 0.6464 0.2530
vt 0.6465 0.2631
vt 0.6331 0.2719
vt 0.6335 0.2617
vt 0.6336 0.2830
vt 0.6475 0.2743
vt 0.6478 0.2845
vt 0.6336 0.2830
vt 0.6469 0.2937
vt 0.6321 0.2929
vt 0.6455 0.3022
vt 0.4231 0.0867
vt 0.4371 0.0691
vt 0.4328 0.0885
vt 0.4445 0.0873
vt 0.4486 0.0867
vt 0.4479 0.0707
vt 0.4512 0.0713
vt 0.3050 0.0769
vt 0.3273 0.0653
vt 0.3480 0.0825
vt 0.3380 0.0639
vt 0.3464 0.0621
vt 0.3583 0.0810
vt 0.3464 0.0621
vt 0.3556 0.0603
vt 0.3656 0.0788
vt 0.3556 0.0603
vt 0.3626 0.0585
vt 0.3781 0.0773
vt 0.3694 0.0569
vt 0.3785 0.0563
vt 0.3862 0.0571
vt 0.3932 0.0583
vt 0.3859 0.0777
vt 0.3862 0.0571
vt 0.4001 0.0603
vt 0.3930 0.0783
vt 0.3932 0.0583
vt 0.3990 0.0798
vt 0.4055 0.0617
vt 0.4060 0.0821
vt 0.4060 0.0821
vt 0.4124 0.0630
vt 0.4117 0.0841
vt 0.4181 0.0646
vt 0.4262 0.0669
vt 0.4175 0.0857
vt 0.4181 0.0646
vt 0.3558 0.1342
vt 0.3445 0.1905
vt 0.3321 0.1915
vt 0.3473 0.1333
vt 0.3473 0.1333
vt 0.3192 0.2218
vt 0.3169 0.1935
vt 0.3321 0.1915
vt 0.3302 0.1565
vt 0.3132 0.1278
vt 0.3152 0.1557
vt 0.3033 0.1547
vt 0.3006 0.2211
vt 0.3005 0.1894
vt 0.3169 0.1935
vt 0.2868 0.1841
vt 0.2833 0.2135
vt 0.2709 0.2051
vt 0.5035 0.1880
vt 0.2920 0.1264
vt 0.2913 0.1518
vt 0.2785 0.1459
vt 0.2820 0.1242
vt 0.2785 0.1459
vt 0.2668 0.1377
vt 0.4750 0.1560
vt 0.4843 0.1606
vt 0.4819 0.1646
vt 0.4729 0.1547
vt 0.4762 0.1512
vt 0.4742 0.1553
vt 0.4492 0.1426
vt 0.4729 0.1547
vt 0.4650 0.1660
vt 0.4824 0.2096
vt 0.4783 0.1862
vt 0.4930 0.2001
vt 0.4422 0.1477
vt 0.4478 0.1752
vt 0.4736 0.2152
vt 0.4618 0.2228
vt 0.4421 0.2275
vt 0.4206 0.2320
vt 0.4313 0.2012
vt 0.4421 0.2275
vt 0.3997 0.2304
vt 0.3815 0.2287
vt 0.3648 0.2263
vt 0.3624 0.1563
vt 0.3865 0.1375
vt 0.3738 0.1598
vt 0.3771 0.1356
vt 0.3944 0.1402
vt 0.3832 0.1630
vt 0.3865 0.1375
vt 0.4032 0.1448
vt 0.3949 0.1662
vt 0.3944 0.1402
vt 0.4139 0.1493
vt 0.4083 0.1701
vt 0.4032 0.1448
vt 0.4254 0.1529
vt 0.4349 0.1516
vt 0.5241 0.2227
vt 0.4601 0.1361
vt 0.4750 0.1505
vt 0.4729 0.1547
vt 0.5151 0.2141
vt 0.5104 0.2091
vt 0.5155 0.2137
vt 0.2650 0.1394
vt 0.2669 0.1549
vt 0.2548 0.1461
vt 0.4622 0.1337
vt 0.2970 0.1082
vt 0.4443 0.1035
vt 0.4435 0.0968
vt 0.4478 0.1024
vt 0.4443 0.1035
vt 0.3054 0.0853
vt 0.2965 0.0785
vt 0.3050 0.0769
vt 0.4528 0.0600
vt 0.4624 0.0295
vt 0.1437 0.8603
vt 0.1586 0.8634
vt 0.1435 0.8634
vt 0.5334 0.2125
vt 0.5241 0.2227
vt 0.5326 0.2113
vt 0.2380 0.1786
vt 0.4677 0.1659
vt 0.4819 0.1646
vt 0.4727 0.1751
vt 0.5334 0.2125
vt 0.5474 0.2183
vt 0.5452 0.2218
vt 0.5604 0.2285
vt 0.5474 0.2183
vt 0.5624 0.2253
vt 0.1669 0.4438
vt 0.1698 0.4324
vt 0.1716 0.4321
vt 0.1545 0.2333
vt 0.1389 0.2317
vt 0.1481 0.2252
vt 0.6012 0.2421
vt 0.6116 0.2483
vt 0.6012 0.2421
vt 0.6128 0.2446
vt 0.6227 0.2475
vt 0.6341 0.2528
vt 0.6227 0.2475
vt 0.6345 0.2485
vt 0.0674 0.2611
vt 0.0602 0.2562
vt 0.0669 0.2477
vt 0.0674 0.2611
vt 0.0482 0.2526
vt 0.6700 0.2486
vt 0.0400 0.2456
vt 0.0430 0.2529
vt 0.0379 0.2531
vt 0.6819 0.2443
vt 0.6775 0.2445
vt 0.6817 0.2424
vt 0.9899 0.0969
vt 0.9959 0.0915
vt 0.9966 0.0923
vt 0.9924 0.0859
vt 0.9892 0.0960
vt 0.9852 0.0889
vt 0.9876 0.6954
vt 0.9793 0.7013
vt 0.9778 0.6990
vt 0.9635 0.7064
vt 0.9793 0.7013
vt 0.9644 0.7100
vt 0.9457 0.7257
vt 0.9457 0.7257
vt 0.7689 0.8153
vt 0.7718 0.8040
vt 0.7715 0.8164
vt 0.7692 0.8029
vt 0.7257 0.8114
vt 0.7042 0.8102
vt 0.6751 0.6225
vt 0.6563 0.8076
vt 0.6348 0.8077
vt 0.6545 0.7988
vt 0.6563 0.8076
vt 0.6192 0.6073
vt 0.5987 0.6050
vt 0.5990 0.6025
vt 0.5808 0.6005
vt 0.5811 0.5980
vt 0.5628 0.5963
vt 0.5633 0.5941
vt 0.4818 0.9170
vt 0.2371 0.4423
vt 0.2487 0.4525
vt 0.2363 0.4437
vt 0.4645 0.5132
vt 0.4791 0.4984
vt 0.4666 0.5155
vt 0.3113 0.5755
vt 0.3022 0.5886
vt 0.3029 0.5741
vt 0.6360 0.3927
vt 0.6483 0.3984
vt 0.6366 0.4004
vt 0.2785 0.1459
vt 0.2895 0.1521
vt 0.2774 0.1469
vt 0.2592 0.4612
vt 0.4543 0.5311
vt 0.4666 0.5155
vt 0.4565 0.5324
vt 0.3027 0.5448
vt 0.4494 0.5461
vt 0.4541 0.5478
vt 0.4487 0.5528
vt 0.4494 0.5461
vt 0.4568 0.5781
vt 0.4586 0.5893
vt 0.4536 0.5788
vt 0.3056 0.6132
vt 0.4637 0.6026
vt 0.4688 0.6194
vt 0.4656 0.6202
vt 0.2299 0.8541
vt 0.2020 0.8607
vt 0.2016 0.8579
vt 0.2714 0.4991
vt 0.2700 0.5145
vt 0.2596 0.5081
vt 0.4742 0.4724
vt 0.4826 0.4637
vt 0.4753 0.4732
vt 0.4769 0.4943
vt 0.4802 0.4978
vt 0.4791 0.4984
vt 0.5498 0.4290
vt 0.5360 0.4351
vt 0.5475 0.4256
vt 0.5626 0.4185
vt 0.5619 0.2288
vt 0.1571 0.4238
vt 0.1416 0.4258
vt 0.1479 0.4157
vt 0.6031 0.4040
vt 0.5883 0.4069
vt 0.6020 0.4009
vt 0.6133 0.3977
vt 0.6239 0.3947
vt 0.6146 0.4013
vt 0.6133 0.3977
vt 0.6239 0.3947
vt 0.0792 0.4065
vt 0.0706 0.3988
vt 0.0801 0.3956
vt 0.0710 0.4121
vt 0.0638 0.4041
vt 0.0706 0.3988
vt 0.6679 0.3948
vt 0.6634 0.3920
vt 0.6686 0.3923
vt 0.0521 0.4083
vt 0.6761 0.3953
vt 0.0469 0.4083
vt 0.6839 0.3996
vt 0.6889 0.4005
vt 0.6838 0.4016
vt 0.6839 0.3996
vt 0.9899 0.3050
vt 0.9959 0.3104
vt 0.9892 0.3058
vt 0.9924 0.3160
vt 0.9792 0.4637
vt 0.9876 0.4695
vt 0.9777 0.4660
vt 0.9633 0.4587
vt 0.9454 0.4393
vt 0.9633 0.4587
vt 0.9416 0.4406
vt 0.9399 0.4286
vt 0.9700 0.3730
vt 0.9531 0.3723
vt 0.9610 0.3643
vt 0.5698 0.6319
vt 0.5722 0.6433
vt 0.5696 0.6444
vt 0.5724 0.6309
vt 0.5905 0.6414
vt 0.5722 0.6433
vt 0.6054 0.7959
vt 0.6303 0.7976
vt 0.6305 0.6320
vt 0.6505 0.7968
vt 0.6873 0.6315
vt 0.7276 0.7825
vt 0.7070 0.7839
vt 0.7274 0.7799
vt 0.7456 0.7787
vt 0.7638 0.7752
vt 0.7455 0.7762
vt 0.7634 0.7730
vt 0.4399 0.8161
vt 0.4718 0.1759
vt 0.2160 0.1734
vt 0.2154 0.1926
vt 0.2042 0.1809
vt 0.5145 0.1909
vt 0.5035 0.1880
vt 0.5062 0.1839
vt 0.5135 0.2157
vt 0.4939 0.1989
vt 0.4666 0.1659
vt 0.4793 0.1852
vt 0.2832 0.1639
vt 0.2740 0.1767
vt 0.2557 0.1932
vt 0.2728 0.1756
vt 0.2341 0.2126
vt 0.2454 0.2022
vt 0.2465 0.2035
vt 0.2019 0.2017
vt 0.2177 0.2174
vt 0.2175 0.2193
vt 0.5026 0.2069
vt 0.2175 0.2193
vt 0.2332 0.2113
vt 0.2341 0.2126
vt 0.4937 0.4747
vt 0.4762 0.4739
vt 0.4834 0.4645
vt 0.2548 0.1461
vt 0.2553 0.1640
vt 0.2437 0.1542
vt 0.2557 0.1932
vt 0.5062 0.1839
vt 0.4902 0.1739
vt 0.4927 0.1702
vt 0.5364 0.2088
vt 0.5326 0.2113
vt 0.5354 0.2077
vt 0.2380 0.1786
vt 0.4819 0.1646
vt 0.2668 0.1377
vt 0.2774 0.1469
vt 0.2659 0.1388
vt 0.2264 0.1665
vt 0.5118 0.1952
vt 0.5241 0.1983
vt 0.5216 0.2025
vt 0.2019 0.2017
vt 0.1915 0.1908
vt 0.2029 0.2004
vt 0.4959 0.4485
vt 0.5054 0.4415
vt 0.4969 0.4496
vt 0.4687 0.4831
vt 0.4753 0.4732
vt 0.4703 0.4832
vt 0.4769 0.4943
vt 0.4703 0.4832
vt 0.4782 0.4936
vt 0.2832 0.5077
vt 0.2940 0.5013
vt 0.2958 0.5015
vt 0.2888 0.4886
vt 0.2940 0.5013
vt 0.2874 0.4896
vt 0.2498 0.4512
vt 0.2592 0.4612
vt 0.2487 0.4525
vt 0.2053 0.4541
vt 0.1952 0.4652
vt 0.1941 0.4642
vt 0.5152 0.4311
vt 0.5265 0.4252
vt 0.5160 0.4325
vt 0.2477 0.4535
vt 0.2420 0.4762
vt 0.2312 0.4687
vt 0.2596 0.4903
vt 0.2596 0.5081
vt 0.2483 0.5004
vt 0.2779 0.4771
vt 0.2874 0.4896
vt 0.2767 0.4783
vt 0.4937 0.4747
vt 0.4815 0.4627
vt 0.4969 0.4496
vt 0.4826 0.4637
vt 0.2420 0.4762
vt 0.2483 0.5004
vt 0.2307 0.4886
vt 0.4963 0.4784
vt 0.4857 0.4842
vt 0.4937 0.4747
vt 0.2717 0.5162
vt 0.2821 0.5068
vt 0.2832 0.5077
vt 0.5148 0.4529
vt 0.5270 0.4496
vt 0.5176 0.4572
vt 0.5360 0.4351
vt 0.5265 0.4252
vt 0.5265 0.4235
vt 0.4834 0.4645
vt 0.4753 0.4732
vt 0.5381 0.4399
vt 0.5061 0.4424
vt 0.5264 0.4267
vt 0.2208 0.4392
vt 0.2363 0.4437
vt 0.2356 0.4448
vt 0.2581 0.4622
vt 0.2862 0.4903
vt 0.2925 0.5011
vt 0.2832 0.1639
vt 0.2880 0.1523
vt 0.2895 0.1521
vt 0.2728 0.1756
vt 0.2820 0.1633
vt 0.2832 0.1639
vt 0.2454 0.2022
vt 0.2546 0.1922
vt 0.2557 0.1932
vt 0.2332 0.2113
vt 0.2178 0.2162
vt 0.2325 0.2102
vt 0.5135 0.2157
vt 0.5240 0.2212
vt 0.5241 0.2227
vt 0.4939 0.1989
vt 0.5034 0.2059
vt 0.5026 0.2069
vt 0.5354 0.2077
vt 0.4718 0.1759
vt 0.4718 0.1759
vt 0.4801 0.1844
vt 0.4793 0.1852
vt 0.5326 0.2113
vt 0.5240 0.2212
vt 0.5320 0.2106
vt 0.4677 0.1659
vt 0.4742 0.1553
vt 0.4750 0.1560
vt 0.2029 0.2004
vt 0.5026 0.2069
vt 0.5140 0.2146
vt 0.5135 0.2157
vt 0.4769 0.1518
vt 0.2716 0.1747
vt 0.4947 0.1980
vt 0.2765 0.1474
vt 0.5264 0.4267
vt 0.5352 0.4364
vt 0.5346 0.4371
vt 0.4782 0.4936
vt 0.4714 0.4832
vt 0.4789 0.4930
vt 0.2821 0.5068
vt 0.2063 0.4553
vt 0.5166 0.4335
vt 0.2477 0.4535
vt 0.4782 0.4936
vt 0.4810 0.4971
vt 0.4802 0.4978
vt 0.2756 0.4792
vt 0.2592 0.4612
vt 0.2767 0.4783
vt 0.2708 0.5151
vt 0.2812 0.5063
vt 0.2821 0.5068
vt 0.2053 0.4541
vt 0.2206 0.4380
vt 0.2063 0.4553
vt 0.0965 0.6518
vt 0.1127 0.6444
vt 0.1128 0.6524
vt 0.0966 0.6280
vt 0.1131 0.6216
vt 0.1129 0.6286
vt 0.0968 0.6209
vt 0.1133 0.6154
vt 0.1131 0.6216
vt 0.0402 0.6728
vt 0.0555 0.6672
vt 0.0564 0.6732
vt 0.0394 0.6667
vt 0.0549 0.6602
vt 0.0555 0.6672
vt 0.0387 0.6598
vt 0.0545 0.6525
vt 0.0549 0.6602
vt 0.0383 0.6521
vt 0.0544 0.6445
vt 0.0545 0.6525
vt 0.0382 0.6440
vt 0.0545 0.6363
vt 0.0544 0.6445
vt 0.0383 0.6358
vt 0.0549 0.6283
vt 0.0545 0.6363
vt 0.0549 0.6283
vt 0.0394 0.6204
vt 0.0555 0.6209
vt 0.0555 0.6209
vt 0.0402 0.6138
vt 0.0564 0.6143
vt 0.0119 0.6156
vt 0.0276 0.6212
vt 0.0114 0.6219
vt 0.0114 0.6219
vt 0.0273 0.6284
vt 0.0111 0.6291
vt 0.0111 0.6291
vt 0.0270 0.6362
vt 0.0108 0.6369
vt 0.0108 0.6369
vt 0.0269 0.6443
vt 0.0108 0.6449
vt 0.0108 0.6449
vt 0.0270 0.6523
vt 0.0108 0.6530
vt 0.0108 0.6530
vt 0.0273 0.6600
vt 0.0111 0.6607
vt 0.0111 0.6607
vt 0.0276 0.6671
vt 0.0114 0.6678
vt 0.0114 0.6678
vt 0.0281 0.6733
vt 0.0119 0.6740
vt 0.0660 0.6135
vt 0.0816 0.6198
vt 0.0653 0.6201
vt 0.0653 0.6201
vt 0.0811 0.6272
vt 0.0649 0.6275
vt 0.0649 0.6275
vt 0.0808 0.6352
vt 0.0646 0.6354
vt 0.0646 0.6354
vt 0.0807 0.6433
vt 0.0645 0.6436
vt 0.0645 0.6436
vt 0.0808 0.6514
vt 0.0646 0.6517
vt 0.0646 0.6517
vt 0.0811 0.6591
vt 0.0649 0.6594
vt 0.0653 0.6664
vt 0.0816 0.6661
vt 0.0660 0.6724
vt 0.0653 0.6664
vt 0.0970 0.6732
vt 0.1131 0.6675
vt 0.1133 0.6739
vt 0.0968 0.6668
vt 0.1129 0.6602
vt 0.1131 0.6675
vt 0.0966 0.6596
vt 0.1128 0.6524
vt 0.1129 0.6602
vt 0.0965 0.6357
vt 0.1129 0.6286
vt 0.1128 0.6363
vt 0.0841 0.5387
vt 0.0895 0.5440
vt 0.0967 0.5793
vt 0.0964 0.6437
vt 0.1128 0.6363
vt 0.1127 0.6444
vt 0.1127 0.6444
vt 0.1162 0.6371
vt 0.1161 0.6446
vt 0.0965 0.6357
vt 0.0933 0.6436
vt 0.0933 0.6361
vt 0.1128 0.6363
vt 0.1163 0.6299
vt 0.1162 0.6371
vt 0.0965 0.5486
vt 0.0967 0.5572
vt 0.0938 0.5503
vt 0.1129 0.6286
vt 0.1164 0.6233
vt 0.1163 0.6299
vt 0.0919 0.5419
vt 0.0938 0.5503
vt 0.0895 0.5440
vt 0.1131 0.6216
vt 0.1167 0.6176
vt 0.1164 0.6233
vt 0.0861 0.5363
vt 0.0564 0.6732
vt 0.0592 0.6656
vt 0.0600 0.6713
vt 0.0794 0.5318
vt 0.0841 0.5387
vt 0.0778 0.5346
vt 0.0555 0.6672
vt 0.0586 0.6591
vt 0.0592 0.6656
vt 0.0718 0.5287
vt 0.0778 0.5346
vt 0.0708 0.5317
vt 0.0549 0.6602
vt 0.0582 0.6519
vt 0.0586 0.6591
vt 0.0638 0.5271
vt 0.0708 0.5317
vt 0.0633 0.5302
vt 0.0545 0.6525
vt 0.0581 0.6444
vt 0.0582 0.6519
vt 0.0556 0.5271
vt 0.0633 0.5302
vt 0.0557 0.5302
vt 0.0544 0.6445
vt 0.0582 0.6368
vt 0.0581 0.6444
vt 0.0476 0.5287
vt 0.0557 0.5302
vt 0.0482 0.5317
vt 0.0545 0.6363
vt 0.0586 0.6293
vt 0.0582 0.6368
vt 0.0401 0.5317
vt 0.0482 0.5317
vt 0.0411 0.5345
vt 0.0586 0.6293
vt 0.0333 0.5361
vt 0.0411 0.5345
vt 0.0348 0.5386
vt 0.0592 0.6224
vt 0.0333 0.5361
vt 0.0294 0.5439
vt 0.0275 0.5418
vt 0.0797 0.7596
vt 0.0862 0.7538
vt 0.0870 0.7566
vt 0.0281 0.6149
vt 0.0311 0.6226
vt 0.0276 0.6212
vt 0.0718 0.7612
vt 0.0793 0.7566
vt 0.0797 0.7596
vt 0.0276 0.6212
vt 0.0308 0.6293
vt 0.0273 0.6284
vt 0.0638 0.7612
vt 0.0720 0.7581
vt 0.0718 0.7612
vt 0.0273 0.6284
vt 0.0305 0.6366
vt 0.0270 0.6362
vt 0.0560 0.7595
vt 0.0645 0.7581
vt 0.0638 0.7612
vt 0.0270 0.6362
vt 0.0305 0.6441
vt 0.0269 0.6443
vt 0.0486 0.7564
vt 0.0572 0.7566
vt 0.0560 0.7595
vt 0.0269 0.6443
vt 0.0305 0.6516
vt 0.0270 0.6523
vt 0.0419 0.7518
vt 0.0503 0.7536
vt 0.0486 0.7564
vt 0.0270 0.6523
vt 0.0308 0.6588
vt 0.0273 0.6600
vt 0.0363 0.7461
vt 0.0441 0.7494
vt 0.0419 0.7518
vt 0.0273 0.6600
vt 0.0311 0.6654
vt 0.0276 0.6671
vt 0.0319 0.7393
vt 0.0389 0.7440
vt 0.0363 0.7461
vt 0.0276 0.6671
vt 0.0316 0.6712
vt 0.0281 0.6733
vt 0.0288 0.7317
vt 0.0347 0.7377
vt 0.0319 0.7393
vt 0.0822 0.6132
vt 0.0852 0.6212
vt 0.0816 0.6198
vt 0.0272 0.7237
vt 0.0319 0.7306
vt 0.0288 0.7317
vt 0.0816 0.6198
vt 0.0847 0.6281
vt 0.0811 0.6272
vt 0.0272 0.7156
vt 0.0304 0.7232
vt 0.0272 0.7237
vt 0.0811 0.6272
vt 0.0844 0.6355
vt 0.0808 0.6352
vt 0.0288 0.7076
vt 0.0304 0.7156
vt 0.0272 0.7156
vt 0.0808 0.6352
vt 0.0844 0.6431
vt 0.0807 0.6433
vt 0.0319 0.7001
vt 0.0319 0.7081
vt 0.0288 0.7076
vt 0.0807 0.6433
vt 0.0844 0.6507
vt 0.0808 0.6514
vt 0.0363 0.6934
vt 0.0347 0.7011
vt 0.0319 0.7001
vt 0.0808 0.6514
vt 0.0847 0.6579
vt 0.0811 0.6591
vt 0.0419 0.6876
vt 0.0389 0.6948
vt 0.0363 0.6934
vt 0.0816 0.6661
vt 0.0847 0.6579
vt 0.0852 0.6644
vt 0.0419 0.6876
vt 0.0504 0.6852
vt 0.0442 0.6894
vt 0.0822 0.6721
vt 0.0852 0.6644
vt 0.0858 0.6700
vt 0.1133 0.6739
vt 0.1164 0.6661
vt 0.1167 0.6721
vt 0.0965 0.5871
vt 0.0895 0.5924
vt 0.0938 0.5862
vt 0.1131 0.6675
vt 0.1163 0.6594
vt 0.1164 0.6661
vt 0.0996 0.5797
vt 0.0938 0.5862
vt 0.0967 0.5793
vt 0.1129 0.6602
vt 0.1162 0.6521
vt 0.1163 0.6594
vt 0.0965 0.6518
vt 0.0935 0.6584
vt 0.0933 0.6512
vt 0.1128 0.6524
vt 0.1161 0.6446
vt 0.1162 0.6521
vt 0.0964 0.6437
vt 0.0933 0.6512
vt 0.0933 0.6436
vt 0.0573 0.6824
vt 0.0646 0.6809
vt 0.1018 0.7014
vt 0.1948 0.6418
vt 0.1786 0.6345
vt 0.1949 0.6338
vt 0.1952 0.6650
vt 0.1788 0.6585
vt 0.1950 0.6577
vt 0.1955 0.6714
vt 0.1790 0.6657
vt 0.1952 0.6650
vt 0.1448 0.6166
vt 0.1294 0.6112
vt 0.1456 0.6107
vt 0.1441 0.6235
vt 0.1286 0.6171
vt 0.1448 0.6166
vt 0.1438 0.6311
vt 0.1280 0.6240
vt 0.1441 0.6235
vt 0.1436 0.6392
vt 0.1276 0.6316
vt 0.1438 0.6311
vt 0.1438 0.6473
vt 0.1274 0.6397
vt 0.1436 0.6392
vt 0.1441 0.6553
vt 0.1276 0.6479
vt 0.1438 0.6473
vt 0.1441 0.6553
vt 0.1286 0.6633
vt 0.1280 0.6558
vt 0.1448 0.6628
vt 0.1294 0.6701
vt 0.1286 0.6633
vt 0.1533 0.6739
vt 0.1690 0.6684
vt 0.1695 0.6746
vt 0.1528 0.6677
vt 0.1686 0.6613
vt 0.1690 0.6684
vt 0.1524 0.6606
vt 0.1683 0.6535
vt 0.1686 0.6613
vt 0.1522 0.6528
vt 0.1683 0.6455
vt 0.1683 0.6535
vt 0.1521 0.6448
vt 0.1683 0.6374
vt 0.1683 0.6455
vt 0.1522 0.6367
vt 0.1686 0.6297
vt 0.1683 0.6374
vt 0.1524 0.6290
vt 0.1690 0.6225
vt 0.1686 0.6297
vt 0.1528 0.6218
vt 0.1695 0.6162
vt 0.1690 0.6225
vt 0.2066 0.6720
vt 0.2223 0.6658
vt 0.2229 0.6723
vt 0.2060 0.6655
vt 0.2218 0.6585
vt 0.2223 0.6658
vt 0.2056 0.6582
vt 0.2216 0.6506
vt 0.2218 0.6585
vt 0.2053 0.6503
vt 0.2215 0.6425
vt 0.2216 0.6506
vt 0.2052 0.6421
vt 0.2216 0.6343
vt 0.2215 0.6425
vt 0.2053 0.6340
vt 0.2218 0.6266
vt 0.2216 0.6343
vt 0.2060 0.6192
vt 0.2218 0.6266
vt 0.2056 0.6263
vt 0.2066 0.6130
vt 0.2223 0.6195
vt 0.2060 0.6192
vt 0.1952 0.6191
vt 0.1793 0.6137
vt 0.1955 0.6130
vt 0.1950 0.6261
vt 0.1790 0.6198
vt 0.1952 0.6191
vt 0.1949 0.6338
vt 0.1788 0.6269
vt 0.1950 0.6261
vt 0.1950 0.6577
vt 0.1786 0.6507
vt 0.1949 0.6499
vt 0.1390 0.7357
vt 0.1375 0.7284
vt 0.1461 0.7005
vt 0.1949 0.6499
vt 0.1786 0.6426
vt 0.1948 0.6418
vt 0.1983 0.6493
vt 0.1786 0.6507
vt 0.1755 0.6428
vt 0.1786 0.6426
vt 0.1984 0.6566
vt 0.1392 0.7050
vt 0.1390 0.7136
vt 0.1361 0.7124
vt 0.1986 0.6634
vt 0.1437 0.6984
vt 0.1419 0.7067
vt 0.1392 0.7050
vt 0.1989 0.6693
vt 0.1495 0.6927
vt 0.1461 0.7005
vt 0.1437 0.6984
vt 0.1484 0.6182
vt 0.1563 0.6882
vt 0.1515 0.6952
vt 0.1495 0.6927
vt 0.1478 0.6247
vt 0.1638 0.6851
vt 0.1578 0.6910
vt 0.1563 0.6882
vt 0.1475 0.6318
vt 0.1718 0.6836
vt 0.1649 0.6881
vt 0.1638 0.6851
vt 0.1474 0.6393
vt 0.1800 0.6835
vt 0.1723 0.6867
vt 0.1718 0.6836
vt 0.1475 0.6469
vt 0.1880 0.6851
vt 0.1800 0.6866
vt 0.1800 0.6835
vt 0.1478 0.6544
vt 0.1956 0.6881
vt 0.1875 0.6881
vt 0.1880 0.6851
vt 0.1448 0.6628
vt 0.2023 0.6926
vt 0.1945 0.6909
vt 0.1956 0.6881
vt 0.1484 0.6614
vt 0.1456 0.6696
vt 0.1448 0.6628
vt 0.2062 0.7004
vt 0.2023 0.6926
vt 0.2081 0.6982
vt 0.1913 0.5283
vt 0.1848 0.5224
vt 0.1922 0.5255
vt 0.1724 0.6670
vt 0.1844 0.5254
vt 0.1770 0.5209
vt 0.1848 0.5224
vt 0.1721 0.6603
vt 0.1771 0.5240
vt 0.1690 0.5209
vt 0.1770 0.5209
vt 0.1719 0.6531
vt 0.1697 0.5240
vt 0.1611 0.5225
vt 0.1690 0.5209
vt 0.1718 0.6456
vt 0.1624 0.5255
vt 0.1538 0.5257
vt 0.1611 0.5225
vt 0.1719 0.6381
vt 0.1555 0.5284
vt 0.1471 0.5302
vt 0.1538 0.5257
vt 0.1721 0.6309
vt 0.1493 0.5327
vt 0.1415 0.5360
vt 0.1471 0.5302
vt 0.1724 0.6242
vt 0.1440 0.5381
vt 0.1370 0.5428
vt 0.1415 0.5360
vt 0.1729 0.6183
vt 0.1399 0.5444
vt 0.1340 0.5503
vt 0.1370 0.5428
vt 0.2258 0.6644
vt 0.1370 0.5514
vt 0.1324 0.5583
vt 0.1340 0.5503
vt 0.2254 0.6576
vt 0.1356 0.5589
vt 0.1324 0.5665
vt 0.1324 0.5583
vt 0.2252 0.6502
vt 0.1356 0.5665
vt 0.1340 0.5744
vt 0.1324 0.5665
vt 0.2251 0.6426
vt 0.1370 0.5740
vt 0.1370 0.5820
vt 0.1340 0.5744
vt 0.2252 0.6350
vt 0.1399 0.5810
vt 0.1415 0.5887
vt 0.1370 0.5820
vt 0.2254 0.6278
vt 0.1441 0.5873
vt 0.1471 0.5944
vt 0.1415 0.5887
vt 0.2223 0.6195
vt 0.1471 0.5944
vt 0.1555 0.5968
vt 0.1538 0.5989
vt 0.2229 0.6133
vt 0.2258 0.6212
vt 0.2223 0.6195
vt 0.1986 0.6206
vt 0.1392 0.7436
vt 0.1461 0.7488
vt 0.1437 0.7502
vt 0.1984 0.6271
vt 0.1361 0.7362
vt 0.1419 0.7426
vt 0.1392 0.7436
vt 0.1983 0.6343
vt 0.1786 0.6345
vt 0.1756 0.6282
vt 0.1788 0.6269
vt 0.1983 0.6418
vt 0.1786 0.6426
vt 0.1755 0.6353
vt 0.1786 0.6345
vt 0.2028 0.5870
vt 0.1975 0.5924
vt 0.1772 0.6011
vt 0.0695 0.9210
vt 0.3674 0.9777
vt 0.3414 0.9411
vt 0.3758 0.9375
vt 0.1537 0.9619
vt 0.1350 0.9618
vt 0.0953 0.9222
vt 0.1150 0.9635
vt 0.0913 0.9638
vt 0.3037 0.9423
vt 0.3151 0.9809
vt 0.3036 0.9810
vt 0.1508 0.9243
vt 0.2791 0.9428
vt 0.3168 0.9420
vt 0.2640 0.9423
vt 0.2927 0.9428
vt 0.2927 0.9428
vt 0.1956 0.9675
vt 0.1716 0.9642
vt 0.2446 0.9409
vt 0.2228 0.9710
vt 0.2208 0.9381
vt 0.4115 0.9797
vt 0.4084 0.9309
vt 0.4165 0.9290
vt 0.4028 0.9789
vt 0.3758 0.9375
vt 0.4084 0.9309
vt 0.0398 0.9255
vt 0.3305 0.8908
vt 0.3537 0.8487
vt 0.3514 0.8944
vt 0.0813 0.8596
vt 0.0541 0.8953
vt 0.0470 0.8549
vt 0.2548 0.8525
vt 0.3066 0.8469
vt 0.2869 0.8873
vt 0.2900 0.8474
vt 0.3068 0.8897
vt 0.3279 0.8491
vt 0.3305 0.8908
vt 0.1062 0.9003
vt 0.1189 0.8621
vt 0.1177 0.9007
vt 0.2724 0.8493
vt 0.2869 0.8873
vt 0.2682 0.8868
vt 0.1537 0.8981
vt 0.0819 0.8983
vt 0.1058 0.8613
vt 0.1062 0.9003
vt 0.1750 0.8958
vt 0.1586 0.8634
vt 0.1781 0.8627
vt 0.1299 0.8630
vt 0.1399 0.8995
vt 0.1280 0.9007
vt 0.2020 0.8607
vt 0.2310 0.8570
vt 0.1988 0.8936
vt 0.0100 0.8958
vt 0.0147 0.8472
vt 0.0187 0.8953
vt 0.3514 0.8944
vt 0.3832 0.8542
vt 0.3838 0.8999
vt 0.3838 0.8999
vt 0.4079 0.8558
vt 0.4072 0.9062
vt 0.0377 0.9711
vt 0.0151 0.9262
vt 0.0398 0.9255
vt 0.2790 0.9397
vt 0.2640 0.9423
vt 0.2640 0.9393
vt 0.1344 0.9182
vt 0.0382 0.9742
vt 0.0141 0.9766
vt 0.0377 0.9711
vt 0.4030 0.9824
vt 0.4115 0.9797
vt 0.4117 0.9834
vt 0.4075 0.9275
vt 0.0478 0.8512
vt 0.3678 0.9814
vt 0.3395 0.9798
vt 0.3674 0.9777
vt 0.0391 0.9220
vt 0.0151 0.9262
vt 0.0151 0.9226
vt 0.2708 0.8462
vt 0.2548 0.8525
vt 0.2531 0.8495
vt 0.1304 0.8597
vt 0.1435 0.8634
vt 0.1299 0.8630
vt 0.2863 0.8909
vt 0.1541 0.9655
vt 0.1716 0.9642
vt 0.1720 0.9675
vt 0.3409 0.9377
vt 0.3168 0.9420
vt 0.3164 0.9387
vt 0.1720 0.9675
vt 0.1956 0.9675
vt 0.1956 0.9705
vt 0.0184 0.8988
vt 0.1285 0.9042
vt 0.1399 0.8995
vt 0.1406 0.9029
vt 0.1406 0.9029
vt 0.1537 0.8981
vt 0.1545 0.9013
vt 0.1700 0.9251
vt 0.1919 0.9334
vt 0.1682 0.9281
vt 0.0157 0.8438
vt 0.0066 0.8450
vt 0.0077 0.8414
vt 0.3064 0.8429
vt 0.2900 0.8474
vt 0.2890 0.8437
vt 0.2448 0.9379
vt 0.2208 0.9381
vt 0.2213 0.9353
vt 0.0683 0.9173
vt 0.0398 0.9255
vt 0.0391 0.9220
vt 0.1153 0.9673
vt 0.1350 0.9618
vt 0.1355 0.9654
vt 0.2448 0.9379
vt 0.2640 0.9423
vt 0.2446 0.9409
vt 0.2457 0.9771
vt 0.2228 0.9710
vt 0.2466 0.9741
vt 0.0816 0.9020
vt 0.1062 0.9003
vt 0.1059 0.9038
vt 0.0700 0.9701
vt 0.0377 0.9711
vt 0.0703 0.9666
vt 0.3288 0.8451
vt 0.3066 0.8469
vt 0.3064 0.8429
vt 0.1545 0.9013
vt 0.1750 0.8958
vt 0.1757 0.8988
vt 0.1956 0.9705
vt 0.2228 0.9710
vt 0.2222 0.9739
vt 0.1064 0.8581
vt 0.1189 0.8621
vt 0.1058 0.8613
vt 0.3551 0.8451
vt 0.3832 0.8542
vt 0.3537 0.8487
vt 0.1153 0.9673
vt 0.3515 0.8978
vt 0.3838 0.8999
vt 0.3832 0.9030
vt 0.3153 0.9845
vt 0.3032 0.9391
vt 0.2927 0.9428
vt 0.2923 0.9395
vt 0.1179 0.9043
vt 0.1280 0.9007
vt 0.1285 0.9042
vt 0.3752 0.9338
vt 0.5725 0.0628
vt 0.5784 0.0491
vt 0.5827 0.0541
vt 0.4994 0.0728
vt 0.5034 0.0662
vt 0.5037 0.0747
vt 0.7240 0.0794
vt 0.7100 0.0752
vt 0.7224 0.0705
vt 0.7191 0.0606
vt 0.7100 0.0752
vt 0.7069 0.0682
vt 0.8218 0.0951
vt 0.8281 0.0908
vt 0.8299 0.1012
vt 0.8295 0.0835
vt 0.8192 0.0791
vt 0.8282 0.0762
vt 0.7272 0.0584
vt 0.7210 0.0597
vt 0.7198 0.0584
vt 0.5131 0.1032
vt 0.5157 0.1110
vt 0.5086 0.1048
vt 0.7719 0.0416
vt 0.7636 0.0402
vt 0.7704 0.0362
vt 0.7487 0.0438
vt 0.7586 0.0448
vt 0.7552 0.0495
vt 0.5849 0.0826
vt 0.5797 0.0824
vt 0.5822 0.0784
vt 0.5498 0.0438
vt 0.5612 0.0355
vt 0.5547 0.0473
vt 0.5675 0.0402
vt 0.4980 0.0729
vt 0.4880 0.0848
vt 0.4861 0.0723
vt 0.4900 0.0511
vt 0.5056 0.0467
vt 0.5008 0.0552
vt 0.5028 0.0921
vt 0.4971 0.1053
vt 0.4919 0.0963
vt 0.4979 0.0632
vt 0.4971 0.1053
vt 0.5073 0.1058
vt 0.4991 0.1161
vt 0.7060 0.0588
vt 0.6387 0.1149
vt 0.6308 0.1134
vt 0.6343 0.1104
vt 0.7235 0.0928
vt 0.7103 0.0992
vt 0.7122 0.0902
vt 0.7067 0.1071
vt 0.7205 0.1044
vt 0.7158 0.1141
vt 0.7018 0.1133
vt 0.6669 0.1314
vt 0.6754 0.1218
vt 0.6742 0.1329
vt 0.6700 0.1201
vt 0.6602 0.1288
vt 0.6655 0.1176
vt 0.6655 0.1176
vt 0.6540 0.1251
vt 0.6613 0.1145
vt 0.6613 0.1145
vt 0.6490 0.1215
vt 0.6574 0.1111
vt 0.6536 0.1074
vt 0.8217 0.0465
vt 0.8096 0.0457
vt 0.8157 0.0393
vt 0.7975 0.0279
vt 0.8026 0.0394
vt 0.7936 0.0352
vt 0.7103 0.1233
vt 0.7089 0.1344
vt 0.7032 0.1283
vt 0.8082 0.0331
vt 0.8303 0.0659
vt 0.8188 0.0601
vt 0.8261 0.0545
vt 0.8282 0.0762
vt 0.8220 0.0717
vt 0.8303 0.0659
vt 0.7599 0.0325
vt 0.7426 0.0561
vt 0.7530 0.0543
vt 0.7514 0.0594
vt 0.7452 0.0497
vt 0.7552 0.0495
vt 0.7530 0.0543
vt 0.5600 0.0512
vt 0.5734 0.0447
vt 0.5646 0.0548
vt 0.5405 0.0384
vt 0.5501 0.0292
vt 0.5455 0.0410
vt 0.5455 0.0410
vt 0.5556 0.0320
vt 0.5498 0.0438
vt 0.7692 0.0281
vt 0.7787 0.0340
vt 0.7704 0.0362
vt 0.4978 0.0383
vt 0.5080 0.0439
vt 0.5056 0.0467
vt 0.4991 0.1161
vt 0.5145 0.1122
vt 0.5047 0.1221
vt 0.5003 0.0832
vt 0.4919 0.0963
vt 0.4880 0.0848
vt 0.5097 0.1286
vt 0.5177 0.1361
vt 0.5065 0.1327
vt 0.7409 0.0623
vt 0.7514 0.0594
vt 0.7505 0.0647
vt 0.6439 0.1173
vt 0.6502 0.1036
vt 0.6536 0.1074
vt 0.5646 0.0548
vt 0.5784 0.0491
vt 0.5686 0.0586
vt 0.7759 0.1301
vt 0.7659 0.1357
vt 0.7675 0.1274
vt 0.6292 0.0254
vt 0.6420 0.0271
vt 0.6326 0.0329
vt 0.8299 0.0910
vt 0.8366 0.1014
vt 0.8315 0.1018
vt 0.7767 0.1244
vt 0.7675 0.1274
vt 0.7693 0.1221
vt 0.5036 0.1232
vt 0.5065 0.1327
vt 0.4941 0.1206
vt 0.7496 0.0755
vt 0.7382 0.0807
vt 0.7388 0.0746
vt 0.6502 0.1036
vt 0.6357 0.1092
vt 0.6467 0.0998
vt 0.7128 0.0434
vt 0.7060 0.0588
vt 0.7015 0.0529
vt 0.7397 0.0685
vt 0.6894 0.1211
vt 0.6831 0.1328
vt 0.6819 0.1224
vt 0.4979 0.0632
vt 0.4861 0.0723
vt 0.4875 0.0609
vt 0.5237 0.0353
vt 0.5338 0.0249
vt 0.5336 0.0361
vt 0.6819 0.1224
vt 0.7533 0.0380
vt 0.7636 0.0402
vt 0.7586 0.0448
vt 0.7675 0.1274
vt 0.7567 0.1307
vt 0.7609 0.1231
vt 0.6485 0.0386
vt 0.6532 0.0251
vt 0.6569 0.0360
vt 0.6416 0.0427
vt 0.6427 0.0285
vt 0.6485 0.0386
vt 0.7819 0.1308
vt 0.7784 0.1392
vt 0.7759 0.1301
vt 0.6365 0.0477
vt 0.6234 0.0483
vt 0.6279 0.0402
vt 0.5884 0.1123
vt 0.5908 0.1261
vt 0.5826 0.1185
vt 0.5751 0.1361
vt 0.5633 0.1282
vt 0.5713 0.1254
vt 0.6365 0.0477
vt 0.6337 0.0340
vt 0.6416 0.0427
vt 0.8006 0.1261
vt 0.7946 0.1374
vt 0.7911 0.1297
vt 0.6434 0.0957
vt 0.6357 0.1092
vt 0.6319 0.1044
vt 0.8191 0.0877
vt 0.8295 0.0835
vt 0.8281 0.0908
vt 0.7382 0.0807
vt 0.7492 0.0866
vt 0.7383 0.0868
vt 0.5346 0.1233
vt 0.5216 0.1293
vt 0.5292 0.1205
vt 0.6964 0.0474
vt 0.6962 0.0341
vt 0.7075 0.0373
vt 0.7504 0.1247
vt 0.7383 0.0868
vt 0.7492 0.0920
vt 0.7388 0.0929
vt 0.5761 0.0674
vt 0.5827 0.0541
vt 0.5871 0.0600
vt 0.6434 0.0957
vt 0.6290 0.0999
vt 0.6401 0.0919
vt 0.7388 0.0929
vt 0.7494 0.0975
vt 0.7395 0.0992
vt 0.5800 0.0727
vt 0.5108 0.1276
vt 0.8181 0.1065
vt 0.8299 0.1012
vt 0.8252 0.1125
vt 0.6018 0.0937
vt 0.5913 0.1033
vt 0.5907 0.0936
vt 0.6184 0.0677
vt 0.6300 0.0616
vt 0.6296 0.0682
vt 0.7128 0.0434
vt 0.6002 0.0839
vt 0.5907 0.0936
vt 0.5886 0.0868
vt 0.5951 0.0721
vt 0.5862 0.0819
vt 0.5835 0.0776
vt 0.8082 0.1204
vt 0.8058 0.1329
vt 0.8006 0.1261
vt 0.7460 0.1186
vt 0.7561 0.1182
vt 0.7504 0.1247
vt 0.6323 0.0543
vt 0.6197 0.0589
vt 0.6234 0.0483
vt 0.5098 0.0959
vt 0.5086 0.1048
vt 0.5066 0.0967
vt 0.6401 0.0919
vt 0.6257 0.0942
vt 0.6371 0.0876
vt 0.8140 0.1137
vt 0.8252 0.1125
vt 0.8203 0.1203
vt 0.6344 0.0833
vt 0.8358 0.0771
vt 0.8314 0.0835
vt 0.8301 0.0760
vt 0.8082 0.1204
vt 0.8203 0.1203
vt 0.8139 0.1272
vt 0.6230 0.0888
vt 0.6321 0.0787
vt 0.6344 0.0833
vt 0.7395 0.0992
vt 0.7500 0.1029
vt 0.7408 0.1057
vt 0.6305 0.0738
vt 0.6203 0.0821
vt 0.6188 0.0751
vt 0.6188 0.0751
vt 0.6654 0.0238
vt 0.5884 0.1123
vt 0.6006 0.1061
vt 0.5968 0.1173
vt 0.7816 0.1391
vt 0.6790 0.0256
vt 0.6662 0.0355
vt 0.6654 0.0238
vt 0.6806 0.0405
vt 0.6790 0.0256
vt 0.6876 0.0290
vt 0.5633 0.1282
vt 0.5543 0.1398
vt 0.5537 0.1280
vt 0.6871 0.1157
vt 0.6818 0.1211
vt 0.6807 0.1169
vt 0.5537 0.1280
vt 0.5420 0.1380
vt 0.5435 0.1257
vt 0.8066 0.1341
vt 0.7982 0.1454
vt 0.7951 0.1386
vt 0.5435 0.1257
vt 0.5306 0.1342
vt 0.5346 0.1233
vt 0.5826 0.1185
vt 0.5879 0.1286
vt 0.5798 0.1208
vt 0.5978 0.0775
vt 0.5886 0.0868
vt 0.5862 0.0819
vt 0.6962 0.0341
vt 0.5798 0.1208
vt 0.7408 0.1057
vt 0.7511 0.1082
vt 0.7429 0.1123
vt 0.7026 0.0693
vt 0.7047 0.0596
vt 0.7059 0.0687
vt 0.5004 0.0354
vt 0.5145 0.0381
vt 0.5080 0.0439
vt 0.6963 0.1177
vt 0.6940 0.1305
vt 0.6894 0.1211
vt 0.7093 0.1222
vt 0.6963 0.1177
vt 0.7018 0.1133
vt 0.8261 0.0545
vt 0.8150 0.0527
vt 0.8217 0.0465
vt 0.8192 0.0791
vt 0.8159 0.0725
vt 0.8220 0.0717
vt 0.6871 0.1157
vt 0.6956 0.1166
vt 0.6889 0.1199
vt 0.7429 0.1123
vt 0.7530 0.1133
vt 0.7460 0.1186
vt 0.8149 0.0873
vt 0.8190 0.0834
vt 0.8191 0.0877
vt 0.8150 0.0795
vt 0.8190 0.0834
vt 0.8144 0.0834
vt 0.5539 0.0486
vt 0.5610 0.0595
vt 0.5450 0.0476
vt 0.7848 0.0255
vt 0.7816 0.0252
vt 0.7846 0.0336
vt 0.7787 0.0340
vt 0.8220 0.0717
vt 0.8145 0.0631
vt 0.8188 0.0601
vt 0.5917 0.0664
vt 0.5835 0.0776
vt 0.5800 0.0727
vt 0.7240 0.0794
vt 0.7122 0.0902
vt 0.7118 0.0819
vt 0.5208 0.1192
vt 0.5216 0.1293
vt 0.5108 0.1276
vt 0.7047 0.0596
vt 0.7499 0.0701
vt 0.7388 0.0746
vt 0.7397 0.0685
vt 0.5336 0.0361
vt 0.5437 0.0268
vt 0.5405 0.0384
vt 0.7191 0.0606
vt 0.7182 0.0498
vt 0.7195 0.0486
vt 0.7192 0.0501
vt 0.5211 0.0258
vt 0.5337 0.0236
vt 0.5338 0.0249
vt 0.5239 0.0366
vt 0.5501 0.0292
vt 0.5562 0.0308
vt 0.5556 0.0320
vt 0.5448 0.0423
vt 0.5556 0.0320
vt 0.5619 0.0344
vt 0.5612 0.0355
vt 0.5490 0.0451
vt 0.4880 0.0848
vt 0.4904 0.0967
vt 0.4864 0.0850
vt 0.5003 0.0832
vt 0.5040 0.0915
vt 0.5028 0.0921
vt 0.4900 0.0511
vt 0.4862 0.0606
vt 0.4887 0.0507
vt 0.4992 0.0634
vt 0.4861 0.0723
vt 0.4864 0.0850
vt 0.4846 0.0722
vt 0.5003 0.0832
vt 0.4994 0.0728
vt 0.5017 0.0830
vt 0.4919 0.0963
vt 0.4958 0.1065
vt 0.4904 0.0967
vt 0.5028 0.0921
vt 0.5066 0.0967
vt 0.5057 0.0973
vt 0.4875 0.0609
vt 0.4846 0.0722
vt 0.4862 0.0606
vt 0.4980 0.0729
vt 0.4992 0.0634
vt 0.4994 0.0728
vt 0.7069 0.0682
vt 0.7089 0.0757
vt 0.7059 0.0687
vt 0.7191 0.0606
vt 0.7242 0.0700
vt 0.7224 0.0705
vt 0.7100 0.0752
vt 0.7108 0.0821
vt 0.7089 0.0757
vt 0.7259 0.0792
vt 0.7118 0.0819
vt 0.7111 0.0900
vt 0.7108 0.0821
vt 0.7240 0.0794
vt 0.7252 0.0932
vt 0.7235 0.0928
vt 0.7122 0.0902
vt 0.7093 0.0987
vt 0.7111 0.0900
vt 0.7205 0.1044
vt 0.7252 0.0932
vt 0.7220 0.1050
vt 0.7158 0.1141
vt 0.7220 0.1050
vt 0.7171 0.1150
vt 0.7103 0.0992
vt 0.7057 0.1065
vt 0.7093 0.0987
vt 0.6831 0.1328
vt 0.6742 0.1343
vt 0.6742 0.1329
vt 0.6818 0.1211
vt 0.6700 0.1201
vt 0.6756 0.1206
vt 0.6754 0.1218
vt 0.6666 0.1329
vt 0.6669 0.1314
vt 0.6595 0.1303
vt 0.6602 0.1288
vt 0.6705 0.1189
vt 0.6602 0.1288
vt 0.6531 0.1264
vt 0.6540 0.1251
vt 0.6661 0.1165
vt 0.6540 0.1251
vt 0.6480 0.1228
vt 0.6490 0.1215
vt 0.6621 0.1134
vt 0.8274 0.0535
vt 0.8217 0.0465
vt 0.8229 0.0454
vt 0.8090 0.0320
vt 0.8319 0.0654
vt 0.8229 0.0454
vt 0.8157 0.0393
vt 0.8167 0.0382
vt 0.7980 0.0267
vt 0.7394 0.0619
vt 0.7426 0.0561
vt 0.7409 0.0623
vt 0.7525 0.0369
vt 0.7599 0.0325
vt 0.7533 0.0380
vt 0.7412 0.0555
vt 0.7452 0.0497
vt 0.7426 0.0561
vt 0.7476 0.0429
vt 0.5338 0.0249
vt 0.5440 0.0254
vt 0.5437 0.0268
vt 0.5335 0.0375
vt 0.5682 0.0392
vt 0.5505 0.0279
vt 0.7439 0.0490
vt 0.7487 0.0438
vt 0.7452 0.0497
vt 0.6742 0.1343
vt 0.6812 0.1415
vt 0.6693 0.1401
vt 0.5400 0.0397
vt 0.7820 0.0237
vt 0.7848 0.0255
vt 0.7816 0.0252
vt 0.6956 0.1166
vt 0.7026 0.1271
vt 0.5089 0.0448
vt 0.5004 0.0354
vt 0.4970 0.0374
vt 0.4997 0.0344
vt 0.5600 0.0512
vt 0.5539 0.0486
vt 0.5547 0.0473
vt 0.4958 0.1065
vt 0.5057 0.0973
vt 0.5086 0.1048
vt 0.5073 0.1058
vt 0.7381 0.0682
vt 0.6583 0.1101
vt 0.6439 0.1173
vt 0.6480 0.1228
vt 0.6428 0.1185
vt 0.6399 0.1137
vt 0.5591 0.0525
vt 0.5646 0.0548
vt 0.5635 0.0560
vt 0.8301 0.0760
vt 0.5742 0.0437
vt 0.5675 0.0402
vt 0.5682 0.0392
vt 0.7371 0.0743
vt 0.6547 0.1064
vt 0.7850 0.0242
vt 0.7067 0.1071
vt 0.7010 0.1124
vt 0.7057 0.1065
vt 0.7093 0.1222
vt 0.7171 0.1150
vt 0.7103 0.1233
vt 0.5066 0.0475
vt 0.4978 0.0383
vt 0.4887 0.0507
vt 0.4970 0.0374
vt 0.5208 0.0248
vt 0.5096 0.0295
vt 0.5091 0.0284
vt 0.5237 0.0353
vt 0.5151 0.0392
vt 0.5145 0.0381
vt 0.6833 0.1340
vt 0.6940 0.1305
vt 0.6945 0.1315
vt 0.6889 0.1199
vt 0.7692 0.0281
vt 0.7594 0.0313
vt 0.7690 0.0268
vt 0.7784 0.1392
vt 0.7656 0.1369
vt 0.7659 0.1357
vt 0.6954 0.0486
vt 0.7015 0.0529
vt 0.7004 0.0538
vt 0.5712 0.0639
vt 0.5686 0.0586
vt 0.5725 0.0628
vt 0.6305 0.1053
vt 0.6357 0.1092
vt 0.6343 0.1104
vt 0.6445 0.0948
vt 0.6467 0.0998
vt 0.6434 0.0957
vt 0.8299 0.0910
vt 0.7659 0.1357
vt 0.7561 0.1319
vt 0.7567 0.1307
vt 0.6334 0.0549
vt 0.6300 0.0616
vt 0.6323 0.0543
vt 0.6234 0.0483
vt 0.6186 0.0586
vt 0.6224 0.0478
vt 0.5873 0.1117
vt 0.5913 0.1033
vt 0.5884 0.1123
vt 0.5968 0.1173
vt 0.6016 0.1064
vt 0.5977 0.1178
vt 0.5879 0.1286
vt 0.5756 0.1373
vt 0.5751 0.1361
vt 0.5790 0.1198
vt 0.6337 0.0340
vt 0.6424 0.0436
vt 0.6485 0.0386
vt 0.6490 0.0397
vt 0.7817 0.1404
vt 0.6413 0.0910
vt 0.7367 0.0869
vt 0.5871 0.0600
vt 0.5836 0.0533
vt 0.5881 0.0593
vt 0.8299 0.1012
vt 0.5747 0.0683
vt 0.6319 0.1044
vt 0.6276 0.1007
vt 0.6290 0.0999
vt 0.6242 0.0950
vt 0.6382 0.0869
vt 0.7371 0.0931
vt 0.5218 0.1179
vt 0.5292 0.1205
vt 0.5208 0.1192
vt 0.5108 0.1276
vt 0.5204 0.1306
vt 0.5097 0.1286
vt 0.5786 0.0736
vt 0.5908 0.1261
vt 0.5887 0.1295
vt 0.5879 0.1286
vt 0.5817 0.1176
vt 0.6326 0.0329
vt 0.6279 0.0402
vt 0.6268 0.0394
vt 0.6375 0.0485
vt 0.6323 0.0543
vt 0.6365 0.0477
vt 0.7816 0.1391
vt 0.7787 0.1407
vt 0.7784 0.1392
vt 0.5873 0.0873
vt 0.6954 0.0486
vt 0.6871 0.0450
vt 0.6964 0.0474
vt 0.6975 0.0326
vt 0.7416 0.1130
vt 0.6002 0.0839
vt 0.5992 0.0771
vt 0.6015 0.0836
vt 0.5917 0.0664
vt 0.5881 0.0593
vt 0.5929 0.0657
vt 0.5836 0.0533
vt 0.5894 0.0938
vt 0.6018 0.0937
vt 0.6015 0.0836
vt 0.6030 0.0938
vt 0.7448 0.1194
vt 0.7393 0.1061
vt 0.7494 0.1258
vt 0.7380 0.0995
vt 0.8058 0.1329
vt 0.7951 0.1386
vt 0.7946 0.1374
vt 0.8139 0.1272
vt 0.8215 0.1215
vt 0.8148 0.1284
vt 0.8252 0.1125
vt 0.8315 0.1018
vt 0.8265 0.1136
vt 0.8139 0.1272
vt 0.8066 0.1341
vt 0.8058 0.1329
vt 0.8203 0.1203
vt 0.8265 0.1136
vt 0.8215 0.1215
vt 0.6355 0.0827
vt 0.6242 0.0950
vt 0.6230 0.0888
vt 0.6257 0.0942
vt 0.6333 0.0783
vt 0.6215 0.0894
vt 0.6203 0.0821
vt 0.6230 0.0888
vt 0.6317 0.0736
vt 0.6321 0.0787
vt 0.6305 0.0738
vt 0.6187 0.0825
vt 0.6172 0.0752
vt 0.6308 0.0682
vt 0.6305 0.0738
vt 0.6296 0.0682
vt 0.6312 0.0619
vt 0.6170 0.0676
vt 0.6197 0.0589
vt 0.6184 0.0677
vt 0.6490 0.0397
vt 0.6569 0.0360
vt 0.6572 0.0372
vt 0.6527 0.0235
vt 0.6427 0.0285
vt 0.6420 0.0271
vt 0.6653 0.0220
vt 0.6532 0.0251
vt 0.6527 0.0235
vt 0.6572 0.0372
vt 0.6662 0.0355
vt 0.6662 0.0366
vt 0.6653 0.0220
vt 0.6662 0.0366
vt 0.6743 0.0373
vt 0.6739 0.0383
vt 0.6796 0.0237
vt 0.6739 0.0383
vt 0.6806 0.0405
vt 0.6799 0.0415
vt 0.6884 0.0272
vt 0.6799 0.0415
vt 0.6871 0.0450
vt 0.6865 0.0460
vt 0.5631 0.1269
vt 0.5537 0.1280
vt 0.5538 0.1267
vt 0.5655 0.1385
vt 0.5544 0.1413
vt 0.5543 0.1398
vt 0.5298 0.1195
vt 0.5306 0.1342
vt 0.5204 0.1306
vt 0.5216 0.1293
vt 0.5538 0.1267
vt 0.5435 0.1257
vt 0.5437 0.1243
vt 0.5543 0.1398
vt 0.5418 0.1395
vt 0.5420 0.1380
vt 0.5631 0.1269
vt 0.5751 0.1361
vt 0.5658 0.1397
vt 0.5655 0.1385
vt 0.5352 0.1221
vt 0.5420 0.1380
vt 0.5302 0.1358
vt 0.5306 0.1342
vt 0.7371 0.0743
vt 0.7382 0.0807
vt 0.7365 0.0806
vt 0.4980 0.1172
vt 0.5047 0.1221
vt 0.5036 0.1232
vt 0.7142 0.0422
vt 0.5145 0.1122
vt 0.5822 0.0784
vt 0.5951 0.0721
vt 0.5929 0.0657
vt 0.5964 0.0715
vt 0.5849 0.0826
vt 0.5978 0.0775
vt 0.5964 0.0715
vt 0.5992 0.0771
vt 0.5901 0.1031
vt 0.6006 0.1061
vt 0.6030 0.0938
vt 0.6016 0.1064
vt 0.7816 0.0252
vt 0.7010 0.1124
vt 0.7026 0.1271
vt 0.5004 0.0354
vt 0.6424 0.0436
vt 0.5908 0.1261
vt 0.5977 0.1178
vt 0.5917 0.1269
vt 0.5742 0.0437
vt 0.5784 0.0491
vt 0.5734 0.0447
vt 0.5218 0.1179
vt 0.7142 0.0422
vt 0.7075 0.0373
vt 0.7087 0.0361
vt 0.5097 0.1286
vt 0.7367 0.0869
vt 0.8301 0.0760
vt 0.6513 0.1026
vt 0.7047 0.0596
vt 0.5211 0.0258
vt 0.0332 0.4166
vt 0.0281 0.4117
vt 0.0316 0.4105
vt 0.0241 0.2505
vt 0.0289 0.2454
vt 0.0276 0.2515
vt 0.6901 0.2529
vt 0.0244 0.3271
vt 0.0283 0.3240
vt 0.0285 0.3275
vt 0.7057 0.3154
vt 0.7078 0.3089
vt 0.7091 0.3151
vt 0.0241 0.3234
vt 0.6923 0.2735
vt 0.6927 0.2638
vt 0.6950 0.2731
vt 0.7045 0.3091
vt 0.7036 0.2974
vt 0.7078 0.3089
vt 0.7003 0.2977
vt 0.6998 0.2874
vt 0.7036 0.2974
vt 0.6946 0.2807
vt 0.6998 0.2874
vt 0.6970 0.2884
vt 0.6946 0.2807
vt 0.6950 0.2731
vt 0.6969 0.2800
vt 0.0218 0.2884
vt 0.6892 0.2639
vt 0.6901 0.2529
vt 0.6927 0.2638
vt 0.0232 0.3154
vt 0.6894 0.2408
vt 0.6868 0.2433
vt 0.6865 0.2412
vt 0.0199 0.2790
vt 0.0213 0.2697
vt 0.0216 0.2792
vt 0.0198 0.2695
vt 0.0213 0.2588
vt 0.0213 0.2697
vt 0.0206 0.3074
vt 0.0215 0.2988
vt 0.0222 0.3071
vt 0.0199 0.2987
vt 0.0218 0.2884
vt 0.0215 0.2988
vt 0.0281 0.4117
vt 0.6889 0.4005
vt 0.6919 0.3909
vt 0.6918 0.4009
vt 0.0287 0.3382
vt 0.0246 0.3346
vt 0.0287 0.3347
vt 0.7058 0.3280
vt 0.7081 0.3344
vt 0.7048 0.3343
vt 0.0245 0.3383
vt 0.6936 0.3702
vt 0.6942 0.3799
vt 0.6907 0.3799
vt 0.7048 0.3343
vt 0.7042 0.3461
vt 0.7010 0.3458
vt 0.7010 0.3458
vt 0.7007 0.3561
vt 0.6979 0.3552
vt 0.6957 0.3630
vt 0.6957 0.3630
vt 0.6963 0.3706
vt 0.6936 0.3702
vt 0.0287 0.3818
vt 0.6907 0.3799
vt 0.6919 0.3909
vt 0.6889 0.3905
vt 0.0240 0.3463
vt 0.6889 0.4005
vt 0.6916 0.4029
vt 0.6887 0.4026
vt 0.0223 0.3835
vt 0.0243 0.3927
vt 0.0227 0.3930
vt 0.0227 0.3930
vt 0.0248 0.4036
vt 0.0235 0.4041
vt 0.0234 0.3546
vt 0.0214 0.3637
vt 0.0218 0.3542
vt 0.0214 0.3637
vt 0.0238 0.3740
vt 0.0221 0.3742
vt 0.9630 0.2449
vt 0.9710 0.2846
vt 0.9682 0.2716
vt 0.9722 0.2838
vt 0.9710 0.2846
vt 0.9618 0.1564
vt 0.9662 0.1430
vt 0.9630 0.1569
vt 0.9630 0.1569
vt 0.9710 0.1172
vt 0.9797 0.1040
vt 0.9722 0.1180
vt 0.9722 0.1180
vt 0.0299 0.4175
vt 0.0269 0.4123
vt 0.0281 0.4117
vt 0.0229 0.2500
vt 0.0256 0.2447
vt 0.0241 0.2505
vt 0.0200 0.2584
vt 0.0241 0.2505
vt 0.0213 0.2588
vt 0.6897 0.2428
vt 0.6912 0.2527
vt 0.6901 0.2529
vt 0.0228 0.3272
vt 0.0241 0.3234
vt 0.0244 0.3271
vt 0.7091 0.3151
vt 0.7092 0.3087
vt 0.7105 0.3150
vt 0.0241 0.3234
vt 0.0216 0.3157
vt 0.0232 0.3154
vt 0.6964 0.2726
vt 0.7078 0.3089
vt 0.7051 0.2973
vt 0.7092 0.3087
vt 0.7036 0.2974
vt 0.7013 0.2873
vt 0.7051 0.2973
vt 0.6998 0.2874
vt 0.6982 0.2798
vt 0.7013 0.2873
vt 0.6969 0.2800
vt 0.6964 0.2726
vt 0.6982 0.2798
vt 0.0201 0.2882
vt 0.6927 0.2638
vt 0.6912 0.2527
vt 0.6941 0.2635
vt 0.0232 0.3154
vt 0.6905 0.2408
vt 0.6897 0.2428
vt 0.6894 0.2408
vt 0.6918 0.4009
vt 0.6931 0.3910
vt 0.6928 0.4009
vt 0.0246 0.3346
vt 0.0229 0.3381
vt 0.0230 0.3345
vt 0.7093 0.3279
vt 0.7096 0.3346
vt 0.7081 0.3344
vt 0.0245 0.3383
vt 0.0224 0.3459
vt 0.0229 0.3381
vt 0.6977 0.3710
vt 0.6942 0.3799
vt 0.6963 0.3706
vt 0.7081 0.3344
vt 0.7057 0.3461
vt 0.7042 0.3461
vt 0.7042 0.3461
vt 0.7022 0.3562
vt 0.7007 0.3561
vt 0.7007 0.3561
vt 0.6993 0.3638
vt 0.6980 0.3636
vt 0.6980 0.3636
vt 0.0241 0.3832
vt 0.6942 0.3799
vt 0.6931 0.3910
vt 0.6919 0.3909
vt 0.0240 0.3463
vt 0.0218 0.3542
vt 0.0224 0.3459
vt 0.6918 0.4009
vt 0.6927 0.4029
vt 0.6916 0.4029
vt 0.7715 0.8164
vt 0.7731 0.8050
vt 0.7729 0.8171
vt 0.7466 0.5887
vt 0.7463 0.6011
vt 0.7447 0.5882
vt 0.7493 0.6148
vt 0.7463 0.6011
vt 0.7517 0.6146
vt 0.7481 0.5774
vt 0.7535 0.6180
vt 0.7533 0.6149
vt 0.7551 0.6182
vt 0.7480 0.5639
vt 0.7526 0.5538
vt 0.7501 0.5638
vt 0.7480 0.5639
vt 0.7536 0.8746
vt 0.7545 0.8833
vt 0.7526 0.8840
vt 0.7553 0.8743
vt 0.7579 0.8566
vt 0.7565 0.8662
vt 0.7545 0.8663
vt 0.7614 0.8453
vt 0.7599 0.8564
vt 0.7579 0.8566
vt 0.7651 0.8449
vt 0.7682 0.8328
vt 0.7697 0.8327
vt 0.7715 0.8164
vt 0.5684 0.6329
vt 0.5696 0.6444
vt 0.5682 0.6450
vt 0.5805 0.7601
vt 0.5803 0.7725
vt 0.5786 0.7732
vt 0.5794 0.7488
vt 0.5824 0.7597
vt 0.5805 0.7601
vt 0.5727 0.7860
vt 0.5724 0.7891
vt 0.5708 0.7893
vt 0.5816 0.7486
vt 0.5801 0.7353
vt 0.5836 0.7489
vt 0.5780 0.7351
vt 0.5759 0.7250
vt 0.5801 0.7353
vt 0.5839 0.7118
vt 0.5852 0.7032
vt 0.5858 0.7126
vt 0.5834 0.7029
vt 0.5846 0.6949
vt 0.5852 0.7032
vt 0.5826 0.6947
vt 0.5796 0.6848
vt 0.5749 0.6731
vt 0.5722 0.6608
vt 0.5764 0.6737
vt 0.5746 0.6602
vt 0.9346 0.3751
vt 0.9396 0.4160
vt 0.9436 0.4054
vt 0.9438 0.4165
vt 0.8990 0.4035
vt 0.9122 0.3992
vt 0.9098 0.4075
vt 0.9098 0.4075
vt 0.9622 0.3823
vt 0.5743 0.7858
vt 0.5794 0.7488
vt 0.5780 0.7351
vt 0.5816 0.7486
vt 0.5759 0.7354
vt 0.5738 0.7252
vt 0.5780 0.7351
vt 0.5819 0.7109
vt 0.5834 0.7029
vt 0.5839 0.7118
vt 0.5815 0.7023
vt 0.5826 0.6947
vt 0.5834 0.7029
vt 0.5806 0.6940
vt 0.5796 0.6848
vt 0.5826 0.6947
vt 0.5778 0.6840
vt 0.5708 0.6607
vt 0.5696 0.6444
vt 0.5722 0.6608
vt 0.9251 0.0404
vt 0.9442 0.7595
vt 0.9401 0.7490
vt 0.9443 0.7484
vt 0.9129 0.7658
vt 0.8998 0.7616
vt 0.9105 0.7576
vt 0.9267 0.7624
vt 0.9474 0.0189
vt 0.9623 0.0196
vt 0.9532 0.0296
vt 0.7517 0.6146
vt 0.7480 0.6018
vt 0.7533 0.6149
vt 0.7501 0.5638
vt 0.7481 0.5774
vt 0.7460 0.5771
vt 0.7547 0.5541
vt 0.7522 0.5642
vt 0.7501 0.5638
vt 0.7553 0.8743
vt 0.7565 0.8825
vt 0.7545 0.8833
vt 0.7565 0.8662
vt 0.7572 0.8738
vt 0.7553 0.8743
vt 0.7599 0.8564
vt 0.7585 0.8656
vt 0.7565 0.8662
vt 0.7636 0.8455
vt 0.7617 0.8557
vt 0.7599 0.8564
vt 0.8280 0.2347
vt 0.8265 0.2284
vt 0.8318 0.2304
vt 0.8254 0.6236
vt 0.8315 0.6258
vt 0.8276 0.6182
vt 0.8342 0.6200
vt 0.8358 0.5559
vt 0.8291 0.5661
vt 0.8287 0.5565
vt 0.8282 0.1669
vt 0.8267 0.1732
vt 0.8231 0.1699
vt 0.8239 0.5259
vt 0.8206 0.5337
vt 0.8184 0.5291
vt 0.8239 0.1625
vt 0.8231 0.1699
vt 0.8186 0.1663
vt 0.8410 0.2174
vt 0.8364 0.2099
vt 0.8434 0.2090
vt 0.8360 0.6100
vt 0.8276 0.6182
vt 0.8289 0.6094
vt 0.8350 0.5931
vt 0.8288 0.5930
vt 0.8351 0.5917
vt 0.8243 0.6401
vt 0.8210 0.6323
vt 0.8273 0.6358
vt 0.8411 0.1842
vt 0.8365 0.1917
vt 0.8345 0.1836
vt 0.8206 0.5337
vt 0.8350 0.5931
vt 0.8292 0.5998
vt 0.8285 0.5943
vt 0.8434 0.2090
vt 0.8370 0.2059
vt 0.8441 0.2049
vt 0.8312 0.5402
vt 0.8273 0.5477
vt 0.8252 0.5423
vt 0.8363 0.2259
vt 0.8344 0.2180
vt 0.8410 0.2174
vt 0.8360 0.6100
vt 0.8292 0.5998
vt 0.8362 0.5990
vt 0.8291 0.6306
vt 0.8210 0.6323
vt 0.8235 0.6279
vt 0.8364 0.1758
vt 0.8345 0.1836
vt 0.8305 0.1765
vt 0.8318 0.2304
vt 0.8304 0.2251
vt 0.8363 0.2259
vt 0.8442 0.1967
vt 0.8375 0.2016
vt 0.8371 0.1965
vt 0.8320 0.1712
vt 0.8305 0.1765
vt 0.8267 0.1732
vt 0.8288 0.5353
vt 0.8252 0.5423
vt 0.8232 0.5380
vt 0.8273 0.5477
vt 0.8229 0.2317
vt 0.8232 0.5380
vt 0.8242 0.5427
vt 0.8224 0.5384
vt 0.8270 0.5949
vt 0.8265 0.2284
vt 0.8294 0.2245
vt 0.8304 0.2251
vt 0.8289 0.6094
vt 0.8265 0.6179
vt 0.8279 0.6094
vt 0.8184 0.2353
vt 0.8221 0.2311
vt 0.8229 0.2317
vt 0.8252 0.5423
vt 0.8262 0.5480
vt 0.8242 0.5427
vt 0.8289 0.6094
vt 0.8281 0.6000
vt 0.8292 0.5998
vt 0.8371 0.1965
vt 0.8362 0.2016
vt 0.8360 0.1966
vt 0.8287 0.5565
vt 0.8262 0.5480
vt 0.8273 0.5477
vt 0.8210 0.6323
vt 0.8181 0.6362
vt 0.8202 0.6318
vt 0.8231 0.1699
vt 0.8259 0.1737
vt 0.8223 0.1705
vt 0.8229 0.2317
vt 0.8257 0.2279
vt 0.8265 0.2284
vt 0.8287 0.5565
vt 0.8280 0.5659
vt 0.8277 0.5566
vt 0.8227 0.6276
vt 0.8335 0.1842
vt 0.8348 0.5729
vt 0.8286 0.5732
vt 0.8283 0.5718
vt 0.8235 0.6279
vt 0.8245 0.6233
vt 0.8254 0.6236
vt 0.8296 0.1771
vt 0.8177 0.5298
vt 0.8186 0.1663
vt 0.8223 0.1705
vt 0.8180 0.1670
vt 0.8364 0.2099
vt 0.8334 0.2174
vt 0.8353 0.2095
vt 0.8267 0.1732
vt 0.8296 0.1771
vt 0.8259 0.1737
vt 0.8206 0.5337
vt 0.8224 0.5384
vt 0.8198 0.5341
vt 0.8370 0.2059
vt 0.8353 0.2095
vt 0.8359 0.2057
vt 0.8344 0.2180
vt 0.8294 0.2245
vt 0.8334 0.2174
vt 0.8254 0.6236
vt 0.8265 0.6179
vt 0.8276 0.6182
vt 0.8191 0.5418
vt 0.8270 0.5949
vt 0.8234 0.6002
vt 0.8226 0.5952
vt 0.8294 0.2245
vt 0.8226 0.2248
vt 0.8263 0.2212
vt 0.8279 0.6094
vt 0.8224 0.6156
vt 0.8236 0.6083
vt 0.8178 0.2346
vt 0.8187 0.2280
vt 0.8221 0.2311
vt 0.8210 0.5457
vt 0.8281 0.6000
vt 0.8236 0.6083
vt 0.8234 0.6002
vt 0.8312 0.1976
vt 0.8277 0.5566
vt 0.8222 0.5504
vt 0.8262 0.5480
vt 0.8202 0.6318
vt 0.8148 0.6327
vt 0.8165 0.6280
vt 0.8223 0.1705
vt 0.8228 0.1768
vt 0.8189 0.1736
vt 0.8234 0.5578
vt 0.8227 0.6276
vt 0.8165 0.6280
vt 0.8194 0.6242
vt 0.8354 0.1921
vt 0.8296 0.1871
vt 0.8335 0.1842
vt 0.8474 0.5765
vt 0.8483 0.5828
vt 0.8461 0.5782
vt 0.8245 0.6233
vt 0.8194 0.6242
vt 0.8212 0.6203
vt 0.8221 0.2311
vt 0.8226 0.2248
vt 0.8257 0.2279
vt 0.8335 0.1842
vt 0.8264 0.1803
vt 0.8296 0.1771
vt 0.8198 0.5341
vt 0.8145 0.5333
vt 0.8177 0.5298
vt 0.8180 0.1670
vt 0.8189 0.1736
vt 0.8147 0.1703
vt 0.8353 0.2095
vt 0.8295 0.2145
vt 0.8308 0.2077
vt 0.8228 0.1768
vt 0.8161 0.5380
vt 0.8359 0.2057
vt 0.8308 0.2077
vt 0.8311 0.2045
vt 0.8334 0.2174
vt 0.8263 0.2212
vt 0.8295 0.2145
vt 0.8265 0.6179
vt 0.8212 0.6203
vt 0.8224 0.6156
vt 0.8360 0.1966
vt 0.8309 0.1938
vt 0.8354 0.1921
vt 0.8371 0.1965
vt 0.8354 0.1921
vt 0.8365 0.1917
vt 0.8474 0.5892
vt 0.8483 0.5828
vt 0.8497 0.5828
vt 0.8434 0.1926
vt 0.8474 0.5892
vt 0.8351 0.5917
vt 0.8461 0.5876
vt 0.7103 0.3214
vt 0.7105 0.3150
vt 0.7117 0.3213
vt 0.0230 0.3309
vt 0.0244 0.3271
vt 0.0246 0.3309
vt 0.7067 0.3217
vt 0.7091 0.3151
vt 0.7103 0.3214
vt 0.0246 0.3309
vt 0.0902 0.3269
vt 0.8483 0.5968
vt 0.8350 0.5931
vt 0.8474 0.5892
vt 0.8657 0.5962
vt 0.8474 0.5892
vt 0.8653 0.5897
vt 0.8657 0.5962
vt 0.8801 0.5902
vt 0.8815 0.5974
vt 0.8449 0.2008
vt 0.8634 0.1963
vt 0.8637 0.2009
vt 0.8637 0.2009
vt 0.8806 0.1957
vt 0.8810 0.2010
vt 0.8810 0.2010
vt 0.6948 0.3218
vt 0.6999 0.3156
vt 0.7011 0.3218
vt 0.0343 0.3240
vt 0.9092 0.1951
vt 0.1927 0.3283
vt 0.5385 0.3174
vt 0.5589 0.3236
vt 0.5378 0.3238
vt 0.1181 0.3292
vt 0.4620 0.3177
vt 0.4612 0.3248
vt 0.4334 0.3213
vt 0.4620 0.3177
vt 0.4313 0.3252
vt 0.4120 0.3223
vt 0.4334 0.3213
vt 0.3409 0.3271
vt 0.3120 0.3267
vt 0.3409 0.3252
vt 0.2713 0.3243
vt 0.2704 0.3271
vt 0.2492 0.3240
vt 0.2713 0.3243
vt 0.5987 0.3231
vt 0.6167 0.3192
vt 0.6171 0.3229
vt 0.0534 0.3305
vt 0.0407 0.3308
vt 0.9636 0.2004
vt 0.9622 0.1959
vt 0.9633 0.1954
vt 0.9329 0.2009
vt 0.6770 0.3175
vt 0.6823 0.3220
vt 0.6769 0.3221
vt 0.6893 0.3219
vt 0.6942 0.3156
vt 0.6948 0.3218
vt 0.9392 0.5834
vt 0.9398 0.5924
vt 0.9381 0.5829
vt 0.5793 0.3233
vt 0.5980 0.3187
vt 0.5987 0.3231
vt 0.6705 0.3192
vt 0.6769 0.3221
vt 0.6709 0.3222
vt 0.6825 0.3164
vt 0.6893 0.3219
vt 0.6823 0.3220
vt 0.9381 0.5829
vt 0.9305 0.5927
vt 0.9289 0.5828
vt 0.6171 0.3229
vt 0.7011 0.3218
vt 0.7057 0.3154
vt 0.7067 0.3217
vt 0.9289 0.5828
vt 0.2270 0.3207
vt 0.2009 0.3248
vt 0.2005 0.3214
vt 0.5793 0.3191
vt 0.3779 0.3236
vt 0.3779 0.3236
vt 0.1531 0.3217
vt 0.1179 0.3235
vt 0.1034 0.3267
vt 0.1034 0.3239
vt 0.0901 0.3241
vt 0.0781 0.3271
vt 0.0780 0.3243
vt 0.0780 0.3243
vt 0.0683 0.3273
vt 0.0682 0.3245
vt 0.0682 0.3245
vt 0.0531 0.3243
vt 0.0404 0.3240
vt 0.0345 0.3275
vt 0.0343 0.3240
vt 0.9620 0.1908
vt 0.9529 0.1955
vt 0.9526 0.1900
vt 0.9526 0.1900
vt 0.9321 0.1889
vt 0.9215 0.1951
vt 0.9209 0.1893
vt 0.1639 0.3229
vt 0.1532 0.3252
vt 0.1531 0.3217
vt 0.1782 0.3236
vt 0.1640 0.3257
vt 0.1639 0.3229
vt 0.5140 0.3161
vt 0.5251 0.3095
vt 0.5385 0.3174
vt 0.5235 0.3167
vt 0.2493 0.3204
vt 0.2274 0.3242
vt 0.2270 0.3207
vt 0.6599 0.3173
vt 0.6463 0.3201
vt 0.6461 0.3177
vt 0.8815 0.5974
vt 0.8933 0.5916
vt 0.8952 0.6000
vt 0.6701 0.3163
vt 0.6602 0.3198
vt 0.6599 0.3173
vt 0.9088 0.6018
vt 0.8952 0.6000
vt 0.9083 0.5923
vt 0.9088 0.6018
vt 0.8362 0.2016
vt 0.8311 0.2045
vt 0.8310 0.2014
vt 0.8280 0.5659
vt 0.8227 0.5703
vt 0.8233 0.5659
vt 0.8375 0.2016
vt 0.8359 0.2057
vt 0.8362 0.2016
vt 0.8291 0.5661
vt 0.8267 0.5713
vt 0.8280 0.5659
vt 0.8441 0.2049
vt 0.8375 0.2016
vt 0.8449 0.2008
vt 0.8348 0.5729
vt 0.8291 0.5661
vt 0.8360 0.5669
vt 0.7103 0.3214
vt 0.7107 0.3280
vt 0.7093 0.3279
vt 0.0230 0.3345
vt 0.7067 0.3217
vt 0.7093 0.3279
vt 0.7058 0.3280
vt 0.0246 0.3346
vt 0.1035 0.3351
vt 0.0903 0.3325
vt 0.1035 0.3323
vt 0.6462 0.3272
vt 0.6336 0.3257
vt 0.6463 0.3249
vt 0.8482 0.5691
vt 0.8656 0.5696
vt 0.8801 0.5755
vt 0.8656 0.5696
vt 0.8814 0.5684
vt 0.8634 0.2054
vt 0.8807 0.2063
vt 0.6948 0.3218
vt 0.7001 0.3280
vt 0.6943 0.3281
vt 0.0347 0.3379
vt 0.9209 0.2125
vt 0.9092 0.2068
vt 0.9215 0.2067
vt 0.1927 0.3283
vt 0.1181 0.3292
vt 0.1371 0.3322
vt 0.1181 0.3320
vt 0.4826 0.3245
vt 0.4621 0.3318
vt 0.4612 0.3248
vt 0.4612 0.3248
vt 0.4335 0.3289
vt 0.4313 0.3252
vt 0.4313 0.3252
vt 0.4121 0.3283
vt 0.4125 0.3253
vt 0.2906 0.3269
vt 0.2714 0.3299
vt 0.2704 0.3271
vt 0.2704 0.3271
vt 0.2493 0.3308
vt 0.2491 0.3275
vt 0.5987 0.3231
vt 0.6168 0.3265
vt 0.5981 0.3275
vt 0.9634 0.2053
vt 0.9625 0.2009
vt 0.9636 0.2004
vt 0.6772 0.3266
vt 0.6893 0.3219
vt 0.6943 0.3281
vt 0.6889 0.3279
vt 0.9409 0.5736
vt 0.5981 0.3275
vt 0.6826 0.3276
vt 0.9381 0.5829
vt 0.9306 0.5730
vt 0.9399 0.5733
vt 0.6171 0.3229
vt 0.6336 0.3257
vt 0.6168 0.3265
vt 0.7011 0.3218
vt 0.7058 0.3280
vt 0.7001 0.3280
vt 0.9191 0.5730
vt 0.2271 0.3346
vt 0.2010 0.3315
vt 0.2275 0.3312
vt 0.5594 0.3327
vt 0.3780 0.3279
vt 0.4117 0.3314
vt 0.3777 0.3300
vt 0.3418 0.3293
vt 0.2911 0.3291
vt 0.3095 0.3312
vt 0.2915 0.3314
vt 0.1371 0.3322
vt 0.1534 0.3356
vt 0.1368 0.3355
vt 0.1181 0.3349
vt 0.0782 0.3328
vt 0.0903 0.3353
vt 0.0783 0.3356
vt 0.0684 0.3330
vt 0.0783 0.3356
vt 0.0684 0.3359
vt 0.0684 0.3359
vt 0.0534 0.3368
vt 0.0347 0.3345
vt 0.0407 0.3376
vt 0.0347 0.3379
vt 0.9530 0.2064
vt 0.9621 0.2109
vt 0.9528 0.2118
vt 0.9528 0.2118
vt 0.9321 0.2129
vt 0.9090 0.2125
vt 0.1533 0.3321
vt 0.1641 0.3341
vt 0.1534 0.3356
vt 0.1641 0.3313
vt 0.1783 0.3330
vt 0.1641 0.3341
vt 0.4855 0.3396
vt 0.5142 0.3320
vt 0.5164 0.3398
vt 0.5254 0.3384
vt 0.2495 0.3343
vt 0.6600 0.3273
vt 0.6463 0.3249
vt 0.6603 0.3248
vt 0.8933 0.5741
vt 0.8814 0.5684
vt 0.8951 0.5657
vt 0.6603 0.3248
vt 0.9088 0.5639
vt 0.9191 0.5730
vt 0.9083 0.5734
vt 0.9083 0.5734
vt 0.8230 0.9595
vt 0.8181 0.9634
vt 0.8175 0.9595
vt 0.9111 0.8752
vt 0.9144 0.8702
vt 0.9142 0.8751
vt 0.8181 0.9556
vt 0.7885 0.8748
vt 0.7853 0.8696
vt 0.7884 0.8697
vt 0.9215 0.9102
vt 0.9268 0.9090
vt 0.9216 0.9110
vt 0.9692 0.9654
vt 0.9659 0.9720
vt 0.9657 0.9656
vt 0.9767 0.9890
vt 0.9791 0.9838
vt 0.9807 0.9893
vt 0.9709 0.9777
vt 0.9675 0.9832
vt 0.9668 0.9778
vt 0.9695 0.9720
vt 0.9668 0.9778
vt 0.9659 0.9720
vt 0.7872 0.8616
vt 0.7853 0.8696
vt 0.7837 0.8616
vt 0.7863 0.8550
vt 0.7837 0.8616
vt 0.7813 0.8555
vt 0.9727 0.9886
vt 0.9695 0.9931
vt 0.9687 0.9882
vt 0.9699 0.9588
vt 0.9677 0.9537
vt 0.9727 0.9522
vt 0.8241 0.9346
vt 0.8263 0.9440
vt 0.8207 0.9431
vt 0.8207 0.9431
vt 0.8243 0.9519
vt 0.8186 0.9516
vt 0.9692 0.9654
vt 0.9659 0.9596
vt 0.9699 0.9588
vt 0.8186 0.9516
vt 0.8236 0.9557
vt 0.8181 0.9556
vt 0.9698 0.8525
vt 0.9664 0.8459
vt 0.9700 0.8459
vt 0.9773 0.8289
vt 0.9797 0.8342
vt 0.9758 0.8343
vt 0.9714 0.8403
vt 0.9680 0.8347
vt 0.9719 0.8345
vt 0.9700 0.8459
vt 0.9673 0.8403
vt 0.9714 0.8403
vt 0.9202 0.8513
vt 0.9164 0.8503
vt 0.9203 0.8507
vt 0.9130 0.8829
vt 0.9749 0.8238
vt 0.9713 0.8181
vt 0.9747 0.8178
vt 0.9733 0.8293
vt 0.9700 0.8247
vt 0.9749 0.8238
vt 0.9682 0.8641
vt 0.9705 0.8591
vt 0.9732 0.8657
vt 0.8263 0.9751
vt 0.8241 0.9845
vt 0.8207 0.9759
vt 0.8243 0.9671
vt 0.8207 0.9759
vt 0.8186 0.9674
vt 0.9664 0.8583
vt 0.9698 0.8525
vt 0.9705 0.8591
vt 0.8236 0.9633
vt 0.8186 0.9674
vt 0.8181 0.9634
vt 0.8230 0.8885
vt 0.8185 0.8928
vt 0.8179 0.8887
vt 0.8521 0.8953
vt 0.8515 0.8987
vt 0.8515 0.8953
vt 0.8913 0.8634
vt 0.8887 0.8690
vt 0.8907 0.8631
vt 0.7947 0.9456
vt 0.7933 0.9396
vt 0.7969 0.9390
vt 0.9018 0.9838
vt 0.9068 0.9857
vt 0.9014 0.9845
vt 0.7836 0.9465
vt 0.7856 0.9519
vt 0.7823 0.9520
vt 0.9195 0.9581
vt 0.9175 0.9498
vt 0.9199 0.9497
vt 0.9164 0.9653
vt 0.9195 0.9581
vt 0.9201 0.9654
vt 0.8923 0.8962
vt 0.8893 0.8916
vt 0.8899 0.8913
vt 0.8932 0.8574
vt 0.9005 0.8522
vt 0.9008 0.8527
vt 0.7925 0.9860
vt 0.7919 0.9796
vt 0.7970 0.9875
vt 0.8125 0.8932
vt 0.8097 0.9034
vt 0.8073 0.8934
vt 0.8884 0.8755
vt 0.8888 0.8811
vt 0.8877 0.8755
vt 0.9126 0.8513
vt 0.9164 0.8503
vt 0.9164 0.8509
vt 0.9415 0.8634
vt 0.9440 0.8690
vt 0.9434 0.8692
vt 0.9814 0.9229
vt 0.9800 0.9290
vt 0.9780 0.9226
vt 0.9019 0.9273
vt 0.9070 0.9254
vt 0.9072 0.9261
vt 0.9704 0.9221
vt 0.9724 0.9167
vt 0.9738 0.9223
vt 0.9345 0.9028
vt 0.9410 0.8967
vt 0.9350 0.9034
vt 0.7936 0.9017
vt 0.7915 0.9099
vt 0.7907 0.9015
vt 0.9441 0.8864
vt 0.9440 0.8810
vt 0.9448 0.8866
vt 0.9395 0.8574
vt 0.9323 0.8522
vt 0.9401 0.8569
vt 0.9786 0.8889
vt 0.9792 0.8826
vt 0.9837 0.8811
vt 0.8096 0.8659
vt 0.8124 0.8761
vt 0.8071 0.8759
vt 0.9701 0.8978
vt 0.9674 0.9048
vt 0.9672 0.8981
vt 0.8179 0.8804
vt 0.8223 0.8845
vt 0.8173 0.8845
vt 0.9418 0.9271
vt 0.9337 0.9233
vt 0.9425 0.9263
vt 0.8932 0.8574
vt 0.8907 0.8631
vt 0.8927 0.8569
vt 0.8179 0.8887
vt 0.9088 0.8516
vt 0.9125 0.8507
vt 0.9126 0.8513
vt 0.7915 0.9576
vt 0.7897 0.9517
vt 0.7930 0.9516
vt 0.9113 0.9102
vt 0.9060 0.9090
vt 0.9062 0.9083
vt 0.9251 0.9246
vt 0.9185 0.9245
vt 0.9254 0.9238
vt 0.9265 0.9083
vt 0.9350 0.9034
vt 0.9268 0.9090
vt 0.7871 0.9711
vt 0.7904 0.9641
vt 0.7900 0.9714
vt 0.9434 0.8692
vt 0.9450 0.8755
vt 0.9444 0.8755
vt 0.7828 0.9827
vt 0.7842 0.9776
vt 0.7873 0.9842
vt 0.8521 0.8987
vt 0.8515 0.9004
vt 0.8515 0.8987
vt 0.8259 0.9009
vt 0.8245 0.9106
vt 0.8207 0.9017
vt 0.8522 0.9550
vt 0.8519 0.9555
vt 0.8514 0.9556
vt 0.7871 0.9014
vt 0.7858 0.9096
vt 0.7842 0.9012
vt 0.8514 0.9458
vt 0.8519 0.9460
vt 0.8522 0.9465
vt 0.8237 0.8925
vt 0.8207 0.9017
vt 0.8185 0.8928
vt 0.8071 0.8759
vt 0.8119 0.8803
vt 0.8068 0.8802
vt 0.9756 0.9284
vt 0.9728 0.9353
vt 0.9713 0.9277
vt 0.9469 0.9472
vt 0.9477 0.9513
vt 0.9468 0.9514
vt 0.7807 0.9767
vt 0.7834 0.9708
vt 0.7842 0.9776
vt 0.7884 0.9787
vt 0.7900 0.9714
vt 0.7919 0.9796
vt 0.9429 0.8913
vt 0.9448 0.8866
vt 0.9435 0.8916
vt 0.7834 0.9708
vt 0.7807 0.9638
vt 0.7836 0.9639
vt 0.7871 0.9463
vt 0.7846 0.9410
vt 0.7889 0.9402
vt 0.8115 0.8846
vt 0.8069 0.8890
vt 0.8065 0.8846
vt 0.7912 0.9459
vt 0.9395 0.8574
vt 0.9421 0.8630
vt 0.9415 0.8634
vt 0.7851 0.9579
vt 0.9782 0.9109
vt 0.9764 0.9168
vt 0.9754 0.9108
vt 0.8506 0.9563
vt 0.8508 0.9558
vt 0.8514 0.9556
vt 0.8148 0.9026
vt 0.8152 0.9142
vt 0.8097 0.9034
vt 0.7836 0.9639
vt 0.7816 0.9579
vt 0.7851 0.9579
vt 0.7936 0.9017
vt 0.7905 0.8946
vt 0.7941 0.8945
vt 0.9771 0.9044
vt 0.9738 0.8975
vt 0.9768 0.8972
vt 0.9709 0.8910
vt 0.9694 0.8860
vt 0.9739 0.8844
vt 0.9062 0.9083
vt 0.8978 0.9034
vt 0.8983 0.9028
vt 0.8245 0.8582
vt 0.8259 0.8680
vt 0.8207 0.8674
vt 0.7904 0.9641
vt 0.7887 0.9577
vt 0.7915 0.9576
vt 0.8983 0.9028
vt 0.8917 0.8967
vt 0.8923 0.8962
vt 0.8120 0.8889
vt 0.8073 0.8934
vt 0.8069 0.8890
vt 0.8894 0.8692
vt 0.8877 0.8755
vt 0.8887 0.8690
vt 0.8515 0.8868
vt 0.8521 0.8885
vt 0.8515 0.8885
vt 0.8207 0.8674
vt 0.8237 0.8765
vt 0.8184 0.8763
vt 0.9768 0.8972
vt 0.9751 0.8899
vt 0.9786 0.8889
vt 0.9130 0.9584
vt 0.9118 0.9501
vt 0.9142 0.9500
vt 0.9701 0.8978
vt 0.9674 0.8920
vt 0.9709 0.8910
vt 0.8184 0.8763
vt 0.8230 0.8805
vt 0.8179 0.8804
vt 0.9444 0.8755
vt 0.9440 0.8810
vt 0.9434 0.8809
vt 0.9713 0.9277
vt 0.7889 0.9402
vt 0.7861 0.9335
vt 0.7890 0.9332
vt 0.8068 0.8802
vt 0.9797 0.9169
vt 0.9718 0.9107
vt 0.9691 0.9166
vt 0.9683 0.9107
vt 0.8887 0.8864
vt 0.8888 0.8811
vt 0.8895 0.8812
vt 0.9008 0.8527
vt 0.9086 0.8510
vt 0.9088 0.8516
vt 0.8152 0.8548
vt 0.8148 0.8666
vt 0.8096 0.8659
vt 0.9704 0.9047
vt 0.9683 0.9107
vt 0.9674 0.9048
vt 0.8515 0.8885
vt 0.8521 0.8919
vt 0.8515 0.8919
vt 0.7845 0.0392
vt 0.9240 0.8516
vt 0.9203 0.8507
vt 0.9241 0.8510
vt 0.8506 0.9523
vt 0.8522 0.9491
vt 0.8522 0.9524
vt 0.9468 0.9514
vt 0.9476 0.9556
vt 0.9468 0.9556
vt 0.8124 0.8761
vt 0.8179 0.8804
vt 0.8119 0.8803
vt 0.9771 0.9044
vt 0.9754 0.9108
vt 0.9741 0.9045
vt 0.9738 0.8975
vt 0.9709 0.8910
vt 0.9751 0.8899
vt 0.9460 0.9377
vt 0.9478 0.9470
vt 0.9469 0.9472
vt 0.8148 0.8666
vt 0.8184 0.8763
vt 0.8124 0.8761
vt 0.8195 0.8564
vt 0.8207 0.8674
vt 0.8148 0.8666
vt 0.9418 0.9271
vt 0.9469 0.9372
vt 0.9460 0.9377
vt 0.9751 0.8899
vt 0.9739 0.8844
vt 0.9792 0.8826
vt 0.8963 0.9309
vt 0.9016 0.9266
vt 0.9019 0.9273
vt 0.9780 0.9226
vt 0.9756 0.9284
vt 0.9738 0.9223
vt 0.8963 0.9309
vt 0.8897 0.9373
vt 0.8958 0.9302
vt 0.9800 0.9290
vt 0.9757 0.9355
vt 0.9756 0.9284
vt 0.8858 0.9457
vt 0.8897 0.9373
vt 0.8903 0.9378
vt 0.7907 0.9015
vt 0.7883 0.9097
vt 0.7871 0.9014
vt 0.9184 0.9253
vt 0.9125 0.9254
vt 0.9185 0.9245
vt 0.9741 0.9045
vt 0.9718 0.9107
vt 0.9704 0.9047
vt 0.9072 0.9261
vt 0.9125 0.9254
vt 0.9125 0.9261
vt 0.9754 0.9108
vt 0.9724 0.9167
vt 0.9718 0.9107
vt 0.9404 0.8962
vt 0.9435 0.8916
vt 0.9410 0.8967
vt 0.9764 0.9168
vt 0.9332 0.9242
vt 0.9254 0.9238
vt 0.9337 0.9233
vt 0.9741 0.9045
vt 0.9701 0.8978
vt 0.9738 0.8975
vt 0.9469 0.9641
vt 0.9477 0.9599
vt 0.9478 0.9643
vt 0.8179 0.8887
vt 0.8125 0.8932
vt 0.8120 0.8889
vt 0.9330 0.9871
vt 0.9252 0.9874
vt 0.9249 0.9866
vt 0.7842 0.9776
vt 0.7871 0.9711
vt 0.7884 0.9787
vt 0.9459 0.9737
vt 0.9478 0.9643
vt 0.9468 0.9742
vt 0.8185 0.8928
vt 0.8148 0.9026
vt 0.8125 0.8932
vt 0.9416 0.9842
vt 0.9468 0.9742
vt 0.9424 0.9850
vt 0.8207 0.9017
vt 0.8195 0.9126
vt 0.8148 0.9026
vt 0.9416 0.9842
vt 0.9335 0.9879
vt 0.9330 0.9871
vt 0.7873 0.9842
vt 0.7884 0.9787
vt 0.7925 0.9860
vt 0.8961 0.9801
vt 0.9014 0.9845
vt 0.8957 0.9808
vt 0.7912 0.9459
vt 0.7889 0.9402
vt 0.7933 0.9396
vt 0.8961 0.9801
vt 0.8896 0.9737
vt 0.8902 0.9732
vt 0.9164 0.9653
vt 0.9130 0.9584
vt 0.9167 0.9583
vt 0.8857 0.9652
vt 0.8896 0.9737
vt 0.8850 0.9655
vt 0.9167 0.9583
vt 0.9142 0.9500
vt 0.9175 0.9498
vt 0.9182 0.9859
vt 0.9123 0.9857
vt 0.9123 0.9850
vt 0.7874 0.9640
vt 0.7851 0.9579
vt 0.7887 0.9577
vt 0.9070 0.9850
vt 0.9123 0.9857
vt 0.9068 0.9857
vt 0.7887 0.9577
vt 0.7856 0.9519
vt 0.7897 0.9517
vt 0.8899 0.8913
vt 0.8880 0.8866
vt 0.8887 0.8864
vt 0.7871 0.9463
vt 0.9249 0.9866
vt 0.9183 0.9866
vt 0.9182 0.9859
vt 0.7834 0.9708
vt 0.7874 0.9640
vt 0.7871 0.9711
vt 0.8857 0.9652
vt 0.8838 0.9604
vt 0.8846 0.9603
vt 0.8522 0.9847
vt 0.8516 0.9881
vt 0.8516 0.9846
vt 0.9468 0.9598
vt 0.9476 0.9556
vt 0.9477 0.9599
vt 0.8173 0.8845
vt 0.8120 0.8889
vt 0.8115 0.8846
vt 0.8125 0.9636
vt 0.8072 0.9679
vt 0.8069 0.9637
vt 0.8181 0.9634
vt 0.8129 0.9676
vt 0.8125 0.9636
vt 0.9745 0.8600
vt 0.9768 0.8529
vt 0.9785 0.8608
vt 0.9705 0.8591
vt 0.9733 0.8527
vt 0.9745 0.8600
vt 0.8129 0.9676
vt 0.8096 0.9775
vt 0.8072 0.9679
vt 0.8186 0.9674
vt 0.8152 0.9767
vt 0.8129 0.9676
vt 0.8152 0.9767
vt 0.8148 0.9881
vt 0.8096 0.9775
vt 0.8207 0.9759
vt 0.8195 0.9863
vt 0.8152 0.9767
vt 0.9783 0.8672
vt 0.9785 0.8608
vt 0.9833 0.8687
vt 0.9732 0.8657
vt 0.9745 0.8600
vt 0.9783 0.8672
vt 0.9813 0.8286
vt 0.9791 0.8232
vt 0.9833 0.8226
vt 0.9773 0.8289
vt 0.9749 0.8238
vt 0.9791 0.8232
vt 0.9164 0.8894
vt 0.9200 0.8828
vt 0.9206 0.8896
vt 0.9164 0.8894
vt 0.9130 0.8829
vt 0.9165 0.8829
vt 0.9200 0.8828
vt 0.9173 0.8751
vt 0.9204 0.8750
vt 0.9165 0.8829
vt 0.9142 0.8751
vt 0.9173 0.8751
vt 0.9319 0.8527
vt 0.9241 0.8510
vt 0.9323 0.8522
vt 0.8119 0.8803
vt 0.9772 0.8461
vt 0.9748 0.8401
vt 0.9782 0.8399
vt 0.9736 0.8460
vt 0.9714 0.8403
vt 0.9748 0.8401
vt 0.9782 0.8399
vt 0.9748 0.8401
vt 0.9719 0.8345
vt 0.9758 0.8343
vt 0.9692 0.8297
vt 0.9733 0.8293
vt 0.9733 0.8527
vt 0.9772 0.8461
vt 0.9768 0.8529
vt 0.9698 0.8525
vt 0.9736 0.8460
vt 0.9733 0.8527
vt 0.8074 0.9511
vt 0.8125 0.9554
vt 0.8070 0.9553
vt 0.8130 0.9514
vt 0.8181 0.9556
vt 0.8125 0.9554
vt 0.9763 0.9651
vt 0.9739 0.9580
vt 0.9780 0.9572
vt 0.9727 0.9653
vt 0.9699 0.9588
vt 0.9739 0.9580
vt 0.8097 0.9415
vt 0.8130 0.9514
vt 0.8074 0.9511
vt 0.8152 0.9423
vt 0.8186 0.9516
vt 0.8130 0.9514
vt 0.8148 0.9309
vt 0.8152 0.9423
vt 0.8097 0.9415
vt 0.8195 0.9328
vt 0.8207 0.9431
vt 0.8152 0.9423
vt 0.9780 0.9572
vt 0.9778 0.9507
vt 0.9828 0.9492
vt 0.9739 0.9580
vt 0.9727 0.9522
vt 0.9778 0.9507
vt 0.9786 0.9946
vt 0.9767 0.9890
vt 0.9744 0.9940
vt 0.9727 0.9886
vt 0.7942 0.8618
vt 0.7905 0.8549
vt 0.7948 0.8547
vt 0.7905 0.8549
vt 0.7872 0.8616
vt 0.7863 0.8550
vt 0.7942 0.8618
vt 0.7914 0.8698
vt 0.7907 0.8617
vt 0.7907 0.8617
vt 0.7884 0.8697
vt 0.7872 0.8616
vt 0.9766 0.9719
vt 0.9743 0.9778
vt 0.9730 0.9720
vt 0.9730 0.9720
vt 0.9709 0.9777
vt 0.9695 0.9720
vt 0.9777 0.9780
vt 0.9752 0.9836
vt 0.9743 0.9778
vt 0.9743 0.9778
vt 0.9714 0.9834
vt 0.9709 0.9777
vt 0.9714 0.9834
vt 0.9752 0.9836
vt 0.9766 0.9719
vt 0.9727 0.9653
vt 0.9763 0.9651
vt 0.9730 0.9720
vt 0.9692 0.9654
vt 0.9727 0.9653
vt 0.8858 0.9457
vt 0.8839 0.9504
vt 0.8850 0.9455
vt 0.8515 0.9053
vt 0.8521 0.9069
vt 0.8515 0.9070
vt 0.7945 0.8698
vt 0.7917 0.8748
vt 0.7914 0.8698
vt 0.7914 0.8698
vt 0.8070 0.9553
vt 0.8121 0.9595
vt 0.8066 0.9595
vt 0.8125 0.9554
vt 0.8175 0.9595
vt 0.8121 0.9595
vt 0.9204 0.8750
vt 0.9175 0.8702
vt 0.9206 0.8702
vt 0.9175 0.8702
vt 0.8069 0.9637
vt 0.8125 0.9636
vt 0.8066 0.8759
vt 0.9481 0.9512
vt 0.9478 0.9470
vt 0.9482 0.9469
vt 0.9241 0.8510
vt 0.9203 0.8501
vt 0.9243 0.8504
vt 0.8235 0.8806
vt 0.8237 0.8765
vt 0.8242 0.8766
vt 0.8237 0.8925
vt 0.8235 0.8885
vt 0.8242 0.8924
vt 0.9124 0.8501
vt 0.9086 0.8510
vt 0.9085 0.8504
vt 0.9478 0.9643
vt 0.9481 0.9600
vt 0.9482 0.9644
vt 0.8068 0.8934
vt 0.9118 0.9501
vt 0.9113 0.9448
vt 0.9119 0.9448
vt 0.9058 0.9096
vt 0.9112 0.9110
vt 0.9111 0.9116
vt 0.8850 0.9655
vt 0.8833 0.9605
vt 0.8838 0.9604
vt 0.9204 0.9496
vt 0.9201 0.9445
vt 0.9205 0.9444
vt 0.9203 0.8501
vt 0.8228 0.8845
vt 0.8230 0.8805
vt 0.8235 0.8806
vt 0.8063 0.8802
vt 0.9481 0.9556
vt 0.9477 0.9513
vt 0.9481 0.9512
vt 0.7905 0.9713
vt 0.9183 0.9871
vt 0.9252 0.9874
vt 0.9253 0.9879
vt 0.8887 0.8690
vt 0.8872 0.8754
vt 0.8882 0.8688
vt 0.7801 0.9704
vt 0.7807 0.9638
vt 0.7805 0.9705
vt 0.7832 0.9467
vt 0.8875 0.8867
vt 0.8893 0.8916
vt 0.8888 0.8918
vt 0.9014 0.9845
vt 0.9066 0.9862
vt 0.9012 0.9849
vt 0.7935 0.9516
vt 0.7947 0.9456
vt 0.7952 0.9457
vt 0.7816 0.9579
vt 0.7819 0.9521
vt 0.7823 0.9520
vt 0.8882 0.8811
vt 0.8880 0.8866
vt 0.8875 0.8867
vt 0.7816 0.9579
vt 0.7802 0.9637
vt 0.7812 0.9578
vt 0.8882 0.8811
vt 0.9068 0.9857
vt 0.9122 0.9862
vt 0.9066 0.9862
vt 0.7920 0.9576
vt 0.7930 0.9516
vt 0.7935 0.9516
vt 0.9183 0.9866
vt 0.9122 0.9862
vt 0.9123 0.9857
vt 0.7909 0.9641
vt 0.7915 0.9576
vt 0.7920 0.9576
vt 0.9101 0.9586
vt 0.9112 0.9501
vt 0.9118 0.9501
vt 0.8975 0.9039
vt 0.9060 0.9090
vt 0.9058 0.9096
vt 0.9075 0.9650
vt 0.9096 0.9584
vt 0.9101 0.9586
vt 0.8913 0.8970
vt 0.8978 0.9034
vt 0.8975 0.9039
vt 0.7836 0.9465
vt 0.7841 0.9412
vt 0.7846 0.9410
vt 0.8888 0.8918
vt 0.8917 0.8967
vt 0.8913 0.8970
vt 0.8957 0.9808
vt 0.8892 0.9740
vt 0.8896 0.9737
vt 0.9200 0.9580
vt 0.8954 0.9812
vt 0.7952 0.9457
vt 0.7969 0.9390
vt 0.7974 0.9391
vt 0.8850 0.9655
vt 0.8892 0.9740
vt 0.8844 0.9657
vt 0.9204 0.9496
vt 0.8897 0.8624
vt 0.8922 0.8564
vt 0.8901 0.8627
vt 0.8901 0.8627
vt 0.8918 0.8561
vt 0.9001 0.8516
vt 0.8922 0.8564
vt 0.8927 0.8569
vt 0.8259 0.9009
vt 0.8242 0.8924
vt 0.8264 0.9007
vt 0.9085 0.8504
vt 0.9005 0.8522
vt 0.9001 0.8516
vt 0.8878 0.8686
vt 0.8901 0.8627
vt 0.8882 0.8688
vt 0.8230 0.8885
vt 0.8228 0.8845
vt 0.8235 0.8885
vt 0.9124 0.8501
vt 0.9164 0.8503
vt 0.9125 0.8507
vt 0.9424 0.9850
vt 0.9337 0.9883
vt 0.9335 0.9879
vt 0.7923 0.9796
vt 0.9424 0.9850
vt 0.9472 0.9744
vt 0.9427 0.9854
vt 0.8147 0.9142
vt 0.9468 0.9742
vt 0.9482 0.9644
vt 0.9472 0.9744
vt 0.8092 0.9034
vt 0.9335 0.9879
vt 0.9477 0.9599
vt 0.9481 0.9556
vt 0.9481 0.9600
vt 0.8064 0.8890
vt 0.9254 0.9238
vt 0.9185 0.9241
vt 0.9255 0.9234
vt 0.9773 0.8972
vt 0.9668 0.8982
vt 0.9456 0.8754
vt 0.9440 0.8690
vt 0.9446 0.8688
vt 0.9435 0.8916
vt 0.9453 0.8867
vt 0.9440 0.8918
vt 0.9699 0.9219
vt 0.9691 0.9166
vt 0.9704 0.9221
vt 0.9814 0.9229
vt 0.9802 0.9169
vt 0.9819 0.9229
vt 0.9068 0.9249
vt 0.9016 0.9266
vt 0.9014 0.9261
vt 0.9448 0.8866
vt 0.9446 0.8810
vt 0.9453 0.8867
vt 0.9686 0.9165
vt 0.9450 0.8755
vt 0.9446 0.8810
vt 0.9440 0.8810
vt 0.9679 0.9107
vt 0.9797 0.9169
vt 0.9787 0.9109
vt 0.9802 0.9169
vt 0.9124 0.9249
vt 0.9070 0.9254
vt 0.9068 0.9249
vt 0.9782 0.9109
vt 0.9776 0.9044
vt 0.9787 0.9109
vt 0.9124 0.9249
vt 0.9216 0.9110
vt 0.9270 0.9096
vt 0.9217 0.9116
vt 0.7854 0.9149
vt 0.7858 0.9096
vt 0.7859 0.9149
vt 0.9268 0.9090
vt 0.9353 0.9039
vt 0.9270 0.9096
vt 0.7853 0.9096
vt 0.9350 0.9034
vt 0.9415 0.8970
vt 0.9353 0.9039
vt 0.7836 0.9013
vt 0.7816 0.8949
vt 0.7842 0.9012
vt 0.9410 0.8967
vt 0.9440 0.8918
vt 0.9415 0.8970
vt 0.9708 0.9275
vt 0.7941 0.9018
vt 0.8893 0.9370
vt 0.9836 0.9296
vt 0.9819 0.9229
vt 0.9841 0.9295
vt 0.8955 0.9298
vt 0.9016 0.9266
vt 0.8958 0.9302
vt 0.7941 0.9151
vt 0.7944 0.9101
vt 0.7946 0.9151
vt 0.8833 0.9503
vt 0.7936 0.9017
vt 0.7944 0.9101
vt 0.7939 0.9100
vt 0.8893 0.9370
vt 0.8850 0.9455
vt 0.8845 0.9453
vt 0.9401 0.8569
vt 0.9426 0.8627
vt 0.9421 0.8630
vt 0.9406 0.8564
vt 0.9431 0.8624
vt 0.9426 0.8627
vt 0.9401 0.8569
vt 0.9326 0.8516
vt 0.9406 0.8564
vt 0.9409 0.8560
vt 0.9323 0.8522
vt 0.9243 0.8504
vt 0.9326 0.8516
vt 0.8242 0.8766
vt 0.8259 0.8680
vt 0.8264 0.8682
vt 0.9421 0.8630
vt 0.9426 0.8627
vt 0.9450 0.8686
vt 0.9446 0.8688
vt 0.9790 0.8889
vt 0.9339 0.9229
vt 0.8147 0.8548
vt 0.9473 0.9369
vt 0.9425 0.9263
vt 0.9429 0.9259
vt 0.8092 0.8659
vt 0.9482 0.9469
vt 0.9469 0.9372
vt 0.9473 0.9369
vt 0.8514 0.9655
vt 0.8508 0.9653
vt 0.8506 0.9648
vt 0.4797 0.9190
vt 0.4360 0.9204
vt 0.4415 0.9227
vt 0.4363 0.9225
vt 0.4883 0.8867
vt 0.4819 0.8877
vt 0.4811 0.8852
vt 0.4624 0.8226
vt 0.4714 0.8243
vt 0.4770 0.8573
vt 0.4417 0.9207
vt 0.4498 0.9228
vt 0.4415 0.9227
vt 0.4418 0.8833
vt 0.4533 0.8853
vt 0.4421 0.8855
vt 0.4493 0.8551
vt 0.4552 0.8566
vt 0.4484 0.8576
vt 0.4335 0.8859
vt 0.4539 0.8831
vt 0.4652 0.8856
vt 0.4533 0.8853
vt 0.4620 0.8202
vt 0.4522 0.8205
vt 0.4529 0.8177
vt 0.4751 0.8862
vt 0.4594 0.9193
vt 0.4692 0.9204
vt 0.4589 0.9217
vt 0.4329 0.8585
vt 0.4415 0.8584
vt 0.4335 0.8604
vt 0.4659 0.8832
vt 0.4751 0.8862
vt 0.4652 0.8856
vt 0.4887 0.8890
vt 0.4652 0.8568
vt 0.4429 0.8160
vt 0.4522 0.8205
vt 0.4418 0.8183
vt 0.4796 0.8248
vt 0.4399 0.8161
vt 0.4418 0.8183
vt 0.4387 0.8188
vt 0.4647 0.8543
vt 0.4552 0.8566
vt 0.4556 0.8535
vt 0.4505 0.9206
vt 0.4589 0.9217
vt 0.4498 0.9228
vt 0.4788 0.9166
vt 0.4692 0.9204
vt 0.4687 0.9175
vt 0.4420 0.8561
vt 0.4484 0.8576
vt 0.4415 0.8584
vt 0.4887 0.8562
vt 0.4967 0.8594
vt 0.4882 0.8583
vt 0.4415 0.7964
vt 0.4725 0.7990
vt 0.4638 0.7988
vt 0.4724 0.7979
vt 0.4796 0.8358
vt 0.4665 0.8339
vt 0.4800 0.8340
vt 0.7648 0.6658
vt 0.4965 0.8364
vt 0.4892 0.8342
vt 0.4965 0.8347
vt 0.7477 0.7659
vt 0.4638 0.7988
vt 0.4725 0.7990
vt 0.4801 0.7971
vt 0.4803 0.7981
vt 0.4413 0.8342
vt 0.4490 0.8334
vt 0.4491 0.8349
vt 0.4339 0.8334
vt 0.4411 0.8329
vt 0.4413 0.8342
vt 0.4889 0.8361
vt 0.4803 0.7981
vt 0.4853 0.7964
vt 0.4856 0.7976
vt 0.4491 0.8349
vt 0.4816 0.8972
vt 0.4592 0.8979
vt 0.5878 0.8417
vt 0.4354 0.8630
vt 0.4429 0.8614
vt 0.4430 0.8632
vt 0.5793 0.5876
vt 0.4506 0.8975
vt 0.4431 0.8950
vt 0.4508 0.8964
vt 0.4907 0.8649
vt 0.4830 0.8635
vt 0.4909 0.8636
vt 0.4981 0.8646
vt 0.4909 0.8636
vt 0.4980 0.8634
vt 0.4430 0.8632
vt 0.4521 0.8618
vt 0.4523 0.8636
vt 0.4428 0.8960
vt 0.4380 0.8939
vt 0.4431 0.8950
vt 0.4828 0.8650
vt 0.4758 0.8633
vt 0.4830 0.8635
vt 0.1396 0.0795
vt 0.1308 0.0844
vt 0.1308 0.0793
vt 0.1309 0.0944
vt 0.1398 0.0988
vt 0.1311 0.0989
vt 0.1311 0.0989
vt 0.1400 0.1027
vt 0.1313 0.1029
vt 0.1664 0.0684
vt 0.1752 0.0716
vt 0.1664 0.0721
vt 0.1664 0.0721
vt 0.1752 0.0758
vt 0.1664 0.0764
vt 0.1664 0.0764
vt 0.1752 0.0805
vt 0.1664 0.0812
vt 0.1664 0.0812
vt 0.1752 0.0855
vt 0.1664 0.0862
vt 0.1664 0.0862
vt 0.1752 0.0905
vt 0.1664 0.0913
vt 0.1664 0.0913
vt 0.1752 0.0954
vt 0.1664 0.0963
vt 0.1664 0.0963
vt 0.1752 0.1000
vt 0.1664 0.1009
vt 0.1664 0.1009
vt 0.1752 0.1041
vt 0.1664 0.1051
vt 0.1246 0.1028
vt 0.1156 0.0989
vt 0.1243 0.0990
vt 0.1243 0.0990
vt 0.1154 0.0945
vt 0.1240 0.0946
vt 0.1240 0.0946
vt 0.1152 0.0898
vt 0.1238 0.0898
vt 0.1238 0.0898
vt 0.1151 0.0848
vt 0.1238 0.0847
vt 0.1238 0.0796
vt 0.1151 0.0797
vt 0.1238 0.0747
vt 0.1238 0.0796
vt 0.1152 0.0748
vt 0.1240 0.0700
vt 0.1238 0.0747
vt 0.1154 0.0703
vt 0.1243 0.0659
vt 0.1240 0.0700
vt 0.1489 0.1044
vt 0.1576 0.1016
vt 0.1576 0.1055
vt 0.1488 0.1006
vt 0.1576 0.0971
vt 0.1576 0.1016
vt 0.1488 0.0962
vt 0.1576 0.0922
vt 0.1576 0.0971
vt 0.1488 0.0914
vt 0.1576 0.0872
vt 0.1576 0.0922
vt 0.1488 0.0864
vt 0.1576 0.0821
vt 0.1576 0.0872
vt 0.1488 0.0814
vt 0.1576 0.0772
vt 0.1576 0.0821
vt 0.1488 0.0765
vt 0.1576 0.0727
vt 0.1576 0.0772
vt 0.1489 0.0721
vt 0.1576 0.0687
vt 0.1576 0.0727
vt 0.1400 0.0663
vt 0.1311 0.0699
vt 0.1313 0.0660
vt 0.1398 0.0702
vt 0.1309 0.0744
vt 0.1311 0.0699
vt 0.1397 0.0746
vt 0.1308 0.0793
vt 0.1309 0.0744
vt 0.1308 0.0895
vt 0.1397 0.0944
vt 0.1309 0.0944
vt 0.2303 0.1215
vt 0.1862 0.1257
vt 0.2277 0.1176
vt 0.1308 0.0844
vt 0.1396 0.0895
vt 0.1308 0.0895
vt 0.0806 0.1426
vt 0.0776 0.1485
vt 0.0760 0.1456
vt 0.0733 0.1475
vt 0.0766 0.1489
vt 0.0745 0.1498
vt 0.0753 0.1522
vt 0.0766 0.1489
vt 0.0774 0.1518
vt 0.0753 0.1522
vt 0.0777 0.1548
vt 0.0755 0.1548
vt 0.0755 0.1548
vt 0.0774 0.1577
vt 0.0753 0.1573
vt 0.0746 0.1598
vt 0.0774 0.1577
vt 0.0766 0.1606
vt 0.0746 0.1598
vt 0.0751 0.1632
vt 0.0733 0.1620
vt 0.0733 0.1620
vt 0.0733 0.1655
vt 0.0717 0.1640
vt 0.0698 0.1656
vt 0.0733 0.1655
vt 0.0710 0.1674
vt 0.0698 0.1656
vt 0.0683 0.1688
vt 0.0675 0.1668
vt 0.0675 0.1668
vt 0.0655 0.1696
vt 0.0651 0.1675
vt 0.0651 0.1675
vt 0.0626 0.1699
vt 0.0626 0.1677
vt 0.0601 0.1675
vt 0.0626 0.1699
vt 0.0597 0.1696
vt 0.0601 0.1675
vt 0.0568 0.1688
vt 0.0577 0.1668
vt 0.0577 0.1668
vt 0.0542 0.1674
vt 0.0554 0.1656
vt 0.0535 0.1641
vt 0.0542 0.1674
vt 0.0520 0.1656
vt 0.0535 0.1641
vt 0.0501 0.1634
vt 0.0518 0.1621
vt 0.0518 0.1621
vt 0.0487 0.1608
vt 0.0506 0.1599
vt 0.0506 0.1599
vt 0.0477 0.1580
vt 0.0498 0.1575
vt 0.0498 0.1575
vt 0.0474 0.1550
vt 0.0495 0.1550
vt 0.0498 0.1525
vt 0.0474 0.1550
vt 0.0476 0.1521
vt 0.0505 0.1500
vt 0.0476 0.1521
vt 0.0484 0.1492
vt 0.0516 0.1477
vt 0.0484 0.1492
vt 0.0498 0.1465
vt 0.0532 0.1457
vt 0.0498 0.1465
vt 0.0517 0.1442
vt 0.0552 0.1441
vt 0.0517 0.1442
vt 0.0539 0.1423
vt 0.0574 0.1429
vt 0.0539 0.1423
vt 0.0565 0.1409
vt 0.0574 0.1429
vt 0.0594 0.1400
vt 0.0598 0.1421
vt 0.0598 0.1421
vt 0.0623 0.1396
vt 0.0624 0.1418
vt 0.0624 0.1418
vt 0.0653 0.1399
vt 0.0649 0.1420
vt 0.0674 0.1428
vt 0.0653 0.1399
vt 0.0682 0.1407
vt 0.0715 0.1411
vt 0.0779 0.1392
vt 0.0740 0.1432
vt 0.0674 0.1428
vt 0.0709 0.1421
vt 0.0697 0.1439
vt 0.0716 0.1456
vt 0.0709 0.1421
vt 0.0732 0.1440
vt 0.0641 0.1524
vt 0.0656 0.1517
vt 0.0646 0.1528
vt 0.1659 0.1410
vt 0.1647 0.1357
vt 0.1669 0.1360
vt 0.1395 0.0845
vt 0.1417 0.0891
vt 0.1396 0.0895
vt 0.1639 0.1457
vt 0.1638 0.1403
vt 0.1659 0.1410
vt 0.1396 0.0895
vt 0.1418 0.0935
vt 0.1397 0.0944
vt 0.1611 0.1500
vt 0.1620 0.1447
vt 0.1639 0.1457
vt 0.1397 0.0944
vt 0.1420 0.0976
vt 0.1398 0.0988
vt 0.1575 0.1536
vt 0.1594 0.1486
vt 0.1611 0.1500
vt 0.1602 0.0168
vt 0.1558 0.0149
vt 0.1567 0.0133
vt 0.1533 0.1565
vt 0.1560 0.1520
vt 0.1575 0.1536
vt 0.1567 0.0133
vt 0.1520 0.0123
vt 0.1525 0.0104
vt 0.1486 0.1584
vt 0.1521 0.1546
vt 0.1533 0.1565
vt 0.1525 0.0104
vt 0.1478 0.0106
vt 0.1479 0.0085
vt 0.1436 0.1594
vt 0.1478 0.1564
vt 0.1486 0.1584
vt 0.1479 0.0085
vt 0.1433 0.0097
vt 0.1430 0.0075
vt 0.1385 0.1594
vt 0.1431 0.1574
vt 0.1436 0.1594
vt 0.1430 0.0075
vt 0.1387 0.0097
vt 0.1381 0.0075
vt 0.1644 0.0866
vt 0.1381 0.0075
vt 0.1342 0.0106
vt 0.1332 0.0085
vt 0.1644 0.0913
vt 0.1332 0.0085
vt 0.1300 0.0123
vt 0.1286 0.0104
vt 0.1245 0.1537
vt 0.1295 0.1547
vt 0.1288 0.1565
vt 0.1286 0.0104
vt 0.1262 0.0149
vt 0.1244 0.0132
vt 0.1209 0.1501
vt 0.1256 0.1521
vt 0.1245 0.1537
vt 0.1244 0.0132
vt 0.1230 0.0182
vt 0.1209 0.0168
vt 0.1181 0.1458
vt 0.1222 0.1487
vt 0.1209 0.1501
vt 0.1209 0.0168
vt 0.1205 0.0220
vt 0.1181 0.0210
vt 0.1264 0.0978
vt 0.1181 0.0210
vt 0.1187 0.0263
vt 0.1162 0.0257
vt 0.1262 0.0938
vt 0.1162 0.0257
vt 0.1178 0.0308
vt 0.1153 0.0306
vt 0.1260 0.0893
vt 0.1153 0.0306
vt 0.1178 0.0354
vt 0.1153 0.0357
vt 0.1238 0.0847
vt 0.1260 0.0799
vt 0.1260 0.0846
vt 0.1162 0.0406
vt 0.1178 0.0354
vt 0.1187 0.0400
vt 0.1238 0.0796
vt 0.1260 0.0753
vt 0.1260 0.0799
vt 0.1181 0.0453
vt 0.1187 0.0400
vt 0.1205 0.0443
vt 0.1238 0.0747
vt 0.1262 0.0710
vt 0.1260 0.0753
vt 0.1209 0.0495
vt 0.1205 0.0443
vt 0.1230 0.0481
vt 0.1240 0.0700
vt 0.1264 0.0673
vt 0.1262 0.0710
vt 0.1244 0.0531
vt 0.1230 0.0481
vt 0.1262 0.0514
vt 0.1245 0.1133
vt 0.1295 0.1121
vt 0.1256 0.1148
vt 0.1286 0.0559
vt 0.1262 0.0514
vt 0.1300 0.0540
vt 0.1576 0.1016
vt 0.1597 0.0965
vt 0.1597 0.1006
vt 0.1332 0.0578
vt 0.1300 0.0540
vt 0.1342 0.0557
vt 0.1576 0.0971
vt 0.1597 0.0920
vt 0.1597 0.0965
vt 0.1381 0.0588
vt 0.1342 0.0557
vt 0.1387 0.0566
vt 0.1576 0.0922
vt 0.1597 0.0873
vt 0.1597 0.0920
vt 0.1430 0.0588
vt 0.1387 0.0566
vt 0.1433 0.0566
vt 0.1576 0.0872
vt 0.1597 0.0826
vt 0.1597 0.0873
vt 0.1479 0.0578
vt 0.1433 0.0566
vt 0.1478 0.0557
vt 0.1576 0.0821
vt 0.1597 0.0781
vt 0.1597 0.0826
vt 0.1488 0.0765
vt 0.1468 0.0816
vt 0.1468 0.0772
vt 0.1533 0.1104
vt 0.1560 0.1147
vt 0.1521 0.1121
vt 0.1567 0.0531
vt 0.1520 0.0540
vt 0.1558 0.0514
vt 0.1575 0.1133
vt 0.1594 0.1180
vt 0.1560 0.1147
vt 0.1602 0.0495
vt 0.1558 0.0514
vt 0.1590 0.0481
vt 0.1611 0.1169
vt 0.1620 0.1220
vt 0.1594 0.1180
vt 0.1629 0.0453
vt 0.1590 0.0481
vt 0.1615 0.0443
vt 0.1639 0.1211
vt 0.1638 0.1263
vt 0.1620 0.1220
vt 0.1397 0.0746
vt 0.1420 0.0714
vt 0.1418 0.0755
vt 0.1659 0.1258
vt 0.1647 0.1310
vt 0.1638 0.1263
vt 0.1396 0.0795
vt 0.1418 0.0755
vt 0.1417 0.0799
vt 0.1669 0.1309
vt 0.1647 0.1357
vt 0.1647 0.1310
vt 0.1395 0.0845
vt 0.1417 0.0799
vt 0.1417 0.0845
vt 0.2277 0.1176
vt 0.1880 0.1214
vt 0.2244 0.1142
vt 0.0785 0.1516
vt 0.0845 0.1547
vt 0.0788 0.1548
vt 0.0785 0.1579
vt 0.0839 0.1591
vt 0.0776 0.1610
vt 0.0785 0.1579
vt 0.0776 0.1610
vt 0.0806 0.1669
vt 0.0761 0.1638
vt 0.0741 0.1663
vt 0.0779 0.1702
vt 0.0716 0.1684
vt 0.0741 0.1663
vt 0.0716 0.1684
vt 0.0708 0.1748
vt 0.0688 0.1698
vt 0.0688 0.1698
vt 0.0668 0.1761
vt 0.0657 0.1707
vt 0.0657 0.1707
vt 0.0626 0.1765
vt 0.0626 0.1710
vt 0.0595 0.1707
vt 0.0584 0.1760
vt 0.0564 0.1699
vt 0.0595 0.1707
vt 0.0564 0.1699
vt 0.0507 0.1729
vt 0.0536 0.1683
vt 0.0536 0.1683
vt 0.0474 0.1703
vt 0.0512 0.1664
vt 0.0491 0.1640
vt 0.0491 0.1640
vt 0.0426 0.1634
vt 0.0476 0.1612
vt 0.0467 0.1582
vt 0.0414 0.1594
vt 0.0462 0.1551
vt 0.0467 0.1582
vt 0.0462 0.1551
vt 0.0411 0.1509
vt 0.0465 0.1519
vt 0.0474 0.1488
vt 0.0423 0.1468
vt 0.0488 0.1459
vt 0.0474 0.1488
vt 0.0488 0.1459
vt 0.0469 0.1396
vt 0.0508 0.1434
vt 0.0508 0.1434
vt 0.0501 0.1368
vt 0.0533 0.1414
vt 0.0561 0.1398
vt 0.0561 0.1398
vt 0.0580 0.1334
vt 0.0592 0.1389
vt 0.0623 0.1385
vt 0.0623 0.1330
vt 0.0656 0.1388
vt 0.0623 0.1385
vt 0.0656 0.1388
vt 0.0707 0.1345
vt 0.0686 0.1397
vt 0.0715 0.1411
vt 0.0724 0.1481
vt 0.0695 0.1478
vt 0.0709 0.1463
vt 0.0776 0.1485
vt 0.0839 0.1504
vt 0.0785 0.1516
vt 0.0620 0.1577
vt 0.0625 0.1593
vt 0.0617 0.1592
vt 0.0525 0.1483
vt 0.0555 0.1479
vt 0.0543 0.1495
vt 0.0631 0.1577
vt 0.0625 0.1593
vt 0.0625 0.1577
vt 0.0525 0.1483
vt 0.0533 0.1512
vt 0.0515 0.1504
vt 0.0631 0.1577
vt 0.0643 0.1589
vt 0.0634 0.1592
vt 0.0508 0.1526
vt 0.0533 0.1512
vt 0.0528 0.1530
vt 0.0641 0.1572
vt 0.0643 0.1589
vt 0.0636 0.1575
vt 0.0506 0.1550
vt 0.0528 0.1530
vt 0.0527 0.1549
vt 0.0646 0.1569
vt 0.0650 0.1585
vt 0.0641 0.1572
vt 0.0506 0.1550
vt 0.0529 0.1569
vt 0.0509 0.1573
vt 0.0649 0.1564
vt 0.0657 0.1580
vt 0.0646 0.1569
vt 0.0516 0.1595
vt 0.0529 0.1569
vt 0.0535 0.1587
vt 0.0652 0.1559
vt 0.0662 0.1573
vt 0.0649 0.1564
vt 0.0652 0.1537
vt 0.0662 0.1523
vt 0.0666 0.1531
vt 0.0527 0.1615
vt 0.0535 0.1587
vt 0.0544 0.1604
vt 0.0652 0.1559
vt 0.0669 0.1557
vt 0.0666 0.1565
vt 0.0716 0.1456
vt 0.0751 0.1463
vt 0.0733 0.1475
vt 0.0542 0.1633
vt 0.0544 0.1604
vt 0.0557 0.1618
vt 0.0654 0.1548
vt 0.0669 0.1557
vt 0.0654 0.1554
vt 0.0641 0.1524
vt 0.0642 0.1507
vt 0.0650 0.1511
vt 0.0542 0.1633
vt 0.0571 0.1631
vt 0.0560 0.1647
vt 0.0654 0.1548
vt 0.0669 0.1539
vt 0.0669 0.1548
vt 0.0636 0.1522
vt 0.0634 0.1505
vt 0.0642 0.1507
vt 0.0581 0.1658
vt 0.0571 0.1631
vt 0.0588 0.1639
vt 0.0652 0.1537
vt 0.0669 0.1539
vt 0.0654 0.1543
vt 0.0631 0.1520
vt 0.0625 0.1504
vt 0.0634 0.1505
vt 0.0581 0.1658
vt 0.0607 0.1645
vt 0.0603 0.1665
vt 0.0625 0.1519
vt 0.0616 0.1505
vt 0.0625 0.1504
vt 0.0603 0.1665
vt 0.0626 0.1647
vt 0.0626 0.1667
vt 0.0619 0.1520
vt 0.0608 0.1507
vt 0.0616 0.1505
vt 0.0649 0.1665
vt 0.0626 0.1647
vt 0.0645 0.1645
vt 0.0656 0.1517
vt 0.0707 0.1493
vt 0.0662 0.1523
vt 0.0716 0.1510
vt 0.0669 0.1539
vt 0.0716 0.1510
vt 0.0722 0.1528
vt 0.0724 0.1548
vt 0.0669 0.1557
vt 0.0724 0.1548
vt 0.0722 0.1567
vt 0.0716 0.1586
vt 0.0666 0.1565
vt 0.0708 0.1603
vt 0.0662 0.1573
vt 0.0657 0.1580
vt 0.0708 0.1603
vt 0.0695 0.1618
vt 0.0650 0.1585
vt 0.0695 0.1618
vt 0.0680 0.1630
vt 0.0650 0.1585
vt 0.0663 0.1639
vt 0.0643 0.1589
vt 0.0634 0.1592
vt 0.0663 0.1639
vt 0.0645 0.1645
vt 0.0625 0.1593
vt 0.0617 0.1592
vt 0.0626 0.1647
vt 0.0607 0.1645
vt 0.0617 0.1592
vt 0.0588 0.1639
vt 0.0608 0.1589
vt 0.0601 0.1585
vt 0.0594 0.1580
vt 0.0571 0.1631
vt 0.0557 0.1618
vt 0.0594 0.1580
vt 0.0544 0.1604
vt 0.0589 0.1573
vt 0.0589 0.1573
vt 0.0535 0.1587
vt 0.0584 0.1566
vt 0.0581 0.1557
vt 0.0581 0.1557
vt 0.0527 0.1549
vt 0.0581 0.1549
vt 0.0581 0.1540
vt 0.0584 0.1532
vt 0.0584 0.1532
vt 0.0543 0.1495
vt 0.0588 0.1524
vt 0.0593 0.1517
vt 0.0600 0.1511
vt 0.0555 0.1479
vt 0.0569 0.1466
vt 0.0608 0.1507
vt 0.0569 0.1466
vt 0.0586 0.1457
vt 0.0605 0.1452
vt 0.0624 0.1450
vt 0.0634 0.1505
vt 0.0624 0.1450
vt 0.0644 0.1451
vt 0.0642 0.1507
vt 0.0644 0.1451
vt 0.0662 0.1457
vt 0.0679 0.1466
vt 0.0656 0.1517
vt 0.0679 0.1466
vt 0.0695 0.1478
vt 0.0540 0.1465
vt 0.0614 0.1575
vt 0.0578 0.1439
vt 0.0569 0.1466
vt 0.0558 0.1450
vt 0.0614 0.1575
vt 0.0601 0.1585
vt 0.0609 0.1572
vt 0.0601 0.1431
vt 0.0586 0.1457
vt 0.0578 0.1439
vt 0.0605 0.1569
vt 0.0601 0.1585
vt 0.0594 0.1580
vt 0.0624 0.1429
vt 0.0605 0.1452
vt 0.0601 0.1431
vt 0.0691 0.1448
vt 0.0601 0.1565
vt 0.0647 0.1431
vt 0.0624 0.1450
vt 0.0624 0.1429
vt 0.0735 0.1502
vt 0.0601 0.1565
vt 0.0584 0.1566
vt 0.0598 0.1560
vt 0.0670 0.1438
vt 0.0644 0.1451
vt 0.0647 0.1431
vt 0.0745 0.1548
vt 0.0722 0.1528
vt 0.0742 0.1524
vt 0.0598 0.1560
vt 0.0581 0.1557
vt 0.0597 0.1554
vt 0.0691 0.1448
vt 0.0662 0.1457
vt 0.0670 0.1438
vt 0.0745 0.1548
vt 0.0596 0.1549
vt 0.0736 0.1594
vt 0.0722 0.1567
vt 0.0742 0.1571
vt 0.0596 0.1549
vt 0.0581 0.1540
vt 0.0597 0.1543
vt 0.0735 0.1502
vt 0.0707 0.1493
vt 0.0724 0.1481
vt 0.0736 0.1594
vt 0.0708 0.1603
vt 0.0716 0.1586
vt 0.0598 0.1538
vt 0.0581 0.1540
vt 0.0584 0.1532
vt 0.0710 0.1632
vt 0.0708 0.1603
vt 0.0724 0.1614
vt 0.0601 0.1532
vt 0.0710 0.1632
vt 0.0601 0.1532
vt 0.0593 0.1517
vt 0.0605 0.1528
vt 0.0671 0.1658
vt 0.0680 0.1630
vt 0.0692 0.1647
vt 0.0605 0.1528
vt 0.0600 0.1511
vt 0.0609 0.1525
vt 0.0671 0.1658
vt 0.0614 0.1522
vt 0.0600 0.1511
vt 0.0608 0.1507
vt 0.0740 0.1432
vt 0.0751 0.1463
vt 0.0732 0.1440
vt 0.0751 0.1463
vt 0.0766 0.1489
vt 0.0785 0.1516
vt 0.0777 0.1548
vt 0.0774 0.1518
vt 0.0777 0.1548
vt 0.0785 0.1579
vt 0.0766 0.1606
vt 0.0761 0.1638
vt 0.0733 0.1655
vt 0.0751 0.1632
vt 0.0733 0.1655
vt 0.0710 0.1674
vt 0.0683 0.1688
vt 0.0655 0.1696
vt 0.0626 0.1710
vt 0.0595 0.1707
vt 0.0568 0.1688
vt 0.0597 0.1696
vt 0.0564 0.1699
vt 0.0542 0.1674
vt 0.0568 0.1688
vt 0.0536 0.1683
vt 0.0512 0.1664
vt 0.0501 0.1634
vt 0.0520 0.1656
vt 0.0501 0.1634
vt 0.0487 0.1608
vt 0.0467 0.1582
vt 0.0474 0.1550
vt 0.0477 0.1580
vt 0.0474 0.1550
vt 0.0465 0.1519
vt 0.0474 0.1488
vt 0.0498 0.1465
vt 0.0517 0.1442
vt 0.0533 0.1414
vt 0.0561 0.1398
vt 0.0594 0.1400
vt 0.0565 0.1409
vt 0.0592 0.1389
vt 0.0623 0.1396
vt 0.0594 0.1400
vt 0.0623 0.1385
vt 0.0653 0.1399
vt 0.0623 0.1396
vt 0.0656 0.1388
vt 0.0686 0.1397
vt 0.0709 0.1421
vt 0.0682 0.1407
vt 0.0709 0.1421
vt 0.0716 0.1456
vt 0.0724 0.1481
vt 0.0745 0.1498
vt 0.0742 0.1524
vt 0.0735 0.1502
vt 0.0742 0.1524
vt 0.0745 0.1548
vt 0.0753 0.1573
vt 0.0746 0.1598
vt 0.0724 0.1614
vt 0.0736 0.1594
vt 0.0733 0.1620
vt 0.0717 0.1640
vt 0.0692 0.1647
vt 0.0710 0.1632
vt 0.0698 0.1656
vt 0.0675 0.1668
vt 0.0649 0.1665
vt 0.0671 0.1658
vt 0.0651 0.1675
vt 0.0626 0.1667
vt 0.0649 0.1665
vt 0.0601 0.1675
vt 0.0626 0.1667
vt 0.0626 0.1677
vt 0.0603 0.1665
vt 0.0577 0.1668
vt 0.0560 0.1647
vt 0.0581 0.1658
vt 0.0535 0.1641
vt 0.0560 0.1647
vt 0.0554 0.1656
vt 0.0542 0.1633
vt 0.0527 0.1615
vt 0.0516 0.1595
vt 0.0509 0.1573
vt 0.0495 0.1550
vt 0.0508 0.1526
vt 0.0506 0.1550
vt 0.0505 0.1500
vt 0.0508 0.1526
vt 0.0498 0.1525
vt 0.0516 0.1477
vt 0.0515 0.1504
vt 0.0505 0.1500
vt 0.0516 0.1477
vt 0.0540 0.1465
vt 0.0525 0.1483
vt 0.0532 0.1457
vt 0.0558 0.1450
vt 0.0540 0.1465
vt 0.0574 0.1429
vt 0.0558 0.1450
vt 0.0552 0.1441
vt 0.0578 0.1439
vt 0.0598 0.1421
vt 0.0624 0.1429
vt 0.0649 0.1420
vt 0.0670 0.1438
vt 0.0697 0.1439
vt 0.0709 0.1463
vt 0.0691 0.1448
vt 0.0649 0.1532
vt 0.0642 0.1532
vt 0.0646 0.1528
vt 0.0652 0.1537
vt 0.0645 0.1535
vt 0.0649 0.1532
vt 0.0652 0.1537
vt 0.0648 0.1544
vt 0.0647 0.1539
vt 0.0654 0.1548
vt 0.0648 0.1544
vt 0.0654 0.1543
vt 0.0654 0.1548
vt 0.0648 0.1553
vt 0.0649 0.1548
vt 0.0652 0.1559
vt 0.0648 0.1553
vt 0.0654 0.1554
vt 0.0652 0.1559
vt 0.0645 0.1561
vt 0.0647 0.1557
vt 0.0645 0.1561
vt 0.0646 0.1569
vt 0.0638 0.1568
vt 0.0642 0.1565
vt 0.0638 0.1568
vt 0.0631 0.1577
vt 0.0634 0.1570
vt 0.0636 0.1575
vt 0.0631 0.1577
vt 0.0625 0.1572
vt 0.0630 0.1571
vt 0.0620 0.1577
vt 0.0625 0.1572
vt 0.0625 0.1577
vt 0.0614 0.1575
vt 0.0621 0.1571
vt 0.0620 0.1577
vt 0.0614 0.1575
vt 0.0612 0.1568
vt 0.0616 0.1570
vt 0.0605 0.1569
vt 0.0612 0.1568
vt 0.0609 0.1572
vt 0.0605 0.1569
vt 0.0606 0.1561
vt 0.0609 0.1565
vt 0.0606 0.1561
vt 0.0598 0.1560
vt 0.0602 0.1553
vt 0.0604 0.1557
vt 0.0596 0.1549
vt 0.0602 0.1553
vt 0.0597 0.1554
vt 0.0596 0.1549
vt 0.0602 0.1544
vt 0.0602 0.1549
vt 0.0597 0.1543
vt 0.0603 0.1540
vt 0.0602 0.1544
vt 0.0601 0.1532
vt 0.0603 0.1540
vt 0.0598 0.1538
vt 0.0601 0.1532
vt 0.0609 0.1532
vt 0.0606 0.1536
vt 0.0605 0.1528
vt 0.0612 0.1529
vt 0.0609 0.1532
vt 0.0614 0.1522
vt 0.0612 0.1529
vt 0.0609 0.1525
vt 0.0614 0.1522
vt 0.0621 0.1526
vt 0.0616 0.1527
vt 0.0619 0.1520
vt 0.0625 0.1525
vt 0.0621 0.1526
vt 0.0631 0.1520
vt 0.0625 0.1525
vt 0.0625 0.1519
vt 0.0631 0.1520
vt 0.0634 0.1527
vt 0.0630 0.1525
vt 0.0641 0.1524
vt 0.0634 0.1527
vt 0.0636 0.1522
vt 0.0641 0.1524
vt 0.0642 0.1532
vt 0.0638 0.1529
vt 0.0649 0.1532
vt 0.0779 0.1392
vt 0.0997 0.1297
vt 0.0806 0.1426
vt 0.0827 0.1463
vt 0.0997 0.1297
vt 0.1031 0.1378
vt 0.0827 0.1463
vt 0.1065 0.1459
vt 0.0839 0.1504
vt 0.0845 0.1547
vt 0.1065 0.1459
vt 0.1065 0.1547
vt 0.0845 0.1547
vt 0.1065 0.1636
vt 0.0839 0.1591
vt 0.0827 0.1632
vt 0.1065 0.1636
vt 0.1031 0.1717
vt 0.0827 0.1632
vt 0.0997 0.1798
vt 0.0806 0.1669
vt 0.0779 0.1702
vt 0.0997 0.1798
vt 0.0934 0.1860
vt 0.0779 0.1702
vt 0.0872 0.1922
vt 0.0745 0.1728
vt 0.0708 0.1748
vt 0.0872 0.1922
vt 0.0790 0.1955
vt 0.0668 0.1761
vt 0.0790 0.1955
vt 0.0706 0.1971
vt 0.0626 0.1765
vt 0.0706 0.1971
vt 0.0624 0.1971
vt 0.0626 0.1765
vt 0.0542 0.1971
vt 0.0584 0.1760
vt 0.0544 0.1748
vt 0.0542 0.1971
vt 0.0465 0.1939
vt 0.0544 0.1748
vt 0.0389 0.1908
vt 0.0507 0.1729
vt 0.0474 0.1703
vt 0.0389 0.1908
vt 0.0331 0.1850
vt 0.0474 0.1703
vt 0.0273 0.1793
vt 0.0447 0.1671
vt 0.0447 0.1671
vt 0.0226 0.1723
vt 0.0426 0.1634
vt 0.0426 0.1634
vt 0.0192 0.1643
vt 0.0414 0.1594
vt 0.0408 0.1552
vt 0.0192 0.1643
vt 0.0192 0.1556
vt 0.0408 0.1552
vt 0.0192 0.1471
vt 0.0411 0.1509
vt 0.0411 0.1509
vt 0.0208 0.1384
vt 0.0423 0.1468
vt 0.0423 0.1468
vt 0.0243 0.1300
vt 0.0443 0.1430
vt 0.0469 0.1396
vt 0.0243 0.1300
vt 0.0307 0.1235
vt 0.0501 0.1368
vt 0.0307 0.1235
vt 0.0380 0.1187
vt 0.0501 0.1368
vt 0.0452 0.1139
vt 0.0540 0.1348
vt 0.0580 0.1334
vt 0.0452 0.1139
vt 0.0537 0.1122
vt 0.0580 0.1334
vt 0.0621 0.1105
vt 0.0623 0.1330
vt 0.0666 0.1334
vt 0.0621 0.1105
vt 0.0706 0.1122
vt 0.0666 0.1334
vt 0.0789 0.1138
vt 0.0707 0.1345
vt 0.0707 0.1345
vt 0.0872 0.1172
vt 0.0745 0.1366
vt 0.0779 0.1392
vt 0.0872 0.1172
vt 0.0935 0.1234
vt 0.0760 0.1456
vt 0.2118 0.0858
vt 0.2205 0.0907
vt 0.2119 0.0909
vt 0.2121 0.0758
vt 0.2210 0.0714
vt 0.2207 0.0759
vt 0.2124 0.0713
vt 0.2214 0.0675
vt 0.2210 0.0714
vt 0.2273 0.1046
vt 0.2360 0.1014
vt 0.2360 0.1051
vt 0.2273 0.1009
vt 0.2360 0.0972
vt 0.2360 0.1014
vt 0.2273 0.0965
vt 0.2360 0.0925
vt 0.2360 0.0972
vt 0.2273 0.0918
vt 0.2360 0.0875
vt 0.2360 0.0925
vt 0.2273 0.0867
vt 0.2360 0.0825
vt 0.2360 0.0875
vt 0.2273 0.0817
vt 0.2360 0.0776
vt 0.2360 0.0825
vt 0.2273 0.0767
vt 0.2360 0.0730
vt 0.2360 0.0776
vt 0.2273 0.0720
vt 0.2360 0.0689
vt 0.2360 0.0730
vt 0.1905 0.0661
vt 0.1815 0.0701
vt 0.1819 0.0663
vt 0.1901 0.0699
vt 0.1812 0.0744
vt 0.1815 0.0701
vt 0.1898 0.0743
vt 0.1810 0.0792
vt 0.1812 0.0744
vt 0.1896 0.0792
vt 0.1809 0.0842
vt 0.1810 0.0792
vt 0.1895 0.0893
vt 0.1809 0.0842
vt 0.1895 0.0842
vt 0.1896 0.0943
vt 0.1809 0.0892
vt 0.1895 0.0893
vt 0.1898 0.0989
vt 0.1810 0.0941
vt 0.1896 0.0943
vt 0.1901 0.1030
vt 0.1812 0.0987
vt 0.1898 0.0989
vt 0.2065 0.0703
vt 0.1977 0.0674
vt 0.2065 0.0664
vt 0.2064 0.0748
vt 0.1977 0.0713
vt 0.2065 0.0703
vt 0.2064 0.0796
vt 0.1977 0.0757
vt 0.2064 0.0748
vt 0.2064 0.0847
vt 0.1977 0.0805
vt 0.2064 0.0796
vt 0.2064 0.0898
vt 0.1977 0.0855
vt 0.2064 0.0847
vt 0.2064 0.0947
vt 0.1977 0.0905
vt 0.2064 0.0898
vt 0.2065 0.0992
vt 0.1977 0.0953
vt 0.2064 0.0947
vt 0.2065 0.1032
vt 0.1977 0.0998
vt 0.2065 0.0992
vt 0.2124 0.1003
vt 0.2214 0.1039
vt 0.2127 0.1043
vt 0.2121 0.0958
vt 0.2210 0.1000
vt 0.2124 0.1003
vt 0.2119 0.0909
vt 0.2207 0.0956
vt 0.2121 0.0958
vt 0.2119 0.0807
vt 0.2207 0.0759
vt 0.2205 0.0807
vt 0.1633 0.0400
vt 0.2118 0.0858
vt 0.2205 0.0807
vt 0.2205 0.0857
vt 0.0478 0.0604
vt 0.0448 0.0546
vt 0.0493 0.0576
vt 0.0488 0.0608
vt 0.0521 0.0595
vt 0.0508 0.0617
vt 0.0501 0.0641
vt 0.0477 0.0667
vt 0.0501 0.0641
vt 0.0498 0.0667
vt 0.0479 0.0696
vt 0.0498 0.0667
vt 0.0500 0.0692
vt 0.0507 0.0716
vt 0.0501 0.0751
vt 0.0507 0.0716
vt 0.0519 0.0739
vt 0.0520 0.0774
vt 0.0519 0.0739
vt 0.0535 0.0759
vt 0.0555 0.0775
vt 0.0568 0.0807
vt 0.0555 0.0775
vt 0.0577 0.0787
vt 0.0597 0.0816
vt 0.0577 0.0787
vt 0.0601 0.0795
vt 0.0626 0.0819
vt 0.0601 0.0795
vt 0.0626 0.0797
vt 0.0651 0.0795
vt 0.0683 0.0809
vt 0.0651 0.0795
vt 0.0676 0.0789
vt 0.0710 0.0795
vt 0.0676 0.0789
vt 0.0698 0.0777
vt 0.0718 0.0761
vt 0.0752 0.0755
vt 0.0718 0.0761
vt 0.0734 0.0742
vt 0.0767 0.0729
vt 0.0734 0.0742
vt 0.0747 0.0720
vt 0.0776 0.0701
vt 0.0747 0.0720
vt 0.0755 0.0696
vt 0.0780 0.0671
vt 0.0755 0.0696
vt 0.0758 0.0671
vt 0.0756 0.0645
vt 0.0749 0.0620
vt 0.0777 0.0641
vt 0.0756 0.0645
vt 0.0738 0.0598
vt 0.0769 0.0612
vt 0.0749 0.0620
vt 0.0721 0.0578
vt 0.0756 0.0586
vt 0.0738 0.0598
vt 0.0714 0.0543
vt 0.0721 0.0578
vt 0.0702 0.0561
vt 0.0680 0.0549
vt 0.0660 0.0520
vt 0.0680 0.0549
vt 0.0655 0.0541
vt 0.0630 0.0516
vt 0.0655 0.0541
vt 0.0630 0.0538
vt 0.0600 0.0518
vt 0.0630 0.0538
vt 0.0604 0.0540
vt 0.0580 0.0547
vt 0.0539 0.0531
vt 0.0475 0.0512
vt 0.0509 0.0486
vt 0.0545 0.0541
vt 0.0580 0.0547
vt 0.0557 0.0559
vt 0.0537 0.0575
vt 0.0597 0.0636
vt 0.0612 0.0644
vt 0.0608 0.0648
vt 0.1853 0.1351
vt 0.1840 0.1404
vt 0.1830 0.1354
vt 0.2228 0.0811
vt 0.1862 0.1397
vt 0.1860 0.1451
vt 0.1840 0.1404
vt 0.2230 0.0767
vt 0.1880 0.1441
vt 0.1888 0.1494
vt 0.1860 0.1451
vt 0.2232 0.0726
vt 0.1906 0.1480
vt 0.1924 0.1530
vt 0.1888 0.1494
vt 0.2236 0.0690
vt 0.1939 0.1514
vt 0.1966 0.1559
vt 0.1924 0.1530
vt 0.2182 0.0563
vt 0.2229 0.0553
vt 0.2187 0.0582
vt 0.1978 0.1540
vt 0.2013 0.1579
vt 0.1966 0.1559
vt 0.2140 0.0581
vt 0.2187 0.0582
vt 0.2141 0.0601
vt 0.2022 0.1558
vt 0.2063 0.1589
vt 0.2013 0.1579
vt 0.2096 0.0590
vt 0.2141 0.0601
vt 0.2093 0.0611
vt 0.2068 0.1568
vt 0.2114 0.1589
vt 0.2063 0.1589
vt 0.2050 0.0590
vt 0.2093 0.0611
vt 0.2043 0.0611
vt 0.2252 0.0864
vt 0.2273 0.0817
vt 0.2273 0.0867
vt 0.2006 0.0581
vt 0.2043 0.0611
vt 0.1994 0.0601
vt 0.2252 0.0817
vt 0.2273 0.0767
vt 0.2273 0.0817
vt 0.1964 0.0563
vt 0.1994 0.0601
vt 0.1949 0.0582
vt 0.2205 0.1541
vt 0.2254 0.1531
vt 0.2211 0.1560
vt 0.1926 0.0538
vt 0.1949 0.0582
vt 0.1907 0.0554
vt 0.2244 0.1515
vt 0.2290 0.1495
vt 0.2254 0.1531
vt 0.1894 0.0505
vt 0.1907 0.0554
vt 0.1872 0.0518
vt 0.2277 0.1482
vt 0.2318 0.1453
vt 0.2290 0.1495
vt 0.1868 0.0467
vt 0.1872 0.0518
vt 0.1845 0.0476
vt 0.1923 0.0711
vt 0.1898 0.0743
vt 0.1901 0.0699
vt 0.1851 0.0424
vt 0.1845 0.0476
vt 0.1826 0.0430
vt 0.1920 0.0752
vt 0.1896 0.0792
vt 0.1898 0.0743
vt 0.1842 0.0378
vt 0.1826 0.0430
vt 0.1816 0.0380
vt 0.1919 0.0796
vt 0.1895 0.0842
vt 0.1896 0.0792
vt 0.1842 0.0332
vt 0.1816 0.0380
vt 0.1816 0.0330
vt 0.1918 0.0891
vt 0.1826 0.0280
vt 0.1919 0.0936
vt 0.1845 0.0234
vt 0.1851 0.0287
vt 0.1826 0.0280
vt 0.1920 0.0979
vt 0.1872 0.0192
vt 0.1868 0.0244
vt 0.1845 0.0234
vt 0.1923 0.1017
vt 0.1907 0.0156
vt 0.1894 0.0205
vt 0.1872 0.0192
vt 0.2254 0.1128
vt 0.2205 0.1116
vt 0.2211 0.1099
vt 0.1949 0.0128
vt 0.1926 0.0173
vt 0.1907 0.0156
vt 0.2085 0.0753
vt 0.1994 0.0108
vt 0.1964 0.0147
vt 0.1949 0.0128
vt 0.2085 0.0798
vt 0.2043 0.0098
vt 0.2006 0.0129
vt 0.1994 0.0108
vt 0.2085 0.0845
vt 0.2093 0.0098
vt 0.2050 0.0120
vt 0.2043 0.0098
vt 0.2085 0.0892
vt 0.2141 0.0108
vt 0.2096 0.0120
vt 0.2093 0.0098
vt 0.2085 0.0937
vt 0.1977 0.0953
vt 0.1956 0.0903
vt 0.1977 0.0905
vt 0.1966 0.1099
vt 0.1939 0.1141
vt 0.1924 0.1127
vt 0.2229 0.0155
vt 0.2182 0.0147
vt 0.2187 0.0127
vt 0.1924 0.1127
vt 0.1906 0.1174
vt 0.1888 0.1163
vt 0.2264 0.0191
vt 0.2220 0.0172
vt 0.2229 0.0155
vt 0.1888 0.1163
vt 0.1880 0.1214
vt 0.1860 0.1205
vt 0.2210 0.1000
vt 0.2236 0.1024
vt 0.2214 0.1039
vt 0.1860 0.1205
vt 0.1862 0.1257
vt 0.1840 0.1253
vt 0.2207 0.0956
vt 0.2232 0.0988
vt 0.2210 0.1000
vt 0.1840 0.1253
vt 0.1853 0.1303
vt 0.1830 0.1303
vt 0.2205 0.0907
vt 0.2230 0.0947
vt 0.2207 0.0956
vt 0.1830 0.1303
vt 0.2205 0.0857
vt 0.2228 0.0903
vt 0.2205 0.0907
vt 0.1620 0.1447
vt 0.1178 0.1404
vt 0.1169 0.1358
vt 0.0468 0.0635
vt 0.0409 0.0666
vt 0.0415 0.0623
vt 0.0468 0.0698
vt 0.0409 0.0666
vt 0.0465 0.0666
vt 0.0477 0.0729
vt 0.0415 0.0709
vt 0.0468 0.0698
vt 0.0477 0.0729
vt 0.0446 0.0787
vt 0.0426 0.0750
vt 0.0512 0.0782
vt 0.0446 0.0787
vt 0.0492 0.0757
vt 0.0536 0.0802
vt 0.0473 0.0820
vt 0.0512 0.0782
vt 0.0536 0.0802
vt 0.0542 0.0867
vt 0.0506 0.0846
vt 0.0564 0.0817
vt 0.0583 0.0880
vt 0.0542 0.0867
vt 0.0594 0.0827
vt 0.0625 0.0885
vt 0.0583 0.0880
vt 0.0657 0.0828
vt 0.0625 0.0885
vt 0.0626 0.0830
vt 0.0688 0.0819
vt 0.0667 0.0880
vt 0.0657 0.0828
vt 0.0688 0.0819
vt 0.0744 0.0850
vt 0.0707 0.0869
vt 0.0716 0.0805
vt 0.0779 0.0825
vt 0.0744 0.0850
vt 0.0761 0.0761
vt 0.0779 0.0825
vt 0.0740 0.0785
vt 0.0761 0.0761
vt 0.0827 0.0755
vt 0.0806 0.0792
vt 0.0787 0.0703
vt 0.0827 0.0755
vt 0.0777 0.0733
vt 0.0791 0.0671
vt 0.0840 0.0715
vt 0.0787 0.0703
vt 0.0791 0.0671
vt 0.0843 0.0630
vt 0.0846 0.0673
vt 0.0780 0.0608
vt 0.0843 0.0630
vt 0.0788 0.0639
vt 0.0766 0.0579
vt 0.0831 0.0588
vt 0.0780 0.0608
vt 0.0766 0.0579
vt 0.0785 0.0516
vt 0.0811 0.0550
vt 0.0745 0.0554
vt 0.0753 0.0487
vt 0.0785 0.0516
vt 0.0693 0.0519
vt 0.0753 0.0487
vt 0.0720 0.0534
vt 0.0662 0.0509
vt 0.0714 0.0467
vt 0.0693 0.0519
vt 0.0630 0.0505
vt 0.0673 0.0454
vt 0.0662 0.0509
vt 0.0598 0.0507
vt 0.0630 0.0450
vt 0.0630 0.0505
vt 0.0598 0.0507
vt 0.0547 0.0465
vt 0.0588 0.0453
vt 0.0539 0.0531
vt 0.0547 0.0465
vt 0.0567 0.0517
vt 0.0559 0.0597
vt 0.0530 0.0601
vt 0.0545 0.0583
vt 0.0478 0.0604
vt 0.0415 0.0623
vt 0.0427 0.0583
vt 0.0633 0.0697
vt 0.0627 0.0713
vt 0.0628 0.0697
vt 0.0729 0.0603
vt 0.0699 0.0599
vt 0.0714 0.0585
vt 0.0622 0.0696
vt 0.0720 0.0632
vt 0.0729 0.0603
vt 0.0739 0.0624
vt 0.0622 0.0696
vt 0.0610 0.0709
vt 0.0617 0.0695
vt 0.0745 0.0647
vt 0.0612 0.0692
vt 0.0747 0.0670
vt 0.0725 0.0651
vt 0.0745 0.0647
vt 0.0612 0.0692
vt 0.0596 0.0699
vt 0.0607 0.0688
vt 0.0725 0.0689
vt 0.0747 0.0670
vt 0.0744 0.0693
vt 0.0604 0.0684
vt 0.0737 0.0716
vt 0.0591 0.0692
vt 0.0601 0.0679
vt 0.0604 0.0684
vt 0.0601 0.0657
vt 0.0591 0.0643
vt 0.0604 0.0652
vt 0.0726 0.0736
vt 0.0718 0.0707
vt 0.0737 0.0716
vt 0.0601 0.0679
vt 0.0584 0.0676
vt 0.0599 0.0673
vt 0.0503 0.0582
vt 0.0537 0.0575
vt 0.0521 0.0595
vt 0.0711 0.0754
vt 0.0709 0.0724
vt 0.0726 0.0736
vt 0.0599 0.0668
vt 0.0612 0.0644
vt 0.0611 0.0627
vt 0.0617 0.0641
vt 0.0681 0.0751
vt 0.0711 0.0754
vt 0.0692 0.0768
vt 0.0599 0.0668
vt 0.0584 0.0659
vt 0.0600 0.0662
vt 0.0617 0.0641
vt 0.0620 0.0625
vt 0.0623 0.0640
vt 0.0672 0.0779
vt 0.0601 0.0657
vt 0.0623 0.0640
vt 0.0628 0.0624
vt 0.0628 0.0639
vt 0.0646 0.0765
vt 0.0672 0.0779
vt 0.0649 0.0785
vt 0.1169 0.1311
vt 0.1647 0.1357
vt 0.1638 0.1403
vt 0.0628 0.0639
vt 0.0637 0.0625
vt 0.0634 0.0640
vt 0.0627 0.0767
vt 0.0649 0.0785
vt 0.0626 0.0787
vt 0.0634 0.0640
vt 0.0646 0.0627
vt 0.0639 0.0642
vt 0.0603 0.0784
vt 0.0547 0.0612
vt 0.0597 0.0636
vt 0.0591 0.0643
vt 0.0538 0.0629
vt 0.0591 0.0643
vt 0.0587 0.0651
vt 0.0584 0.0659
vt 0.0530 0.0667
vt 0.0584 0.0659
vt 0.0584 0.0668
vt 0.0584 0.0676
vt 0.0537 0.0705
vt 0.0584 0.0676
vt 0.0587 0.0685
vt 0.0545 0.0722
vt 0.0587 0.0685
vt 0.0591 0.0692
vt 0.0596 0.0699
vt 0.0603 0.0705
vt 0.0558 0.0737
vt 0.0596 0.0699
vt 0.0589 0.0758
vt 0.0603 0.0705
vt 0.0610 0.0709
vt 0.0619 0.0712
vt 0.0627 0.0713
vt 0.0607 0.0764
vt 0.0619 0.0712
vt 0.0636 0.0712
vt 0.0627 0.0767
vt 0.0627 0.0713
vt 0.0664 0.0759
vt 0.0636 0.0712
vt 0.0644 0.0709
vt 0.0652 0.0706
vt 0.0659 0.0700
vt 0.0681 0.0751
vt 0.0652 0.0706
vt 0.0709 0.0724
vt 0.0659 0.0700
vt 0.0664 0.0693
vt 0.0718 0.0707
vt 0.0664 0.0693
vt 0.0669 0.0686
vt 0.0672 0.0678
vt 0.0726 0.0670
vt 0.0672 0.0678
vt 0.0672 0.0669
vt 0.0672 0.0660
vt 0.0669 0.0652
vt 0.0725 0.0651
vt 0.0672 0.0660
vt 0.0711 0.0615
vt 0.0669 0.0652
vt 0.0665 0.0644
vt 0.0660 0.0637
vt 0.0653 0.0631
vt 0.0699 0.0599
vt 0.0660 0.0637
vt 0.0646 0.0627
vt 0.0684 0.0587
vt 0.0653 0.0631
vt 0.0649 0.0572
vt 0.0646 0.0627
vt 0.0637 0.0625
vt 0.0629 0.0569
vt 0.0637 0.0625
vt 0.0628 0.0624
vt 0.0620 0.0625
vt 0.0611 0.0627
vt 0.0610 0.0571
vt 0.0620 0.0625
vt 0.0574 0.0586
vt 0.0611 0.0627
vt 0.0604 0.0631
vt 0.0597 0.0636
vt 0.0714 0.0585
vt 0.0684 0.0587
vt 0.0696 0.0570
vt 0.0639 0.0695
vt 0.0636 0.0712
vt 0.0633 0.0697
vt 0.0675 0.0559
vt 0.0652 0.0706
vt 0.0639 0.0695
vt 0.0644 0.0692
vt 0.0667 0.0577
vt 0.0653 0.0551
vt 0.0675 0.0559
vt 0.0648 0.0689
vt 0.0649 0.0572
vt 0.0630 0.0549
vt 0.0653 0.0551
vt 0.0563 0.0568
vt 0.0652 0.0685
vt 0.0659 0.0700
vt 0.0648 0.0689
vt 0.0629 0.0569
vt 0.0606 0.0551
vt 0.0630 0.0549
vt 0.0518 0.0621
vt 0.0531 0.0648
vt 0.0511 0.0644
vt 0.0669 0.0686
vt 0.0652 0.0685
vt 0.0655 0.0680
vt 0.0610 0.0571
vt 0.0584 0.0557
vt 0.0606 0.0551
vt 0.0509 0.0667
vt 0.0672 0.0678
vt 0.0655 0.0680
vt 0.0656 0.0674
vt 0.0591 0.0577
vt 0.0563 0.0568
vt 0.0584 0.0557
vt 0.0509 0.0667
vt 0.0531 0.0686
vt 0.0511 0.0690
vt 0.0657 0.0669
vt 0.0517 0.0713
vt 0.0672 0.0660
vt 0.0657 0.0669
vt 0.0656 0.0663
vt 0.0547 0.0612
vt 0.0518 0.0621
vt 0.0530 0.0601
vt 0.0517 0.0713
vt 0.0545 0.0722
vt 0.0528 0.0733
vt 0.0655 0.0658
vt 0.0543 0.0751
vt 0.0652 0.0652
vt 0.0669 0.0652
vt 0.0655 0.0658
vt 0.0543 0.0751
vt 0.0572 0.0750
vt 0.0561 0.0766
vt 0.0660 0.0637
vt 0.0652 0.0652
vt 0.0649 0.0648
vt 0.0581 0.0778
vt 0.0653 0.0631
vt 0.0649 0.0648
vt 0.0644 0.0644
vt 0.0581 0.0778
vt 0.0607 0.0764
vt 0.0603 0.0784
vt 0.0639 0.0642
vt 0.0514 0.0552
vt 0.0503 0.0582
vt 0.0493 0.0576
vt 0.0488 0.0608
vt 0.0468 0.0635
vt 0.0478 0.0604
vt 0.0468 0.0635
vt 0.0477 0.0667
vt 0.0465 0.0666
vt 0.0487 0.0725
vt 0.0492 0.0757
vt 0.0520 0.0774
vt 0.0542 0.0793
vt 0.0564 0.0817
vt 0.0536 0.0802
vt 0.0568 0.0807
vt 0.0594 0.0827
vt 0.0564 0.0817
vt 0.0597 0.0816
vt 0.0626 0.0830
vt 0.0594 0.0827
vt 0.0655 0.0817
vt 0.0683 0.0809
vt 0.0688 0.0819
vt 0.0710 0.0795
vt 0.0716 0.0805
vt 0.0716 0.0805
vt 0.0733 0.0777
vt 0.0740 0.0785
vt 0.0752 0.0755
vt 0.0777 0.0733
vt 0.0761 0.0761
vt 0.0776 0.0701
vt 0.0780 0.0671
vt 0.0788 0.0639
vt 0.0777 0.0641
vt 0.0756 0.0586
vt 0.0745 0.0554
vt 0.0737 0.0562
vt 0.0720 0.0534
vt 0.0745 0.0554
vt 0.0688 0.0529
vt 0.0660 0.0520
vt 0.0630 0.0516
vt 0.0600 0.0518
vt 0.0598 0.0507
vt 0.0572 0.0527
vt 0.0567 0.0517
vt 0.0545 0.0541
vt 0.0514 0.0552
vt 0.0530 0.0601
vt 0.0511 0.0644
vt 0.0511 0.0690
vt 0.0517 0.0713
vt 0.0528 0.0733
vt 0.0543 0.0751
vt 0.0561 0.0766
vt 0.0581 0.0778
vt 0.0603 0.0784
vt 0.0626 0.0787
vt 0.0649 0.0785
vt 0.0692 0.0768
vt 0.0711 0.0754
vt 0.0726 0.0736
vt 0.0737 0.0716
vt 0.0744 0.0693
vt 0.0745 0.0647
vt 0.0739 0.0624
vt 0.0714 0.0585
vt 0.0696 0.0570
vt 0.0675 0.0559
vt 0.0630 0.0549
vt 0.0584 0.0557
vt 0.0545 0.0583
vt 0.0612 0.0651
vt 0.0604 0.0652
vt 0.0608 0.0648
vt 0.0609 0.0655
vt 0.0605 0.0663
vt 0.0605 0.0672
vt 0.0608 0.0681
vt 0.0615 0.0687
vt 0.0619 0.0690
vt 0.0628 0.0692
vt 0.0632 0.0691
vt 0.0641 0.0688
vt 0.0647 0.0681
vt 0.0651 0.0673
vt 0.0651 0.0664
vt 0.0650 0.0660
vt 0.0645 0.0652
vt 0.0641 0.0649
vt 0.0633 0.0645
vt 0.0628 0.0645
vt 0.0619 0.0646
vt 0.0258 0.0417
vt 0.0475 0.0512
vt 0.0448 0.0546
vt 0.0427 0.0583
vt 0.0192 0.0579
vt 0.0192 0.0753
vt 0.0409 0.0666
vt 0.0415 0.0709
vt 0.0426 0.0750
vt 0.0259 0.0913
vt 0.0473 0.0820
vt 0.0382 0.1034
vt 0.0473 0.0820
vt 0.0506 0.0846
vt 0.0461 0.1066
vt 0.0622 0.1099
vt 0.0708 0.1099
vt 0.0625 0.0885
vt 0.0667 0.0880
vt 0.0707 0.0869
vt 0.0864 0.1035
vt 0.0982 0.0917
vt 0.0779 0.0825
vt 0.0806 0.0792
vt 0.1030 0.0846
vt 0.1065 0.0765
vt 0.0827 0.0755
vt 0.0840 0.0715
vt 0.0846 0.0673
vt 0.1065 0.0591
vt 0.1048 0.0503
vt 0.0843 0.0630
vt 0.0831 0.0588
vt 0.1013 0.0418
vt 0.0831 0.0588
vt 0.0811 0.0550
vt 0.0947 0.0354
vt 0.0801 0.0258
vt 0.0753 0.0487
vt 0.0714 0.0467
vt 0.0673 0.0454
vt 0.0631 0.0226
vt 0.0673 0.0454
vt 0.0630 0.0450
vt 0.0588 0.0453
vt 0.0464 0.0259
vt 0.0382 0.0293
vt 0.0547 0.0465
vt 0.0509 0.0486
vt 0.0475 0.0512
vt 0.1603 0.4395
vt 0.1698 0.4324
vt 0.1654 0.4430
vt 0.5618 0.4047
vt 0.5641 0.4182
vt 0.5563 0.4071
vt 0.1573 0.2175
vt 0.1669 0.2243
vt 0.1625 0.2274
vt 0.5599 0.2424
vt 0.5619 0.2288
vt 0.5671 0.2308
vt 0.5671 0.2308
vt 0.5638 0.2259
vt 0.5689 0.2279
vt 0.5692 0.4161
vt 0.5764 0.2346
vt 0.5694 0.2451
vt 0.5756 0.2339
vt 0.1544 0.2317
vt 0.1638 0.2131
vt 0.1669 0.2243
vt 0.1623 0.2139
vt 0.5543 0.2401
vt 0.5784 0.4121
vt 0.5712 0.4018
vt 0.5709 0.3999
vt 0.1545 0.2333
vt 0.1625 0.2274
vt 0.1638 0.2281
vt 0.1509 0.4320
vt 0.1570 0.4253
vt 0.1515 0.4334
vt 0.5618 0.4047
vt 0.5626 0.4185
vt 0.1665 0.4287
vt 0.1698 0.4324
vt 0.1652 0.4295
vt 0.1571 0.4238
vt 0.1652 0.4295
vt 0.1570 0.4253
vt 0.5601 0.4033
vt 0.5563 0.4071
vt 0.5540 0.4060
vt 0.1669 0.2243
vt 0.5777 0.4129
vt 0.5711 0.4189
vt 0.5692 0.4161
vt 0.5756 0.2339
vt 0.5689 0.2279
vt 0.5772 0.2315
vt 0.5671 0.2308
vt 0.1487 0.2238
vt 0.1625 0.2274
vt 0.1544 0.2317
vt 0.5712 0.4018
vt 0.5692 0.4161
vt 0.5618 0.4047
vt 0.1515 0.4334
vt 0.1652 0.4295
vt 0.1603 0.4395
vt 0.5164 0.3398
vt 0.5237 0.3313
vt 0.5254 0.3384
vt 0.1783 0.3284
vt 0.1926 0.3311
vt 0.1783 0.3307
vt 0.5160 0.3083
vt 0.5235 0.3167
vt 0.5140 0.3161
vt 0.1783 0.3284
vt 0.1925 0.3253
vt 0.1927 0.3283
vt 0.1746 0.2449
vt 0.1782 0.3236
vt 0.1925 0.3253
vt 0.1782 0.3260
vt 0.5206 0.2969
vt 0.5251 0.3095
vt 0.5160 0.3083
vt 0.1775 0.3122
vt 0.1923 0.3223
vt 0.1782 0.3236
vt 0.1894 0.3029
vt 0.1775 0.3122
vt 0.1769 0.3027
vt 0.1889 0.2960
vt 0.1889 0.2960
vt 0.1752 0.2789
vt 0.1877 0.2876
vt 0.1763 0.2935
vt 0.1901 0.2961
vt 0.1959 0.2878
vt 0.1972 0.2960
vt 0.5691 0.2470
vt 0.5599 0.2424
vt 0.5694 0.2451
vt 0.5481 0.2572
vt 0.5408 0.2550
vt 0.5427 0.2664
vt 0.5350 0.2644
vt 0.5350 0.2644
vt 0.5366 0.2766
vt 0.5288 0.2738
vt 0.5253 0.2860
vt 0.5253 0.2860
vt 0.5289 0.2987
vt 0.5206 0.2969
vt 0.5140 0.3161
vt 0.5223 0.3240
vt 0.5125 0.3241
vt 0.1571 0.4238
vt 0.1783 0.3330
vt 0.5213 0.3511
vt 0.5254 0.3384
vt 0.5295 0.3491
vt 0.1925 0.3339
vt 0.1779 0.3445
vt 0.1783 0.3330
vt 0.1901 0.3534
vt 0.1776 0.3539
vt 0.1898 0.3603
vt 0.1775 0.3606
vt 0.1773 0.3631
vt 0.1888 0.3687
vt 0.1901 0.3942
vt 0.1845 0.3932
vt 0.1673 0.4060
vt 0.1741 0.3894
vt 0.5497 0.3902
vt 0.5440 0.3811
vt 0.5424 0.3926
vt 0.5364 0.3832
vt 0.5377 0.3711
vt 0.5364 0.3832
vt 0.5300 0.3740
vt 0.5262 0.3619
vt 0.5262 0.3619
vt 0.5142 0.3320
vt 0.5223 0.3240
vt 0.5237 0.3313
vt 0.1981 0.3688
vt 0.1954 0.3789
vt 0.1974 0.3684
vt 0.1898 0.3603
vt 0.1896 0.3686
vt 0.1888 0.3687
vt 0.1999 0.3535
vt 0.1985 0.3602
vt 0.1990 0.3535
vt 0.1901 0.3534
vt 0.1906 0.3602
vt 0.1898 0.3603
vt 0.1940 0.2772
vt 0.1984 0.2956
vt 0.1963 0.2877
vt 0.1969 0.2873
vt 0.1992 0.3025
vt 0.1976 0.2959
vt 0.1984 0.2956
vt 0.1992 0.3025
vt 0.1980 0.3100
vt 0.1983 0.3025
vt 0.1862 0.2778
vt 0.1834 0.2639
vt 0.1870 0.2780
vt 0.1960 0.3794
vt 0.1904 0.3949
vt 0.1954 0.3789
vt 0.1936 0.2774
vt 0.1889 0.2878
vt 0.1874 0.2781
vt 0.1886 0.2614
vt 0.1993 0.3604
vt 0.1974 0.3684
vt 0.1985 0.3602
vt 0.1894 0.3029
vt 0.1897 0.2961
vt 0.1903 0.3028
vt 0.1910 0.3601
vt 0.1969 0.3683
vt 0.1900 0.3685
vt 0.1904 0.3949
vt 0.1884 0.3783
vt 0.1877 0.2876
vt 0.1870 0.2780
vt 0.1885 0.2877
vt 0.1988 0.3108
vt 0.1919 0.3103
vt 0.1980 0.3100
vt 0.1883 0.2621
vt 0.1874 0.2781
vt 0.1838 0.2642
vt 0.1972 0.2960
vt 0.1914 0.3535
vt 0.1980 0.3601
vt 0.1910 0.3601
vt 0.1894 0.3029
vt 0.1919 0.3103
vt 0.1914 0.3110
vt 0.1827 0.2632
vt 0.1886 0.2614
vt 0.1834 0.2639
vt 0.1901 0.3942
vt 0.1852 0.3925
vt 0.1856 0.3922
vt 0.1954 0.3789
vt 0.1974 0.3684
vt 0.1950 0.3787
vt 0.1969 0.3683
vt 0.1980 0.3601
vt 0.1924 0.3459
vt 0.1981 0.3465
vt 0.1928 0.3463
vt 0.1990 0.3535
vt 0.1981 0.3465
vt 0.1985 0.3461
vt 0.1834 0.2639
vt 0.1883 0.2621
vt 0.1940 0.2772
vt 0.1936 0.2774
vt 0.1936 0.2774
vt 0.1963 0.2877
vt 0.1959 0.2878
vt 0.1976 0.2959
vt 0.1983 0.3025
vt 0.1972 0.2960
vt 0.1976 0.2959
vt 0.1976 0.3096
vt 0.1919 0.3103
vt 0.1923 0.3099
vt 0.1976 0.3096
vt 0.1903 0.3028
vt 0.1901 0.2961
vt 0.1889 0.2878
vt 0.1874 0.2781
vt 0.1910 0.3535
vt 0.1906 0.3602
vt 0.1896 0.3686
vt 0.1884 0.3783
vt 0.1852 0.3925
vt 0.3891 0.7492
vt 0.4091 0.7639
vt 0.3885 0.7669
vt 0.4373 0.6878
vt 0.4134 0.6858
vt 0.4243 0.6731
vt 0.4077 0.6622
vt 0.4011 0.6786
vt 0.3872 0.6575
vt 0.4077 0.6622
vt 0.3871 0.6761
vt 0.3649 0.6613
vt 0.3872 0.6575
vt 0.3649 0.6613
vt 0.3612 0.6878
vt 0.3476 0.6756
vt 0.3359 0.6942
vt 0.3359 0.6942
vt 0.3521 0.7145
vt 0.3345 0.7158
vt 0.3394 0.7361
vt 0.3394 0.7361
vt 0.3639 0.7393
vt 0.3526 0.7517
vt 0.3689 0.7625
vt 0.3756 0.7467
vt 0.3885 0.7669
vt 0.3689 0.7625
vt 0.4091 0.7639
vt 0.4141 0.7395
vt 0.4260 0.7521
vt 0.4260 0.7521
vt 0.4229 0.7282
vt 0.4373 0.7365
vt 0.4141 0.7395
vt 0.4010 0.7429
vt 0.4114 0.7365
vt 0.4088 0.7337
vt 0.4229 0.7282
vt 0.4114 0.7365
vt 0.4191 0.7262
vt 0.4154 0.7245
vt 0.4277 0.7127
vt 0.4191 0.7262
vt 0.4226 0.7127
vt 0.4226 0.7127
vt 0.4154 0.7245
vt 0.4181 0.7128
vt 0.4225 0.6972
vt 0.4226 0.7127
vt 0.4186 0.6992
vt 0.4150 0.7011
vt 0.4134 0.6858
vt 0.4186 0.6992
vt 0.4106 0.6890
vt 0.4079 0.6920
vt 0.4134 0.6858
vt 0.3997 0.6824
vt 0.4011 0.6786
vt 0.4106 0.6890
vt 0.3983 0.6861
vt 0.3997 0.6824
vt 0.3871 0.6761
vt 0.3997 0.6824
vt 0.3872 0.6802
vt 0.3873 0.6842
vt 0.3731 0.6795
vt 0.3872 0.6802
vt 0.3749 0.6833
vt 0.3749 0.6833
vt 0.3873 0.6842
vt 0.3765 0.6868
vt 0.3731 0.6795
vt 0.3643 0.6906
vt 0.3612 0.6878
vt 0.3749 0.6833
vt 0.3673 0.6933
vt 0.3643 0.6906
vt 0.3612 0.6878
vt 0.3580 0.7017
vt 0.3541 0.7004
vt 0.3580 0.7017
vt 0.3673 0.6933
vt 0.3617 0.7030
vt 0.3521 0.7145
vt 0.3580 0.7017
vt 0.3563 0.7142
vt 0.3563 0.7142
vt 0.3617 0.7030
vt 0.3602 0.7140
vt 0.3521 0.7145
vt 0.3595 0.7263
vt 0.3559 0.7281
vt 0.3595 0.7263
vt 0.3602 0.7140
vt 0.3630 0.7247
vt 0.3559 0.7281
vt 0.3667 0.7364
vt 0.3639 0.7393
vt 0.3667 0.7364
vt 0.3630 0.7247
vt 0.3693 0.7336
vt 0.3639 0.7393
vt 0.3770 0.7430
vt 0.3756 0.7467
vt 0.3667 0.7364
vt 0.3785 0.7394
vt 0.3770 0.7430
vt 0.3756 0.7467
vt 0.3891 0.7452
vt 0.3891 0.7492
vt 0.3891 0.7452
vt 0.3785 0.7394
vt 0.3891 0.7415
vt 0.3891 0.7492
vt 0.4010 0.7429
vt 0.4024 0.7465
vt 0.3891 0.7452
vt 0.3996 0.7394
vt 0.4010 0.7429
vt 0.8506 0.9491
vt 0.8522 0.9465
vt 0.8522 0.9491
vt 0.9143 0.9455
vt 0.9176 0.9446
vt 0.9176 0.9454
vt 0.7884 0.9141
vt 0.7917 0.9150
vt 0.7884 0.9149
vt 0.9142 0.9492
vt 0.7915 0.9107
vt 0.7883 0.9097
vt 0.7915 0.9099
vt 0.9127 0.9456
vt 0.9192 0.9453
vt 0.9199 0.9497
vt 0.9191 0.9489
vt 0.7868 0.9141
vt 0.7858 0.9096
vt 0.7867 0.9104
vt 0.7933 0.9142
vt 0.7939 0.9100
vt 0.7941 0.9151
vt 0.7868 0.9141
vt 0.7884 0.9149
vt 0.7859 0.9149
vt 0.7867 0.9104
vt 0.7883 0.9097
vt 0.7883 0.9105
vt 0.7932 0.9108
vt 0.7915 0.9099
vt 0.7939 0.9100
vt 0.7933 0.9142
vt 0.7917 0.9150
vt 0.7916 0.9142
vt 0.9127 0.9456
vt 0.9144 0.9447
vt 0.9143 0.9455
vt 0.9126 0.9493
vt 0.9191 0.9489
vt 0.9175 0.9498
vt 0.9175 0.9490
vt 0.9192 0.9453
vt 0.9176 0.9446
vt 0.9201 0.9445
vt 0.8664 0.8717
vt 0.8700 0.8703
vt 0.8700 0.8719
vt 0.8764 0.9121
vt 0.8798 0.9135
vt 0.8763 0.9137
vt 0.8798 0.9167
vt 0.8762 0.9185
vt 0.8762 0.9169
vt 0.8663 0.8652
vt 0.8700 0.8670
vt 0.8663 0.8668
vt 0.8664 0.8700
vt 0.8700 0.8670
vt 0.8700 0.8703
vt 0.8762 0.9169
vt 0.8515 0.8727
vt 0.8521 0.8711
vt 0.8521 0.8727
vt 0.8515 0.9020
vt 0.8521 0.9053
vt 0.8515 0.9053
vt 0.8515 0.8678
vt 0.8521 0.8661
vt 0.8521 0.8678
vt 0.8515 0.8710
vt 0.8521 0.8678
vt 0.8521 0.8711
vt 0.8521 0.8936
vt 0.8515 0.8953
vt 0.8515 0.8936
vt 0.8506 0.9885
vt 0.8511 0.9848
vt 0.8511 0.9887
vt 0.8515 0.8919
vt 0.8521 0.8936
vt 0.8515 0.8936
vt 0.8515 0.8728
vt 0.8521 0.8764
vt 0.8515 0.8765
vt 0.8515 0.9004
vt 0.8521 0.9020
vt 0.8515 0.9020
vt 0.8511 0.9848
vt 0.8516 0.9885
vt 0.8511 0.9887
vt 0.5137 0.4414
vt 0.5244 0.4455
vt 0.5148 0.4529
vt 0.5110 0.2068
vt 0.5216 0.2025
vt 0.5166 0.2101
vt 0.5234 0.4309
vt 0.5166 0.4335
vt 0.5264 0.4267
vt 0.5209 0.2171
vt 0.5140 0.2146
vt 0.5151 0.2141
vt 0.5232 0.2149
vt 0.5240 0.2212
vt 0.5209 0.2171
vt 0.5098 0.2091
vt 0.5140 0.2146
vt 0.5034 0.2059
vt 0.5257 0.4330
vt 0.5125 0.4391
vt 0.5166 0.4335
vt 0.5177 0.4340
vt 0.5257 0.4330
vt 0.5244 0.4455
vt 0.5193 0.4379
vt 0.5061 0.4424
vt 0.5232 0.2149
vt 0.5110 0.2068
vt 0.5189 0.4375
vt 0.5131 0.4390
vt 0.5180 0.4344
vt 0.5180 0.4344
vt 0.5155 0.2137
vt 0.5226 0.2150
vt 0.5206 0.2167
vt 0.5163 0.2106
vt 0.5104 0.2091
vt 0.5110 0.2073
vt 0.5209 0.2171
vt 0.5166 0.2101
vt 0.5226 0.2150
vt 0.5163 0.2106
vt 0.5193 0.4379
vt 0.5138 0.4409
vt 0.5189 0.4375
vt 0.5131 0.4390
vt 0.5226 0.2150
vt 0.5098 0.2091
vt 0.5110 0.2073
vt 0.5252 0.4329
vt 0.4071 0.7318
vt 0.3996 0.7394
vt 0.3987 0.7372
vt 0.4130 0.7234
vt 0.4088 0.7337
vt 0.4071 0.7318
vt 0.4153 0.7128
vt 0.4154 0.7245
vt 0.4130 0.7234
vt 0.4126 0.7023
vt 0.4181 0.7128
vt 0.4153 0.7128
vt 0.4126 0.7023
vt 0.4079 0.6920
vt 0.4150 0.7011
vt 0.4062 0.6939
vt 0.3983 0.6861
vt 0.4079 0.6920
vt 0.3874 0.6867
vt 0.3983 0.6861
vt 0.3975 0.6885
vt 0.3775 0.6891
vt 0.3873 0.6842
vt 0.3874 0.6867
vt 0.3691 0.6950
vt 0.3765 0.6868
vt 0.3775 0.6891
vt 0.3641 0.7039
vt 0.3673 0.6933
vt 0.3691 0.6950
vt 0.3627 0.7139
vt 0.3617 0.7030
vt 0.3641 0.7039
vt 0.3653 0.7236
vt 0.3602 0.7140
vt 0.3627 0.7139
vt 0.3653 0.7236
vt 0.3794 0.7372
vt 0.3693 0.7336
vt 0.3710 0.7318
vt 0.3891 0.7390
vt 0.3785 0.7394
vt 0.3794 0.7372
vt 0.3891 0.7390
vt 0.3996 0.7394
vt 0.3891 0.7415
vt 0.3876 0.6974
vt 0.3804 0.6956
vt 0.3876 0.6941
vt 0.3653 0.7236
vt 0.3736 0.7290
vt 0.3710 0.7318
vt 0.3937 0.6984
vt 0.3876 0.6941
vt 0.3948 0.6954
vt 0.3688 0.7219
vt 0.3937 0.6984
vt 0.4012 0.6992
vt 0.3988 0.7019
vt 0.3666 0.7136
vt 0.4026 0.7069
vt 0.4012 0.6992
vt 0.4056 0.7055
vt 0.3679 0.7052
vt 0.4026 0.7069
vt 0.4075 0.7130
vt 0.4038 0.7131
vt 0.3691 0.6950
vt 0.3791 0.6925
vt 0.3722 0.6978
vt 0.4030 0.7193
vt 0.4075 0.7130
vt 0.4060 0.7204
vt 0.3791 0.6925
vt 0.3948 0.7277
vt 0.3891 0.7321
vt 0.3891 0.7287
vt 0.4030 0.7193
vt 0.4021 0.7267
vt 0.3997 0.7243
vt 0.3874 0.6867
vt 0.3960 0.6922
vt 0.3875 0.6909
vt 0.3833 0.7276
vt 0.3891 0.7321
vt 0.3821 0.7305
vt 0.3960 0.7306
vt 0.4044 0.7290
vt 0.3973 0.7338
vt 0.4021 0.7267
vt 0.4092 0.7217
vt 0.4044 0.7290
vt 0.4060 0.7204
vt 0.4110 0.7129
vt 0.4092 0.7217
vt 0.4075 0.7130
vt 0.4086 0.7041
vt 0.4110 0.7129
vt 0.4086 0.7041
vt 0.3948 0.6954
vt 0.4036 0.6967
vt 0.4012 0.6992
vt 0.3960 0.6922
vt 0.3875 0.6909
vt 0.3747 0.7001
vt 0.3791 0.6925
vt 0.3804 0.6956
vt 0.3747 0.7001
vt 0.3679 0.7052
vt 0.3722 0.6978
vt 0.3711 0.7063
vt 0.3666 0.7136
vt 0.3679 0.7052
vt 0.3699 0.7135
vt 0.3688 0.7219
vt 0.3666 0.7136
vt 0.3759 0.7266
vt 0.3688 0.7219
vt 0.3717 0.7206
vt 0.3821 0.7305
vt 0.3736 0.7290
vt 0.3759 0.7266
vt 0.3808 0.7335
vt 0.3960 0.7306
vt 0.3890 0.7353
vt 0.3891 0.7321
vt 0.3808 0.7335
vt 0.3772 0.7022
vt 0.3804 0.6956
vt 0.3819 0.6987
vt 0.4071 0.7318
vt 0.3890 0.7353
vt 0.3741 0.7073
vt 0.3747 0.7001
vt 0.3772 0.7022
vt 0.4130 0.7234
vt 0.3891 0.7390
vt 0.3973 0.7338
vt 0.3987 0.7372
vt 0.3741 0.7073
vt 0.3699 0.7135
vt 0.3711 0.7063
vt 0.4153 0.7128
vt 0.3746 0.7193
vt 0.3699 0.7135
vt 0.3734 0.7133
vt 0.4126 0.7023
vt 0.3746 0.7193
vt 0.4126 0.7023
vt 0.4036 0.6967
vt 0.4062 0.6939
vt 0.3833 0.7276
vt 0.3759 0.7266
vt 0.3783 0.7241
vt 0.3975 0.6885
vt 0.4036 0.6967
vt 0.3960 0.6922
vt 0.3948 0.7277
vt 0.4021 0.7267
vt 0.3960 0.7306
vt 0.8506 0.9523
vt 0.8522 0.9550
vt 0.8506 0.9555
vt 0.1969 0.8133
vt 0.7010 0.1124
vt 0.6931 0.1126
vt 0.6980 0.1088
vt 0.2610 0.8146
vt 0.2418 0.7830
vt 0.2395 0.8141
vt 0.2651 0.7839
vt 0.3041 0.8140
vt 0.2904 0.7856
vt 0.0909 0.8149
vt 0.1723 0.7823
vt 0.2610 0.8146
vt 0.2825 0.8149
vt 0.2651 0.7839
vt 0.7448 0.1194
vt 0.7424 0.1283
vt 0.7378 0.1198
vt 0.3041 0.8140
vt 0.3240 0.8179
vt 0.3274 0.7872
vt 0.3454 0.8192
vt 0.3454 0.8192
vt 0.3703 0.8163
vt 0.3590 0.7872
vt 0.3936 0.8009
vt 0.3274 0.7872
vt 0.3169 0.7855
vt 0.2904 0.7856
vt 0.3046 0.7849
vt 0.2187 0.7823
vt 0.2184 0.8042
vt 0.1949 0.8039
vt 0.1721 0.8035
vt 0.3079 0.8050
vt 0.3225 0.8055
vt 0.3375 0.8056
vt 0.3196 0.7996
vt 0.3375 0.8056
vt 0.3562 0.8066
vt 0.3369 0.8004
vt 0.3562 0.8066
vt 0.3619 0.8041
vt 0.3528 0.8017
vt 0.2799 0.7972
vt 0.2594 0.7971
vt 0.2646 0.8051
vt 0.7210 0.0597
vt 0.7292 0.0674
vt 0.7242 0.0700
vt 0.2998 0.7978
vt 0.1288 0.8020
vt 0.1174 0.7962
vt 0.0992 0.8016
vt 0.0805 0.8020
vt 0.0982 0.5645
vt 0.0982 0.5720
vt 0.0982 0.5720
vt 0.0778 0.5346
vt 0.1356 0.5589
vt 0.1913 0.5283
vt 0.1975 0.5325
vt 0.2113 0.5586
vt 0.1493 0.5926
vt 0.1441 0.5873
vt 0.1578 0.7582
vt 0.1800 0.6866
vt 0.1649 0.7611
vt 0.2070 0.5441
vt 0.1399 0.5810
vt 0.1370 0.5740
vt 0.1945 0.6909
vt 0.1724 0.7625
vt 0.1875 0.6881
vt 0.1800 0.7625
vt 0.2008 0.6951
vt 0.1875 0.7610
vt 0.1875 0.7610
vt 0.2062 0.7004
vt 0.1945 0.7582
vt 0.0411 0.6017
vt 0.0348 0.5976
vt 0.0252 0.5501
vt 0.0223 0.5570
vt 0.0294 0.5923
vt 0.0294 0.5923
vt 0.0252 0.5860
vt 0.0208 0.5643
vt 0.0252 0.5860
vt 0.0223 0.5791
vt 0.0208 0.5718
vt 0.0294 0.5439
vt 0.0720 0.6809
vt 0.0793 0.6825
vt 0.0924 0.6896
vt 0.0862 0.6854
vt 0.0977 0.6950
vt 0.0977 0.6950
vt 0.1047 0.7084
vt 0.1555 0.5968
vt 0.2113 0.5662
vt 0.2098 0.5737
vt 0.1868 0.0244
vt 0.2295 0.0286
vt 0.2304 0.0331
vt 0.0504 0.6852
vt 0.0557 0.5302
vt 0.0778 0.6018
vt 0.0708 0.6046
vt 0.8522 0.9621
vt 0.8506 0.9589
vt 0.8522 0.9589
vt 0.0633 0.6061
vt 0.1356 0.5665
vt 0.0482 0.6046
vt 0.0862 0.7538
vt 0.0793 0.7566
vt 0.0319 0.7306
vt 0.0793 0.7566
vt 0.0720 0.7581
vt 0.0347 0.7377
vt 0.0720 0.7581
vt 0.0645 0.7581
vt 0.0389 0.7440
vt 0.0645 0.7581
vt 0.0572 0.7566
vt 0.0441 0.7494
vt 0.0503 0.7536
vt 0.1375 0.7209
vt 0.1390 0.7136
vt 0.1419 0.7067
vt 0.1419 0.7067
vt 0.1515 0.6952
vt 0.1515 0.6952
vt 0.1578 0.6910
vt 0.1419 0.7426
vt 0.0841 0.5977
vt 0.8522 0.9589
vt 0.8506 0.9563
vt 0.8522 0.9557
vt 0.0708 0.6046
vt 0.2098 0.5512
vt 0.0924 0.7496
vt 0.0304 0.7156
vt 0.0977 0.7442
vt 0.1615 0.0443
vt 0.2105 0.7066
vt 0.2105 0.7066
vt 0.2134 0.7135
vt 0.2008 0.7540
vt 0.2134 0.7135
vt 0.2149 0.7208
vt 0.2062 0.7487
vt 0.2149 0.7208
vt 0.2149 0.7282
vt 0.2105 0.7425
vt 0.2134 0.7356
vt 0.1461 0.7488
vt 0.1914 0.5967
vt 0.1845 0.5996
vt 0.1975 0.5924
vt 0.1697 0.6012
vt 0.1697 0.6012
vt 0.1624 0.5997
vt 0.2070 0.5807
vt 0.1624 0.5997
vt 0.1649 0.6881
vt 0.0442 0.6894
vt 0.1061 0.7235
vt 0.0389 0.6948
vt 0.0389 0.6948
vt 0.1047 0.7309
vt 0.0347 0.7011
vt 0.0347 0.7011
vt 0.1018 0.7379
vt 0.0319 0.7081
vt 0.0319 0.7081
vt 0.1515 0.7541
vt 0.1723 0.6867
vt 0.1578 0.7582
vt 0.0304 0.7232
vt 0.1370 0.5514
vt 0.1399 0.5444
vt 0.1844 0.5254
vt 0.1399 0.5444
vt 0.1440 0.5381
vt 0.1771 0.5240
vt 0.1440 0.5381
vt 0.1493 0.5327
vt 0.1697 0.5240
vt 0.1493 0.5327
vt 0.1555 0.5284
vt 0.1624 0.5255
vt 0.1913 0.5283
vt 0.6397 0.0828
vt 0.6505 0.0965
vt 0.6413 0.0910
vt 0.6505 0.0965
vt 0.6627 0.1091
vt 0.6547 0.1064
vt 0.6478 0.0988
vt 0.6505 0.0965
vt 0.6513 0.1026
vt 0.6852 0.0495
vt 0.6740 0.0422
vt 0.2028 0.5378
vt 0.6756 0.1206
vt 0.7903 0.1239
vt 0.4918 0.0294
vt 0.7120 0.0320
vt 0.6930 0.0529
vt 0.7004 0.0538
vt 0.6969 0.0568
vt 0.5631 0.1269
vt 0.5674 0.1202
vt 0.5708 0.1242
vt 0.6954 0.0486
vt 0.6101 0.1059
vt 0.6030 0.0938
vt 0.6101 0.0890
vt 0.6382 0.0869
vt 0.6355 0.0827
vt 0.6397 0.0828
vt 0.6621 0.1134
vt 0.6663 0.1121
vt 0.6661 0.1165
vt 0.6445 0.0948
vt 0.6583 0.1101
vt 0.6621 0.1134
vt 0.6333 0.0783
vt 0.6359 0.0746
vt 0.6375 0.0789
vt 0.1061 0.7158
vt 0.6354 0.0636
vt 0.6308 0.0682
vt 0.6312 0.0619
vt 0.6351 0.0695
vt 0.6317 0.0736
vt 0.6308 0.0682
vt 0.6375 0.0485
vt 0.6375 0.0572
vt 0.6334 0.0549
vt 0.6375 0.0572
vt 0.6456 0.0471
vt 0.6424 0.0436
vt 0.6412 0.0515
vt 0.6375 0.0485
vt 0.6588 0.0413
vt 0.6515 0.0435
vt 0.7069 0.0813
vt 0.6669 0.0407
vt 0.7655 0.0196
vt 0.7240 0.0459
vt 0.7244 0.1171
vt 0.4857 0.1001
vt 0.5302 0.1358
vt 0.5418 0.1395
vt 0.5269 0.1404
vt 0.5418 0.1395
vt 0.5544 0.1413
vt 0.5499 0.1468
vt 0.5544 0.1413
vt 0.5658 0.1397
vt 0.5630 0.1468
vt 0.4800 0.0504
vt 0.8292 0.0439
vt 0.8150 0.0527
vt 0.8062 0.0504
vt 0.8096 0.0457
vt 0.4997 0.0344
vt 0.5042 0.0196
vt 0.5091 0.0284
vt 0.7183 0.0386
vt 0.5337 0.0236
vt 0.5216 0.0161
vt 0.5387 0.0166
vt 0.7350 0.1117
vt 0.7393 0.1061
vt 0.7416 0.1130
vt 0.6066 0.0771
vt 0.5888 0.0489
vt 0.5793 0.0482
vt 0.5793 0.0482
vt 0.5742 0.0437
vt 0.5787 0.0386
vt 0.5562 0.0308
vt 0.5505 0.0279
vt 0.5506 0.0204
vt 0.5619 0.0344
vt 0.6062 0.1228
vt 0.6975 0.0326
vt 0.6922 0.0228
vt 0.7005 0.0272
vt 0.5965 0.1346
vt 0.5887 0.1295
vt 0.5917 0.1269
vt 0.5756 0.1373
vt 0.5923 0.1376
vt 0.5757 0.1459
vt 0.7530 0.1133
vt 0.7593 0.1139
vt 0.7561 0.1182
vt 0.4790 0.0634
vt 0.4790 0.0768
vt 0.2418 0.8047
vt 0.7060 0.0588
vt 0.7182 0.0498
vt 0.7198 0.0584
vt 0.7023 0.1035
vt 0.8326 0.1140
vt 0.7259 0.0792
vt 0.7313 0.0913
vt 0.7252 0.0932
vt 0.7290 0.1049
vt 0.8158 0.0942
vt 0.8191 0.0877
vt 0.8218 0.0951
vt 0.7172 0.1276
vt 0.5233 0.1136
vt 0.5157 0.1110
vt 0.5187 0.1080
vt 0.6970 0.1396
vt 0.7416 0.1130
vt 0.6172 0.0752
vt 0.6187 0.0825
vt 0.6124 0.0804
vt 0.6661 0.1165
vt 0.6702 0.1146
vt 0.6705 0.1189
vt 0.6478 0.1291
vt 0.6480 0.1228
vt 0.6531 0.1264
vt 0.6214 0.0998
vt 0.6305 0.1053
vt 0.6387 0.1149
vt 0.6428 0.1185
vt 0.6428 0.1249
vt 0.6595 0.1303
vt 0.6180 0.0942
vt 0.6187 0.0825
vt 0.6215 0.0894
vt 0.6595 0.1303
vt 0.6666 0.1329
vt 0.6606 0.1370
vt 0.6172 0.0752
vt 0.6105 0.0715
vt 0.6170 0.0676
vt 0.6170 0.0676
vt 0.6109 0.0597
vt 0.6186 0.0586
vt 0.6268 0.0394
vt 0.6147 0.0443
vt 0.6213 0.0330
vt 0.6213 0.0330
vt 0.5089 0.0448
vt 0.5175 0.0438
vt 0.5120 0.0493
vt 0.6407 0.0193
vt 0.0557 0.6061
vt 0.5258 0.0414
vt 0.5335 0.0375
vt 0.5347 0.0426
vt 0.6832 0.0188
vt 0.6884 0.0272
vt 0.6796 0.0237
vt 0.7820 0.0237
vt 0.8357 0.0901
vt 0.8314 0.0835
vt 0.8369 0.0836
vt 0.8148 0.1284
vt 0.8117 0.1391
vt 0.8066 0.1341
vt 0.8278 0.1234
vt 0.8209 0.1317
vt 0.5658 0.1397
vt 0.8096 0.0457
vt 0.8004 0.0445
vt 0.8026 0.0394
vt 0.7951 0.1386
vt 0.7814 0.1486
vt 0.7817 0.1404
vt 0.7787 0.1407
vt 0.7617 0.1440
vt 0.7656 0.1369
vt 0.7561 0.1319
vt 0.7617 0.1440
vt 0.7500 0.1366
vt 0.7850 0.0242
vt 0.7820 0.0237
vt 0.7851 0.0161
vt 0.7242 0.0700
vt 0.7313 0.0767
vt 0.7259 0.0792
vt 0.6653 0.0220
vt 0.6539 0.0163
vt 0.6682 0.0161
vt 0.6242 0.0950
vt 0.6375 0.0789
vt 0.7412 0.0555
vt 0.7394 0.0619
vt 0.7353 0.0573
vt 0.7381 0.0682
vt 0.7381 0.0682
vt 0.7371 0.0743
vt 0.7317 0.0804
vt 0.7371 0.0931
vt 0.7371 0.0931
vt 0.7380 0.0995
vt 0.7335 0.1038
vt 0.7393 0.1061
vt 0.7412 0.0555
vt 0.7374 0.0498
vt 0.7439 0.0490
vt 0.7407 0.0420
vt 0.7458 0.0341
vt 0.7536 0.0263
vt 0.6147 0.0443
vt 0.7787 0.1407
vt 0.6980 0.1088
vt 0.8015 0.0203
vt 0.8167 0.0382
vt 0.8144 0.0274
vt 0.8229 0.0353
vt 0.2998 0.7978
vt 0.8229 0.0353
vt 0.8319 0.0654
vt 0.8334 0.0533
vt 0.8369 0.0659
vt 0.5208 0.0248
vt 0.5042 0.0196
vt 0.5216 0.0161
vt 0.7001 0.0613
vt 0.7032 0.1283
vt 0.5239 0.0366
vt 0.5175 0.0438
vt 0.5151 0.0392
vt 0.5040 0.0915
vt 0.5017 0.0830
vt 0.5077 0.0908
vt 0.5604 0.1227
vt 0.5708 0.1242
vt 0.5749 0.1163
vt 0.5790 0.1198
vt 0.7494 0.1258
vt 0.7500 0.1366
vt 0.7424 0.1283
vt 0.8369 0.0659
vt 0.5817 0.1176
vt 0.5829 0.1092
vt 0.5873 0.1117
vt 0.5901 0.1031
vt 0.5829 0.1092
vt 0.5854 0.1012
vt 0.5894 0.0938
vt 0.5844 0.0925
vt 0.5873 0.0873
vt 0.5894 0.0938
vt 0.5400 0.0397
vt 0.5448 0.0423
vt 0.5407 0.0450
vt 0.7500 0.1029
vt 0.7552 0.1048
vt 0.7511 0.1082
vt 0.5490 0.0451
vt 0.5591 0.0525
vt 0.5675 0.0598
vt 0.5675 0.0598
vt 0.5712 0.0639
vt 0.5676 0.0663
vt 0.5786 0.0736
vt 0.5786 0.0736
vt 0.5448 0.0423
vt 0.5849 0.0826
vt 0.5873 0.0873
vt 0.5822 0.0866
vt 0.5440 0.0254
vt 0.7586 0.0536
vt 0.7087 0.0361
vt 0.7586 0.0448
vt 0.7660 0.0451
vt 0.7615 0.0493
vt 0.5066 0.0475
vt 0.5120 0.0493
vt 0.5101 0.0518
vt 0.5020 0.0557
vt 0.5101 0.0518
vt 0.5060 0.0592
vt 0.4992 0.0634
vt 0.5400 0.0397
vt 0.5520 0.1224
vt 0.5437 0.1243
vt 0.5352 0.1221
vt 0.5358 0.1183
vt 0.5077 0.0908
vt 0.7072 0.0887
vt 0.5218 0.1179
vt 0.5306 0.1163
vt 0.5298 0.1195
vt 0.5790 0.1198
vt 0.5774 0.1144
vt 0.5817 0.1176
vt 0.7924 0.0407
vt 0.7936 0.0352
vt 0.2389 0.7971
vt 0.2184 0.8042
vt 0.2418 0.8047
vt 0.7793 0.0397
vt 0.5204 0.1306
vt 0.5269 0.1404
vt 0.5177 0.1361
vt 0.4980 0.1172
vt 0.4903 0.1094
vt 0.4958 0.1065
vt 0.7615 0.0493
vt 0.6750 0.1163
vt 0.7514 0.0594
vt 0.7567 0.0581
vt 0.7555 0.0627
vt 0.7500 0.1029
vt 0.7494 0.0975
vt 0.7544 0.0999
vt 0.7492 0.0920
vt 0.7492 0.0920
vt 0.7492 0.0866
vt 0.7542 0.0813
vt 0.7493 0.0811
vt 0.7499 0.0701
vt 0.7505 0.0647
vt 0.7555 0.0627
vt 0.7566 0.1094
vt 0.4887 0.0336
vt 0.7561 0.1182
vt 0.7635 0.1183
vt 0.7609 0.1231
vt 0.7821 0.1250
vt 0.7911 0.1297
vt 0.7819 0.1308
vt 0.7980 0.0267
vt 0.5298 0.1195
vt 0.8082 0.1204
vt 0.7988 0.1207
vt 0.8053 0.1155
vt 0.8140 0.1137
vt 0.8053 0.1155
vt 0.8103 0.1097
vt 0.8181 0.1065
vt 0.8140 0.1033
vt 0.7496 0.0755
vt 0.7499 0.0701
vt 0.7542 0.0813
vt 0.8522 0.9621
vt 0.8506 0.9648
vt 0.8506 0.9623
vt 0.8188 0.0601
vt 0.8111 0.0566
vt 0.8150 0.0527
vt 0.8506 0.9459
vt 0.2295 0.0423
vt 0.1842 0.0378
vt 0.1842 0.0332
vt 0.7054 0.0966
vt 0.8522 0.9653
vt 0.1178 0.1264
vt 0.2304 0.0378
vt 0.1851 0.0287
vt 0.2304 0.0331
vt 0.2304 0.0378
vt 0.1851 0.0424
vt 0.2278 0.0466
vt 0.2252 0.0504
vt 0.2278 0.0243
vt 0.1894 0.0205
vt 0.1926 0.0173
vt 0.1300 0.0540
vt 0.1342 0.0557
vt 0.1520 0.0540
vt 0.1222 0.1181
vt 0.1205 0.0220
vt 0.1230 0.0182
vt 0.1558 0.0149
vt 0.1230 0.0182
vt 0.1262 0.0149
vt 0.1520 0.0123
vt 0.1262 0.0149
vt 0.1300 0.0123
vt 0.1478 0.0106
vt 0.1300 0.0123
vt 0.1342 0.0106
vt 0.1387 0.0097
vt 0.1433 0.0097
vt 0.1853 0.1303
vt 0.2321 0.1259
vt 0.1853 0.1351
vt 0.2330 0.1305
vt 0.6796 0.0237
vt 0.1868 0.0467
vt 0.2252 0.0504
vt 0.2220 0.0537
vt 0.1560 0.1520
vt 0.1521 0.1546
vt 0.1196 0.1448
vt 0.1521 0.1546
vt 0.1478 0.1564
vt 0.1256 0.1521
vt 0.1431 0.1574
vt 0.1431 0.1574
vt 0.1384 0.1574
vt 0.1338 0.1565
vt 0.1295 0.1547
vt 0.1222 0.1487
vt 0.2321 0.1399
vt 0.1880 0.1441
vt 0.2330 0.1352
vt 0.1620 0.1220
vt 0.1295 0.1121
vt 0.1338 0.1103
vt 0.1560 0.1147
vt 0.1384 0.1094
vt 0.1384 0.1094
vt 0.1431 0.1094
vt 0.1478 0.1103
vt 0.1521 0.1121
vt 0.1649 0.7611
vt 0.1633 0.0263
vt 0.1178 0.0308
vt 0.1615 0.0220
vt 0.1187 0.0263
vt 0.1590 0.0182
vt 0.2220 0.0537
vt 0.2182 0.0563
vt 0.1894 0.0505
vt 0.2140 0.0581
vt 0.2140 0.0581
vt 0.2096 0.0590
vt 0.1964 0.0563
vt 0.2050 0.0590
vt 0.2006 0.0581
vt 0.1926 0.0538
vt 0.2330 0.1352
vt 0.1862 0.1397
vt 0.2330 0.1305
vt 0.1906 0.1480
vt 0.2303 0.1442
vt 0.1939 0.1514
vt 0.1926 0.0173
vt 0.1964 0.0147
vt 0.2252 0.0205
vt 0.2006 0.0129
vt 0.2006 0.0129
vt 0.2050 0.0120
vt 0.2182 0.0147
vt 0.2096 0.0120
vt 0.2140 0.0129
vt 0.2220 0.0172
vt 0.1642 0.0308
vt 0.1642 0.0355
vt 0.1196 0.1220
vt 0.6693 0.1401
vt 0.1880 0.1214
vt 0.1906 0.1174
vt 0.2205 0.1116
vt 0.1939 0.1141
vt 0.1939 0.1141
vt 0.1978 0.1115
vt 0.2115 0.1088
vt 0.2022 0.1097
vt 0.2068 0.1088
vt 0.2161 0.1097
vt 0.1169 0.1358
vt 0.1594 0.1486
vt 0.2303 0.1442
vt 0.2277 0.1482
vt 0.1978 0.1540
vt 0.2244 0.1515
vt 0.2244 0.1515
vt 0.2205 0.1541
vt 0.2068 0.1568
vt 0.2161 0.1559
vt 0.2115 0.1568
vt 0.2022 0.1558
vt 0.0647 0.0681
vt 0.0641 0.0688
vt 0.0649 0.0678
vt 0.3876 0.6974
vt 0.3997 0.7243
vt 0.8469 0.2674
vt 0.9559 0.2625
vt 0.8990 0.4035
vt 0.6046 0.6409
vt 0.3223 0.5884
vt 0.3179 0.5598
vt 0.9098 0.3738
vt 0.9144 0.3504
vt 0.7477 0.7659
vt 0.2498 0.4512
vt 0.2473 0.4257
vt 0.6459 0.3322
vt 0.5860 0.3714
vt 0.6389 0.7939
vt 0.3678 0.6303
vt 0.6634 0.3920
vt 0.4081 0.8522
vt 0.3779 0.5627
vt 0.5757 0.3848
vt 0.3354 0.3548
vt 0.3195 0.4970
vt 0.4586 0.5893
vt 0.4487 0.5528
vt 0.9094 0.2010
vt 0.9329 0.2009
vt 0.9625 0.2009
vt 0.0407 0.3308
vt 0.0534 0.3305
vt 0.0782 0.3299
vt 0.3120 0.3267
vt 0.5591 0.3282
vt 0.4810 0.4971
vt 0.5381 0.4399
vt 0.4665 0.8339
vt 0.7648 0.6658
vt 0.2925 0.5011
vt 0.8652 0.5828
vt 0.8510 0.5258
vt 0.8309 0.2469
vt 0.4687 0.4831
vt 0.9504 0.1230
vt 0.8515 0.6617
vt 0.8840 0.1315
vt 0.9673 0.0911
vt 0.8598 0.7116
vt 0.9460 0.6830
vt 0.8998 0.7616
vt 0.6871 0.2534
vt 0.5742 0.8398
vt 0.6085 0.8438
vt 0.6887 0.8641
vt 0.7243 0.8553
vt 0.6138 0.8078
vt 0.4376 0.8950
vt 0.4594 0.9193
vt 0.5793 0.5876
vt 0.9420 0.7244
vt 0.9146 0.6878
vt 0.5985 0.3080
vt 0.1228 0.2662
vt 0.2451 0.2738
vt 0.2386 0.2583
vt 0.1631 0.2903
vt 0.5691 0.2470
vt 0.4507 0.2825
vt 0.7257 0.8114
vt 0.7085 0.6245
vt 0.4296 0.1185
vt 0.3256 0.1167
vt 0.6741 0.2489
vt 0.4129 0.0186
vt 0.6615 0.2526
vt 0.5864 0.2396
vt 0.3828 0.0188
vt 0.3781 0.0773
vt 0.3771 0.1290
vt 0.5270 0.4496
vt 0.4359 0.1765
vt 0.3605 0.1735
vt 0.2959 0.0224
vt 0.4528 0.0600
vt 0.0496 0.2944
vt 0.4435 0.0968
vt 0.9662 0.1430
vt 0.1862 0.2778
vt 0.3093 0.3219
vt 0.6784 0.2566
vt 0.5035 0.1880
vt 0.2154 0.1926
vt 0.2880 0.1523
vt 0.4659 0.8832
vt 0.9267 0.7624
vt 0.6948 0.6055
vt 0.8282 0.1669
vt 0.4769 0.1518
vt 0.5364 0.2088
vt 0.5638 0.2259
vt 0.1509 0.4320
vt 0.6250 0.4017
vt 0.9966 0.3096
vt 0.9642 0.4551
vt 0.0970 0.6148
vt 0.0387 0.6279
vt 0.0822 0.6721
vt 0.0996 0.5560
vt 0.0600 0.6162
vt 0.0316 0.6167
vt 0.0858 0.6150
vt 0.0486 0.6831
vt 0.0919 0.5938
vt 0.1793 0.6721
vt 0.1533 0.6155
vt 0.1755 0.6503
vt 0.1492 0.6127
vt 0.2008 0.6951
vt 0.1492 0.6677
vt 0.1729 0.6728
vt 0.2264 0.6705
vt 0.2264 0.6154
vt 0.1989 0.6149
vt 0.1716 0.9642
vt 0.1150 0.9635
vt 0.1399 0.8995
vt 0.0066 0.8450
vt 0.0153 0.9796
vt 0.4156 0.9254
vt 0.0096 0.8995
vt 0.8190 0.0834
vt 0.7660 0.0451
vt 0.7205 0.1044
vt 0.8082 0.0331
vt 0.8357 0.0901
vt 0.6006 0.1061
vt 0.6743 0.0373
vt 0.7001 0.0613
vt 0.8150 0.0795
vt 0.6931 0.1126
vt 0.5208 0.0248
vt 0.6833 0.1340
vt 0.7594 0.0313
vt 0.8314 0.0835
vt 0.0201 0.2882
vt 0.0288 0.4180
vt 0.0245 0.2443
vt 0.6907 0.2428
vt 0.0225 0.3236
vt 0.6956 0.3801
vt 0.7480 0.6018
vt 0.9551 0.3911
vt 0.5717 0.7260
vt 0.5778 0.6840
vt 0.9551 0.0108
vt 0.7567 0.5549
vt 0.8188 0.6369
vt 0.8145 0.2313
vt 0.8283 0.5718
vt 0.9113 0.8702
vt 0.7854 0.8748
vt 0.8288 0.9364
vt 0.9662 0.8523
vt 0.9813 0.8286
vt 0.9095 0.8830
vt 0.9692 0.8297
vt 0.8288 0.9827
vt 0.9836 0.9296
vt 0.9112 0.9110
vt 0.8521 0.9004
vt 0.8288 0.9089
vt 0.7805 0.9705
vt 0.9797 0.9169
vt 0.8288 0.8598
vt 0.8521 0.8868
vt 0.9793 0.9359
vt 0.9120 0.9652
vt 0.8522 0.9883
vt 0.9122 0.8892
vt 0.9828 0.9952
vt 0.8846 0.9505
vt 0.7948 0.8748
vt 0.9164 0.8497
vt 0.8060 0.8846
vt 0.7909 0.9641
vt 0.7802 0.9637
vt 0.9070 0.9648
vt 0.9205 0.9652
vt 0.8999 0.8512
vt 0.7974 0.9875
vt 0.9776 0.9044
vt 0.9669 0.9049
vt 0.7810 0.8951
vt 0.7946 0.8947
vt 0.9328 0.8512
vt 0.9841 0.8811
vt 0.4827 0.9197
vt 0.4965 0.8916
vt 0.4849 0.8250
vt 0.4418 0.7947
vt 0.4341 0.8322
vt 0.4815 0.8955
vt 0.4356 0.8613
vt 0.1395 0.0845
vt 0.1752 0.0679
vt 0.1159 0.1026
vt 0.1156 0.0662
vt 0.1489 0.0682
vt 0.1853 0.1303
vt 0.0827 0.1463
vt 0.0745 0.1366
vt 0.1644 0.0958
vt 0.1288 0.1105
vt 0.1525 0.0559
vt 0.0827 0.1632
vt 0.0544 0.1748
vt 0.0408 0.1552
vt 0.0666 0.1334
vt 0.2127 0.0673
vt 0.2273 0.0679
vt 0.1815 0.1027
vt 0.1977 0.1037
vt 0.0479 0.0637
vt 0.0487 0.0725
vt 0.0542 0.0793
vt 0.0655 0.0817
vt 0.0733 0.0777
vt 0.0737 0.0562
vt 0.0688 0.0529
vt 0.0572 0.0527
vt 0.0522 0.0560
vt 0.2228 0.0857
vt 0.2252 0.0771
vt 0.1918 0.0843
vt 0.2085 0.0712
vt 0.1956 0.0947
vt 0.0711 0.0615
vt 0.0726 0.0670
vt 0.0696 0.0739
vt 0.0664 0.0759
vt 0.0531 0.0648
vt 0.0531 0.0686
vt 0.0572 0.0750
vt 0.0667 0.0577
vt 0.0591 0.0577
vt 0.0606 0.0659
vt 0.0605 0.0668
vt 0.0606 0.0677
vt 0.0611 0.0684
vt 0.0623 0.0691
vt 0.0637 0.0690
vt 0.0644 0.0685
vt 0.0651 0.0669
vt 0.0648 0.0656
vt 0.0637 0.0647
vt 0.0624 0.0645
vt 0.0615 0.0649
vt 0.0320 0.0355
vt 0.0225 0.0498
vt 0.0192 0.0666
vt 0.0226 0.0833
vt 0.0320 0.0973
vt 0.0542 0.1083
vt 0.0786 0.1067
vt 0.0924 0.0975
vt 0.1065 0.0677
vt 0.0874 0.0305
vt 0.0716 0.0242
vt 0.0547 0.0243
vt 0.1889 0.2878
vt 0.4277 0.7127
vt 0.4277 0.7127
vt 0.4225 0.6972
vt 0.4373 0.6878
vt 0.3731 0.6795
vt 0.8798 0.9118
vt 0.8798 0.9184
vt 0.8700 0.8654
vt 0.8515 0.8661
vt 0.8506 0.9846
vt 0.8521 0.8727
vt 0.8521 0.9004
vt 0.8516 0.9846
vt 0.2113 0.5662
vt 0.2098 0.5512
vt 0.1800 0.7625
vt 0.2028 0.5378
vt 0.1515 0.7541
vt 0.6750 0.1163
vt 0.7988 0.1207
vt 0.7536 0.0263
vt 0.8334 0.0533
vt 0.5923 0.1376
vt 0.7566 0.1094
vt 0.6539 0.0163
vt 0.8144 0.0274
vt 0.7567 0.0581
vt 0.8140 0.1033
vt 0.2278 0.0466
vt 0.1590 0.0182
vt 0.3741 0.7073
vt 0.3734 0.7133
vt 0.3746 0.7193
vt 0.3783 0.7241
vt 0.3833 0.7276
vt 0.0647 0.1539
vt 0.0634 0.1570
vt 0.0638 0.1568
vt 0.0603 0.1540
vt 0.0602 0.1549
vt 0.0604 0.1557
f 17/1 25/2 24/3
f 10/4 18/5 17/6
f 3/7 11/8 10/9
f 41/10 4/11 3/12
f 3349/13 30/14 3350/15
f 3351/16 31/17 3349/18
f 350/19 345/20 136/21
f 345/20 66/22 136/21
f 3627/23 1012/24 1009/25
f 20/26 27/27 26/28
f 13/29 21/30 20/31
f 6/32 14/33 13/34
f 44/35 7/36 6/37
f 26/38 904/39 905/40
f 59/41 63/42 64/43
f 63/44 57/45 62/46
f 62/47 56/48 61/49
f 70/50 66/51 69/52
f 344/53 868/54 400/55
f 72/56 70/50 69/52
f 23/57 64/58 16/59
f 80/60 63/61 79/62
f 79/63 62/64 78/65
f 62/64 77/66 78/65
f 84/67 79/68 83/69
f 350/70 88/71 87/72
f 83/73 78/74 82/75
f 82/76 77/77 81/78
f 92/79 83/80 91/81
f 91/82 82/83 90/84
f 90/85 81/86 89/87
f 171/88 890/89 172/90
f 92/91 124/92 125/93
f 124/94 90/95 126/96
f 126/97 89/98 127/99
f 131/100 44/101 42/102
f 101/103 108/104 109/105
f 104/106 112/107 111/108
f 100/109 107/110 108/111
f 99/112 106/113 107/114
f 109/115 115/116 116/117
f 111/118 119/119 118/120
f 108/121 114/122 115/123
f 107/124 113/125 114/126
f 6/37 42/102 44/35
f 4/127 13/128 11/129
f 11/130 20/131 18/132
f 967/133 260/134 969/135
f 18/136 26/137 25/138
f 132/139 42/140 41/141
f 3628/142 1011/143 1012/144
f 134/145 45/146 44/147
f 16/148 80/149 9/150
f 1/151 80/152 84/153
f 84/153 39/154 1/151
f 129/155 92/91 125/93
f 46/156 109/157 33/158
f 116/117 33/158 109/115
f 886/159 345/160 349/161
f 971/162 213/163 964/164
f 964/165 217/166 965/167
f 217/166 966/168 965/167
f 226/169 967/170 966/171
f 147/172 159/173 158/174
f 143/175 153/176 154/177
f 153/178 141/179 152/180
f 138/181 155/182 149/183
f 959/184 30/185 960/186
f 144/187 154/188 155/189
f 153/190 163/191 164/192
f 149/193 166/194 160/195
f 155/196 165/197 166/198
f 159/173 168/199 158/174
f 154/200 164/201 165/202
f 962/203 172/204 961/205
f 961/206 173/207 960/208
f 888/209 173/210 889/211
f 970/212 175/213 958/214
f 191/215 59/216 23/217
f 866/218 58/219 865/220
f 3650/221 2182/222 2173/223
f 1009/25 3630/224 3627/23
f 164/225 197/226 198/227
f 160/228 200/229 194/230
f 260/134 968/231 969/135
f 888/232 344/233 295/234
f 166/235 199/236 200/237
f 203/238 169/239 204/240
f 165/241 198/242 199/243
f 174/244 295/245 352/246
f 135/247 343/248 351/249
f 50/250 639/251 625/252
f 3352/253 28/254 3353/255
f 301/256 317/257 312/258
f 4076/259 294/260 4077/261
f 278/262 294/263 289/264
f 282/265 267/266 271/267
f 225/268 235/269 236/270
f 239/271 229/272 240/273
f 224/274 234/275 235/276
f 234/277 222/278 233/279
f 219/280 236/281 230/282
f 256/283 271/267 267/266
f 203/284 367/285 168/286
f 244/287 261/288 256/289
f 1957/290 2722/291 2721/292
f 251/293 240/294 252/295
f 235/296 245/297 246/298
f 234/299 244/300 245/301
f 230/302 247/303 241/304
f 249/305 233/306 238/307
f 167/308 368/309 201/310
f 233/306 227/311 238/307
f 783/312 19/313 799/314
f 767/315 12/316 783/317
f 236/318 246/319 247/320
f 245/321 256/322 257/323
f 253/324 247/325 259/326
f 366/327 168/286 367/285
f 228/328 216/329 229/330
f 767/331 379/332 5/333
f 247/325 258/334 259/326
f 262/335 252/336 263/337
f 246/338 257/339 258/340
f 264/341 259/342 270/343
f 367/285 156/344 366/327
f 719/345 360/346 735/347
f 259/342 269/348 270/343
f 273/349 263/350 274/351
f 258/352 268/353 269/354
f 257/355 267/356 268/357
f 158/174 365/358 147/172
f 201/310 163/359 167/308
f 719/360 358/361 359/362
f 270/363 280/364 281/365
f 284/366 274/367 285/368
f 269/369 279/370 280/371
f 268/372 278/373 279/374
f 275/375 270/363 281/365
f 167/376 152/377 156/378
f 281/379 291/380 292/381
f 284/382 297/383 296/384
f 280/385 290/386 291/387
f 279/388 289/389 290/390
f 286/391 281/379 292/381
f 156/392 141/393 145/394
f 366/395 145/396 365/397
f 3451/398 119/399 3460/400
f 362/401 118/402 363/403
f 292/404 4079/405 4078/406
f 296/407 4081/408 4080/409
f 291/410 4082/411 4079/412
f 290/413 4076/414 4082/415
f 286/416 4078/417 4083/418
f 3440/419 147/172 365/358
f 3452/420 117/421 363/422
f 106/423 117/424 113/425
f 104/426 362/427 361/428
f 307/429 320/430 319/431
f 303/432 313/433 314/434
f 313/435 301/256 312/258
f 298/436 315/437 309/438
f 110/439 98/440 102/441
f 113/442 3453/443 3454/444
f 304/445 314/446 315/447
f 299/448 335/449 334/450
f 334/451 311/452 300/453
f 4085/454 287/455 4084/456
f 276/457 336/458 381/459
f 4085/460 300/461 4086/462
f 381/463 288/464 277/465
f 277/465 380/466 381/463
f 265/467 381/463 380/466
f 382/468 266/469 255/470
f 383/471 255/472 243/473
f 384/474 243/475 232/476
f 385/477 232/478 221/479
f 369/480 228/481 370/482
f 254/483 380/484 382/485
f 214/486 370/487 227/488
f 242/489 382/490 383/491
f 231/492 383/493 384/494
f 384/494 220/495 231/492
f 209/496 227/497 222/498
f 210/499 222/500 223/501
f 332/502 196/503 162/504
f 355/505 337/506 356/507
f 354/508 338/509 355/510
f 687/511 202/512 205/513
f 272/514 625/515 856/516
f 611/517 130/518 103/519
f 532/520 137/521 529/522
f 500/523 218/524 348/525
f 872/526 346/527 283/528
f 418/529 318/530 306/531
f 410/532 306/533 346/534
f 3354/535 342/536 3352/537
f 136/21 351/538 350/19
f 402/539 283/540 344/541
f 959/542 352/543 970/544
f 87/72 349/545 350/70
f 357/546 337/547 345/548
f 331/549 162/550 151/551
f 330/552 151/553 140/554
f 114/555 3454/556 3455/557
f 115/558 3455/559 3456/560
f 328/561 38/562 35/563
f 35/563 327/564 328/561
f 332/565 195/566 333/567
f 327/568 132/569 326/570
f 331/571 161/572 332/573
f 326/574 41/575 325/576
f 330/577 150/578 331/579
f 116/580 3456/581 3457/582
f 36/583 3457/584 3458/585
f 34/586 329/587 328/588
f 3/12 325/576 41/10
f 328/588 47/589 34/586
f 324/590 10/591 323/592
f 128/593 327/568 326/570
f 326/570 40/594 128/593
f 2/595 325/596 324/597
f 869/598 404/599 878/600
f 283/601 408/602 868/603
f 871/604 405/605 869/606
f 405/607 412/608 404/609
f 346/610 416/611 408/612
f 406/613 413/614 405/615
f 413/616 420/617 412/618
f 306/619 424/620 416/621
f 414/622 421/623 413/624
f 454/625 442/626 462/627
f 445/628 184/629 185/630
f 449/631 444/632 445/633
f 442/634 186/635 443/636
f 460/637 461/638 455/639
f 3651/640 2181/641 2182/642
f 187/643 892/644 881/645
f 183/646 461/647 182/648
f 323/649 17/650 322/651
f 185/630 459/652 445/628
f 449/653 459/654 454/655
f 183/656 444/657 455/658
f 448/659 455/658 444/657
f 430/660 476/661 429/662
f 429/663 475/664 428/665
f 428/666 438/667 434/668
f 347/669 434/668 438/667
f 341/670 465/671 432/672
f 463/673 446/674 450/675
f 458/676 450/675 446/674
f 452/677 458/678 457/679
f 451/680 457/681 436/682
f 439/683 451/680 436/682
f 478/684 472/685 470/686
f 468/687 479/688 469/689
f 472/690 485/691 471/692
f 483/693 470/694 473/695
f 471/696 480/697 468/698
f 473/699 446/700 464/701
f 494/702 489/703 490/704
f 493/705 488/706 489/707
f 458/708 470/686 472/685
f 348/709 487/710 486/711
f 527/712 521/713 522/714
f 521/715 525/716 520/717
f 137/718 530/719 524/720
f 1024/721 3632/722 3631/723
f 517/724 522/725 516/726
f 522/725 515/727 516/726
f 5051/728 2200/729 3653/730
f 3634/731 1027/732 3633/733
f 521/734 514/735 515/736
f 519/737 520/738 529/739
f 1022/740 3636/741 3635/742
f 498/743 505/744 504/745
f 504/745 497/746 498/743
f 497/747 502/748 496/749
f 496/750 507/751 575/752
f 157/753 507/754 250/755
f 157/756 506/757 576/758
f 547/759 5016/760 5015/761
f 548/762 5017/763 5016/764
f 550/765 5018/766 5017/767
f 549/768 5019/769 5018/770
f 5020/771 546/772 535/773
f 552/774 558/775 557/776
f 553/777 560/778 558/779
f 555/780 559/781 560/782
f 554/783 556/784 559/785
f 551/786 541/787 556/788
f 43/789 529/522 137/521
f 137/521 518/790 43/789
f 1015/791 3635/792 3637/793
f 495/794 498/795 494/796
f 498/795 493/797 494/796
f 123/798 89/799 93/800
f 497/801 492/802 493/803
f 501/804 496/750 575/752
f 157/805 501/804 575/752
f 218/806 576/807 487/808
f 320/809 2259/810 2258/811
f 4081/812 2260/813 4088/814
f 297/815 2261/816 2260/817
f 285/818 2262/819 2261/820
f 255/821 2262/822 2263/823
f 243/824 2263/825 2264/826
f 93/827 81/828 86/829
f 66/22 135/830 136/21
f 878/831 410/832 872/833
f 404/834 418/835 410/836
f 412/837 426/838 418/839
f 910/840 447/841 439/842
f 471/692 458/708 472/690
f 468/698 457/843 471/696
f 488/844 501/845 500/846
f 32/847 5022/848 5021/849
f 43/850 512/851 32/852
f 529/522 525/853 532/520
f 565/854 580/855 545/856
f 545/856 563/857 565/854
f 583/858 562/859 544/860
f 564/861 582/862 580/863
f 585/864 588/865 589/866
f 830/867 585/864 589/866
f 592/868 526/869 527/870
f 594/871 612/872 598/873
f 103/874 598/873 612/872
f 596/875 613/876 610/877
f 252/878 2265/879 2264/880
f 595/881 608/882 594/883
f 604/884 617/885 618/886
f 240/887 2266/888 2265/889
f 599/890 615/891 613/892
f 831/893 618/894 832/895
f 610/877 600/896 596/875
f 616/897 601/898 602/899
f 607/900 609/901 595/902
f 848/903 631/904 632/905
f 849/906 632/907 833/908
f 833/908 850/909 849/906
f 855/910 50/911 272/912
f 208/913 2266/914 2267/915
f 2268/916 216/917 204/918
f 2269/919 196/920 2268/921
f 169/922 2270/923 2269/924
f 670/925 691/926 686/927
f 140/928 2270/929 2271/930
f 669/931 684/932 668/933
f 680/934 695/935 696/936
f 3447/937 2271/938 3450/939
f 691/940 677/941 693/942
f 836/943 696/944 837/945
f 686/927 676/946 670/925
f 678/947 693/942 677/941
f 683/948 685/949 669/950
f 668/951 688/952 672/953
f 205/954 672/953 688/952
f 702/955 692/956 686/957
f 708/958 695/959 692/960
f 696/961 711/962 712/963
f 837/964 712/965 838/966
f 697/967 838/968 713/969
f 713/969 698/970 697/967
f 715/971 698/972 714/973
f 838/974 728/975 839/976
f 718/977 708/978 702/979
f 726/980 709/981 710/982
f 715/983 717/984 701/985
f 700/986 720/987 704/988
f 358/361 720/989 359/362
f 702/979 723/990 718/977
f 35/991 2272/992 2273/993
f 717/984 700/994 701/985
f 712/995 727/996 728/997
f 2273/998 105/999 2274/1000
f 707/1001 725/1002 723/1003
f 359/1004 736/1005 360/1006
f 718/1007 739/1008 734/1009
f 105/999 2275/1010 2274/1000
f 733/1011 716/1012 717/1013
f 728/1014 743/1015 744/1016
f 2275/1017 96/1018 2276/1019
f 723/1020 741/1021 739/1022
f 839/1023 744/1024 840/1025
f 734/1009 724/1026 718/1007
f 742/1027 725/1028 726/1029
f 731/1030 733/1011 717/1013
f 716/1031 736/1032 720/1033
f 96/1018 2277/1034 2276/1019
f 2278/1035 52/1036 2277/1037
f 3405/1038 387/1039 2278/1040
f 2279/1041 957/1042 2280/1043
f 2280/1044 176/1045 2281/1046
f 755/1047 773/1048 771/1049
f 841/1050 776/1051 842/1052
f 766/1053 756/1054 750/1055
f 758/1056 773/1057 757/1058
f 763/1059 765/1060 749/1061
f 748/1062 768/1063 752/1064
f 5/1065 752/1064 768/1063
f 750/1055 771/1066 766/1053
f 2282/1067 177/1068 2281/1069
f 749/1070 764/1071 748/1072
f 760/1073 775/1074 776/1075
f 779/1076 781/1077 765/1078
f 764/1079 784/1080 768/1081
f 5/1082 784/1083 12/1084
f 766/1085 787/1086 782/1087
f 2282/1088 401/1089 2283/1090
f 765/1091 780/1092 764/1093
f 792/1094 775/1095 791/1096
f 2284/1097 395/1098 2283/1099
f 771/1100 789/1101 787/1102
f 843/1103 776/1104 792/1105
f 766/1106 788/1107 772/1108
f 790/1109 773/1110 774/1111
f 808/1112 791/1113 807/1114
f 893/1115 2285/1116 2284/1117
f 787/1118 805/1119 803/1120
f 844/1121 792/1122 808/1123
f 798/1124 788/1125 782/1126
f 806/1127 789/1128 790/1129
f 795/1130 797/1131 781/1132
f 780/1133 800/1134 784/1135
f 12/1136 800/1137 19/1138
f 782/1126 803/1139 798/1124
f 411/1140 2285/1141 2286/1142
f 781/1143 796/1144 780/1145
f 810/1146 2705/1147 2704/1148
f 1978/1149 2734/1150 1973/1151
f 1960/1152 2749/1153 2744/1154
f 814/1155 2701/1156 2697/1157
f 1975/1158 2713/1159 1280/1160
f 419/1161 2286/1162 2287/1163
f 1985/1164 2741/1165 2740/1166
f 2004/1167 2741/1168 1984/1169
f 803/1170 2683/1171 798/1172
f 1976/1173 2746/1174 2246/1175
f 1177/1176 2714/1177 2715/1178
f 433/1179 2289/1180 2288/1181
f 2289/1182 467/1183 2290/1184
f 2290/1185 481/1186 2291/1187
f 481/1186 2292/1188 2291/1187
f 534/1189 2292/1190 2293/1191
f 2003/1192 2717/1193 1967/1194
f 534/1195 5000/1196 5001/1197
f 2294/1198 539/1199 2295/1200
f 824/1201 2700/1202 2699/1203
f 102/1204 127/1205 123/1206
f 126/1207 98/1208 99/1209
f 807/1210 788/1211 804/1212
f 810/1213 793/1214 809/1215
f 777/1216 794/1217 778/1218
f 788/1107 775/1219 772/1108
f 772/1220 759/1221 756/1222
f 761/1223 778/1224 762/1225
f 746/1226 729/1227 745/1228
f 740/1229 727/1230 724/1231
f 724/1232 711/1233 708/1234
f 713/1235 730/1236 714/1237
f 715/1238 685/1239 699/1240
f 685/1241 700/1242 684/1243
f 684/1244 704/1245 688/1246
f 692/1247 679/1248 676/1249
f 358/1250 688/1246 704/1245
f 682/1251 697/967 698/970
f 124/1252 99/1253 100/1254
f 539/1199 2296/1255 2295/1200
f 614/1256 603/1257 600/1258
f 581/1259 584/1260 563/1261
f 578/1262 478/1263 483/1264
f 494/796 491/1265 495/794
f 619/1266 606/1267 605/1268
f 591/1269 586/1270 590/1271
f 862/1272 71/1273 863/1274
f 2003/1275 2743/1276 2720/1277
f 1975/1278 2732/1279 2733/1280
f 843/1281 809/1215 793/1214
f 811/1282 794/1283 810/1284
f 795/1285 778/1218 794/1217
f 842/1286 793/1287 777/1288
f 841/1289 777/1290 761/1291
f 779/1292 762/1225 778/1224
f 730/1293 747/1294 731/1295
f 731/1295 714/1237 730/1293
f 205/513 703/1296 687/511
f 705/1297 687/511 703/1296
f 683/1298 698/1299 699/1300
f 606/1301 621/1302 607/1303
f 587/1304 593/1305 592/1306
f 353/1307 339/1308 354/1309
f 72/1310 340/1311 75/1312
f 75/1312 73/1313 72/1310
f 590/1314 829/1315 830/1316
f 832/895 605/1317 831/893
f 859/1318 629/1319 627/1320
f 860/1321 627/1322 624/1323
f 837/945 681/1324 836/943
f 839/976 713/969 838/974
f 840/1025 729/1325 839/1023
f 662/1326 677/1327 661/1328
f 125/1329 100/1330 101/1331
f 129/1332 101/1333 46/1334
f 624/1335 643/1336 638/1337
f 627/1338 645/1339 643/1340
f 645/1341 630/1342 646/1343
f 626/1344 55/1345 50/1346
f 640/1347 622/1348 636/1349
f 636/1350 623/1351 637/1352
f 637/1353 635/1354 651/1355
f 650/1356 635/1357 634/1358
f 634/1358 649/1359 650/1356
f 633/1360 834/1361 649/1362
f 833/1363 648/1364 834/1365
f 632/1366 647/1367 648/1368
f 644/1369 631/1370 628/1371
f 638/1337 628/1372 624/1335
f 624/1323 846/1373 860/1321
f 847/1374 628/1371 631/1370
f 634/1375 850/1376 633/1377
f 635/1357 851/1378 634/1358
f 623/1379 852/1380 635/1381
f 622/1382 853/1383 623/1384
f 626/1385 854/1386 622/1387
f 324/597 8/1388 2/595
f 323/1389 15/1390 8/1391
f 19/1392 2676/1393 799/1394
f 629/1395 857/1396 630/1397
f 874/1398 899/1399 898/1400
f 876/1401 184/1402 183/1403
f 322/1404 22/1405 15/1406
f 22/1407 861/1408 193/1409
f 76/1410 390/1411 73/1412
f 3407/1413 391/1414 3411/1415
f 86/1416 77/1417 65/1418
f 61/1419 65/1418 77/1417
f 389/1420 73/1412 390/1411
f 388/1421 70/1422 389/1423
f 67/1424 394/1425 135/1426
f 351/1427 392/1428 88/1429
f 17/650 321/1430 322/651
f 321/1431 192/1432 861/1433
f 2299/1434 801/1435 2298/1436
f 786/1437 2300/1438 2299/1439
f 133/1440 188/1441 45/1442
f 189/1443 45/1442 188/1441
f 7/1444 190/1445 14/1446
f 864/1447 58/1448 59/1449
f 963/1450 171/1451 962/1452
f 908/1453 27/1454 181/1455
f 867/1456 57/1457 866/1458
f 85/1459 170/1460 94/1461
f 753/1462 2300/1463 2301/1464
f 916/1465 898/1466 919/1467
f 882/1468 187/1469 901/1470
f 397/1471 878/1472 396/1473
f 132/1474 49/1475 131/1476
f 885/1477 441/1478 187/1479
f 402/1480 889/1481 396/1482
f 60/1483 183/646 182/648
f 97/1484 392/1485 393/1486
f 398/1487 869/1488 397/1489
f 398/1490 94/1491 399/1492
f 352/1493 887/1494 175/1495
f 172/1496 889/211 173/210
f 883/1497 901/1498 900/1499
f 396/1482 872/1500 402/1480
f 21/1501 181/1455 27/1454
f 14/1502 180/1503 21/1504
f 3390/1505 440/1506 3412/1507
f 87/1508 97/1509 96/1510
f 899/1511 883/1497 900/1499
f 871/1512 399/1513 870/1514
f 184/629 891/1515 185/630
f 915/1516 182/1517 907/1518
f 891/1515 186/1519 185/630
f 870/1514 406/1520 871/1512
f 738/1521 2303/1522 2302/1523
f 881/1524 443/636 186/635
f 914/1525 479/1526 955/1527
f 178/1528 884/1529 885/1530
f 95/1531 361/1532 364/1533
f 705/1534 2303/1535 2304/1536
f 689/1537 2304/1538 2305/1539
f 96/1510 95/1540 87/1508
f 104/1541 120/1542 105/1543
f 295/1544 400/1545 887/1546
f 3409/1547 388/1548 3387/1549
f 890/1550 396/1482 889/1481
f 85/1551 397/1552 890/1553
f 407/1554 414/1555 406/1556
f 415/1557 422/1558 414/1559
f 894/1560 885/1561 882/1562
f 3391/1563 189/1564 3413/1565
f 180/1566 3391/1567 3392/1568
f 3393/1569 180/1566 3392/1568
f 3394/1570 181/1571 3393/1572
f 891/1573 187/643 881/645
f 895/1574 882/1575 883/1576
f 875/1577 895/1574 883/1576
f 897/1578 875/1579 874/1580
f 918/1581 874/1582 916/1583
f 899/1584 877/1585 876/1586
f 919/1587 60/1588 915/1589
f 877/1590 901/1591 891/1592
f 898/1593 876/1594 60/1595
f 3413/1596 188/1597 3390/1598
f 61/1599 71/1600 68/1601
f 863/1602 56/1603 867/1604
f 349/161 364/1605 886/159
f 337/1606 69/52 66/51
f 339/1607 69/1608 338/1609
f 2186/1610 3655/1611 3654/1612
f 2176/1613 3657/1614 3656/1615
f 75/1616 922/1617 923/1618
f 2170/1619 3659/1620 3658/1621
f 2171/1622 3660/1623 3659/1624
f 3411/1625 925/1626 3414/1627
f 2188/1628 3662/1629 3661/1630
f 94/1631 927/1632 928/1633
f 2205/1634 3664/1635 3663/1636
f 870/1637 929/1638 930/1639
f 2206/1640 3666/1641 3665/1642
f 2178/1643 3667/1644 3666/1645
f 3667/1646 2195/1647 3668/1648
f 2196/1649 3670/1650 3669/1651
f 469/689 436/1652 468/687
f 910/1653 469/1654 914/1655
f 2198/1656 3637/1657 3671/1658
f 484/1659 569/1660 566/1661
f 485/1662 566/1663 567/1664
f 569/1665 535/773 546/772
f 566/1666 546/1667 549/1668
f 5021/1669 507/1670 5024/1671
f 5068/1672 5064/1673 5066/1674
f 43/1675 513/1676 519/1677
f 513/1676 514/1678 519/1677
f 544/1679 556/788 541/787
f 559/1680 562/1681 564/1682
f 943/1683 523/1684 942/1685
f 944/1686 528/1687 943/1688
f 2199/1689 3673/1690 3672/1691
f 946/1692 574/1693 945/1694
f 3638/1695 2204/1696 3674/1697
f 2204/1696 3675/1698 3674/1697
f 949/1699 572/1700 948/1701
f 950/1702 571/1703 949/1704
f 951/1705 561/1706 950/1707
f 509/1708 514/1709 508/1710
f 510/1711 515/1712 509/1713
f 5027/1714 5081/1715 5079/1716
f 567/1717 549/1718 550/1719
f 570/1720 550/1721 548/1722
f 570/1723 485/1662 567/1664
f 568/1724 480/1725 570/1726
f 348/1727 465/1728 347/1729
f 348/525 438/1730 500/523
f 500/846 475/1731 488/844
f 475/1731 489/707 488/844
f 476/1732 490/704 489/703
f 431/1733 477/1734 430/1735
f 477/1736 491/1737 490/1738
f 936/1739 474/1740 935/1741
f 3676/1742 2184/1743 3677/1744
f 568/1745 548/1746 547/1747
f 954/1748 547/1749 953/1750
f 5043/1751 5092/1752 5100/1753
f 940/1754 5028/1755 5029/1756
f 511/1757 516/1758 510/1759
f 3631/723 1023/1760 1024/721
f 560/1761 564/1762 565/1763
f 558/1764 565/854 563/857
f 528/1765 522/1766 523/1767
f 531/1768 527/1769 528/1770
f 574/1771 592/1772 531/1773
f 573/1774 587/1775 574/1776
f 586/1777 828/1778 829/1779
f 829/1780 572/1781 585/1782
f 585/1783 571/1784 584/1785
f 561/1786 584/1785 571/1784
f 557/1787 563/1788 561/1789
f 24/1790 903/1791 902/1792
f 905/1793 3640/1794 3629/1795
f 25/1796 905/1797 903/1798
f 3678/1799 906/1800 971/1801
f 182/1517 912/1802 907/1518
f 902/1792 192/1803 24/1790
f 461/1804 913/1805 912/1806
f 941/1807 523/1808 517/1809
f 5015/761 953/1750 547/759
f 557/776 952/1810 552/774
f 938/1811 505/1812 499/1813
f 937/1814 499/1815 495/1816
f 3680/1817 911/1818 910/1819
f 3641/1820 904/1821 908/1822
f 3643/1823 919/1824 3642/1825
f 3682/1826 907/1827 3650/1828
f 3677/1829 914/1525 955/1527
f 3692/1830 908/1831 3394/1832
f 3643/1833 918/1581 916/1583
f 3642/1834 915/1835 3682/1836
f 862/1837 917/1838 74/1839
f 921/1840 340/1841 353/1842
f 923/1843 3657/1844 3658/1845
f 923/1618 76/1846 75/1616
f 924/1847 391/1848 76/1849
f 3414/1850 3660/1851 3691/1852
f 972/1853 170/1854 963/1855
f 928/1856 3662/1857 3663/1858
f 928/1633 399/1492 94/1631
f 930/1859 3664/1860 3665/1861
f 930/1639 407/1862 870/1637
f 931/1863 415/1864 407/1865
f 932/1866 423/1867 415/1868
f 934/1869 474/1870 431/1871
f 3683/1872 910/1653 914/1655
f 936/1873 495/794 491/1265
f 3644/1874 942/1875 3632/1876
f 3672/1877 943/1878 3644/1879
f 531/1773 945/1694 574/1771
f 946/1880 3673/1881 3638/1882
f 573/1883 947/1884 828/1885
f 828/1886 948/1701 572/1700
f 3645/1887 948/1888 3675/1889
f 3646/1890 949/1891 3645/1892
f 3634/1893 950/1894 3646/1895
f 3670/1896 936/1739 935/1741
f 568/1897 955/1527 479/1526
f 3653/1898 954/1748 953/1750
f 3639/1899 5029/1900 5050/1901
f 517/1809 940/1902 941/1807
f 49/1475 134/1903 131/1476
f 51/1904 133/1905 134/1906
f 133/1907 387/1908 440/1909
f 3389/1910 440/1909 387/1908
f 968/1911 177/1912 179/1913
f 879/1914 179/1913 177/1912
f 884/1915 395/1916 441/1917
f 873/1918 441/1917 395/1916
f 892/1919 403/1920 443/1921
f 403/1920 442/634 443/1921
f 411/1922 462/627 442/626
f 427/1923 464/1924 463/1925
f 464/701 466/1926 473/699
f 473/695 482/1927 483/693
f 483/1264 579/1928 578/1262
f 534/1929 578/1262 579/1928
f 1692/1930 5008/1931 2242/1932
f 538/1933 540/1934 541/1935
f 540/1934 544/1679 541/1935
f 524/1936 2354/1937 2353/1938
f 2331/1939 2411/1940 2344/1941
f 5203/1942 2344/1943 5214/1944
f 674/1945 694/1946 678/1947
f 690/1948 710/1949 694/1950
f 694/1951 709/1952 693/1953
f 706/1954 726/980 710/982
f 726/1029 738/1955 742/1027
f 754/1956 774/1957 758/1958
f 751/1959 769/1960 753/1961
f 721/1962 735/1963 737/1964
f 703/1296 721/1965 705/1297
f 691/1966 709/1967 707/1968
f 686/957 707/1969 702/955
f 689/1970 671/1971 687/1972
f 654/1973 675/1974 670/1975
f 2336/1976 2412/1977 2333/1978
f 2333/1979 2408/1980 2406/1981
f 2296/1982 2341/1983 543/1984
f 2338/1985 2325/1986 2343/1987
f 518/1988 542/1989 539/1990
f 512/1991 539/1992 536/1993
f 5022/1994 536/1995 5023/1996
f 506/757 577/1997 576/758
f 487/1998 577/1999 481/2000
f 486/2001 481/2002 467/2003
f 437/2004 486/2001 467/2003
f 432/2005 437/2006 433/2007
f 425/2008 416/621 424/620
f 417/2009 408/612 416/611
f 868/2010 409/2011 893/2012
f 893/2012 400/55 868/2010
f 887/2013 401/2014 880/2015
f 880/2015 175/1495 887/2013
f 958/2016 176/2017 957/2018
f 3388/2019 393/1486 392/1485
f 211/2020 223/2021 224/2022
f 212/2023 224/2024 225/2025
f 227/311 371/2026 238/307
f 238/307 372/2027 249/305
f 249/2028 373/2029 261/2030
f 261/2031 374/2032 271/2033
f 271/267 375/2034 282/265
f 282/2035 376/2036 294/2037
f 4077/2038 377/2039 305/2040
f 377/2039 317/2041 305/2040
f 206/2042 225/2043 219/2044
f 206/2045 220/2046 207/2047
f 371/2048 228/2049 239/2050
f 371/2051 251/2052 372/2053
f 262/2054 372/2053 251/2052
f 273/2055 373/2056 262/2057
f 284/2058 374/2059 273/2060
f 296/384 375/2061 284/382
f 4080/409 376/2062 296/407
f 377/2063 319/2064 378/2065
f 3448/2066 138/2067 139/2068
f 363/403 110/2069 362/401
f 362/427 102/2070 361/428
f 361/1532 123/2071 364/1533
f 364/1605 93/2072 886/159
f 93/2072 357/2073 886/159
f 357/2074 65/2075 356/2076
f 68/2077 356/2076 65/2075
f 71/1600 355/2078 68/1601
f 354/1309 74/2079 353/1307
f 917/1838 353/1307 74/1839
f 3656/1615 2169/2080 2176/1613
f 770/2081 790/1109 774/1111
f 790/1129 802/2082 806/1127
f 19/2083 2689/2084 2677/2085
f 22/2086 191/215 23/217
f 15/2087 23/57 16/59
f 8/2088 16/148 9/150
f 2/2089 9/2090 1/2091
f 1/2091 40/2092 2/2089
f 128/2093 39/2094 129/2095
f 47/2096 129/1332 46/1334
f 34/2097 46/156 33/158
f 33/158 37/2098 34/2097
f 3461/2099 329/2100 3462/2101
f 3448/2102 330/2103 3449/2104
f 139/2105 149/2106 150/2107
f 150/2108 160/2109 161/2110
f 161/2111 194/2112 195/2113
f 207/2114 385/2115 386/2116
f 221/479 386/2116 385/477
f 230/282 220/2117 219/280
f 231/2118 241/2119 242/2120
f 241/2119 254/2121 242/2120
f 253/2122 265/2123 254/2124
f 276/2125 264/2126 275/2127
f 286/2128 276/2125 275/2127
f 4083/418 287/2129 286/416
f 299/2130 309/2131 310/2132
f 596/2133 581/2134 545/2135
f 545/2135 599/2136 596/2133
f 580/2137 601/2138 599/2139
f 602/2140 582/2141 583/2142
f 2350/2143 5225/2144 5221/2145
f 690/2146 2306/2147 2305/2148
f 2306/2149 657/2150 673/2151
f 2363/2152 2415/2153 2334/2154
f 146/2155 597/2156 530/2157
f 130/2158 532/2159 598/2160
f 525/853 598/2160 532/520
f 526/2161 594/2162 525/2163
f 593/2164 595/2165 526/2166
f 591/2167 607/2168 593/2169
f 591/2170 605/1268 606/1267
f 590/2171 831/893 605/1317
f 830/2172 604/2173 831/2174
f 589/2175 603/2176 604/2177
f 588/2178 600/1258 603/1257
f 675/2179 661/1328 677/1327
f 658/2180 678/2181 662/2182
f 202/2183 655/2184 121/2185
f 668/2186 656/2187 652/2188
f 667/2189 669/2190 653/2191
f 682/2192 665/2193 681/2194
f 835/2195 680/2196 836/2197
f 663/2198 676/1249 679/1248
f 670/1975 660/2199 654/1973
f 664/2200 679/2201 680/2202
f 665/2193 836/943 681/2194
f 666/2203 683/2204 667/2205
f 669/2190 652/2206 653/2191
f 202/2207 656/2208 672/2209
f 673/2210 655/2211 671/2212
f 767/2213 785/2214 769/2215
f 785/2216 799/2217 801/2218
f 821/2219 2696/2220 2691/2221
f 967/2222 178/2223 894/2224
f 918/2225 964/2226 897/2227
f 897/2228 965/2229 896/2230
f 965/2229 895/2231 896/2230
f 966/2232 894/2233 895/2234
f 174/2235 960/208 173/207
f 2347/2236 5219/2237 2327/2238
f 53/2239 961/2240 31/2241
f 31/2242 960/186 30/185
f 342/2243 958/2244 28/2245
f 2359/2246 2335/2247 2329/2248
f 969/2249 179/2250 178/2251
f 29/2252 970/2253 342/2254
f 54/2255 962/2256 53/2257
f 2168/2258 3661/2259 3685/2260
f 3684/2261 971/2262 918/2263
f 926/2264 963/2265 54/2266
f 248/2267 956/2268 968/2269
f 28/2270 957/2271 316/2272
f 207/2273 333/567 195/566
f 208/2274 333/2275 386/2276
f 206/2277 195/2113 194/2112
f 194/2112 212/2278 206/2277
f 200/2279 211/2280 212/2281
f 199/2282 210/2283 211/2284
f 198/2285 209/2286 210/2287
f 197/2288 214/2289 209/2290
f 201/2291 369/2292 214/2293
f 203/2294 369/2295 368/2296
f 215/2297 204/918 216/917
f 920/2298 3686/2299 3654/2300
f 866/1458 976/2301 867/1456
f 862/2302 977/2303 920/2304
f 867/1604 974/2305 863/1602
f 863/1274 973/2306 862/1272
f 3686/2307 982/2308 3687/2309
f 975/2310 981/2311 976/2312
f 973/2313 982/2314 977/2315
f 974/2316 978/2317 973/2318
f 976/2319 979/2320 974/2321
f 982/2308 3688/2322 3687/2309
f 980/2323 986/2324 981/2325
f 978/2326 987/2327 982/2328
f 979/2329 983/2330 978/2331
f 981/2332 984/2333 979/2334
f 909/2335 988/2336 192/2337
f 193/2338 990/2339 989/2340
f 861/2341 988/2342 990/2343
f 1014/2344 3647/2345 3630/2346
f 991/2347 992/2348 988/2349
f 3647/2350 1020/2351 3648/2352
f 989/2353 994/2354 993/2355
f 988/2342 994/2356 990/2343
f 993/2357 998/2358 997/2359
f 994/2360 996/2361 998/2362
f 992/2363 999/2364 996/2365
f 3648/2366 3700/2367 3649/2368
f 864/2369 1002/2370 865/2371
f 191/2372 1001/2373 864/2374
f 1001/2375 1005/2376 1002/2377
f 1001/2378 1003/2379 1004/2380
f 1005/2381 1007/2382 1008/2383
f 1004/2384 1006/2385 1007/2386
f 1000/2387 193/2338 989/2340
f 993/2355 1000/2387 989/2353
f 997/2359 1003/2388 993/2357
f 980/2389 1008/2390 985/2391
f 1002/2392 980/2393 975/2394
f 865/220 975/2395 866/218
f 447/2396 460/2397 451/2398
f 911/2399 456/2400 447/2401
f 3652/2402 2180/2403 2181/2404
f 3669/1651 2195/2405 2196/1649
f 933/2406 431/2407 423/2408
f 423/2409 430/2410 422/2411
f 422/2412 429/2413 421/2414
f 421/2415 428/2416 420/2417
f 434/668 420/2417 428/666
f 341/2418 426/2419 434/2420
f 318/2421 432/2422 424/2423
f 424/620 433/2424 425/2008
f 2288/1181 425/2008 433/1179
f 419/2425 463/2426 462/2427
f 462/627 450/2428 454/625
f 453/2429 454/625 450/2428
f 448/2430 453/2431 452/2432
f 452/2432 460/2433 448/2430
f 758/2434 741/2435 742/2436
f 738/1955 758/2434 742/1027
f 2302/1523 754/2437 738/1521
f 737/2438 751/1959 753/1961
f 379/2439 735/347 360/346
f 379/2440 736/2441 752/2442
f 732/2443 752/2442 736/2441
f 733/2444 748/2445 732/2446
f 747/2447 749/2448 733/2449
f 763/2450 746/2451 762/2452
f 745/1228 762/2452 746/1226
f 745/2453 841/1289 761/1291
f 840/2454 760/2455 841/2456
f 744/2457 759/2458 760/2459
f 756/2460 743/2461 740/2462
f 750/2463 740/2464 734/2465
f 734/2465 755/2466 750/2463
f 739/2467 757/2468 755/2469
f 667/2205 650/2470 666/2203
f 852/2471 620/2472 851/2473
f 621/2474 853/2475 609/2476
f 651/1355 653/2477 637/1353
f 653/2477 636/1350 637/1353
f 609/2478 854/2479 608/2480
f 636/1349 656/2481 640/1347
f 121/2482 640/1347 656/2481
f 608/2483 855/2484 612/2485
f 272/912 612/2485 855/910
f 103/519 856/2486 611/517
f 2360/2487 2334/2488 2335/2489
f 55/2490 655/2491 639/2492
f 657/2493 639/2492 655/2491
f 2307/2494 641/2495 657/2496
f 2355/2497 2328/2498 2324/2499
f 602/2500 2349/2501 2346/2502
f 662/2182 642/2503 658/2180
f 857/2504 615/2505 616/2506
f 646/1343 661/2507 645/1341
f 643/2508 661/2509 659/2510
f 613/2511 858/2512 859/2513
f 610/2514 859/2515 860/2516
f 860/2516 614/2517 610/2514
f 846/2518 617/2519 614/2520
f 618/2521 847/2522 848/2523
f 832/2524 848/2525 849/2526
f 619/2527 849/906 850/909
f 619/2528 851/2473 620/2472
f 650/2470 665/2529 666/2203
f 649/2530 835/2531 665/2532
f 834/2533 664/2534 835/2535
f 648/2536 663/2537 664/2538
f 647/2539 660/2540 663/2541
f 654/2542 644/2543 638/2544
f 638/2544 659/2545 654/2542
f 1145/2546 1133/2547 1109/2548
f 1038/2549 1032/2550 1034/2551
f 1109/2548 1149/2552 1145/2546
f 1042/2553 1036/2554 1038/2555
f 1046/2556 1040/2557 1042/2558
f 1050/2559 1044/2560 1046/2561
f 1054/2562 1048/2563 1050/2564
f 1058/2565 1052/2566 1054/2567
f 1062/2568 1056/2569 1058/2570
f 1066/2571 1060/2572 1062/2573
f 1070/2574 1064/2575 1066/2576
f 1074/2577 1068/2578 1070/2579
f 1078/2580 1072/2581 1074/2582
f 1082/2583 1076/2584 1078/2585
f 1086/2586 1080/2587 1082/2588
f 1090/2589 1084/2590 1086/2591
f 1094/2592 1088/2593 1090/2594
f 1096/2595 1094/2596 1098/2597
f 1100/2598 1098/2599 1102/2600
f 1104/2601 1102/2602 1106/2603
f 1108/2604 1106/2605 1110/2606
f 1112/2607 1110/2608 1114/2609
f 1116/2610 1114/2611 1118/2612
f 1120/2613 1118/2614 1122/2615
f 1124/2616 1122/2617 1126/2618
f 1128/2619 1126/2620 1130/2621
f 1132/2622 1130/2623 1134/2624
f 1136/2625 1134/2626 1138/2627
f 1140/2628 1138/2629 1142/2630
f 1144/2631 1142/2632 1146/2633
f 1148/2634 1146/2635 1150/2636
f 1152/2637 1150/2638 1154/2639
f 1156/2640 1154/2641 1158/2642
f 1032/2643 1155/2644 1156/2645
f 1158/2646 1033/2647 1034/2648
f 1036/2649 1031/2650 1032/2651
f 1034/2551 1037/2652 1038/2549
f 1036/2653 1039/2654 1035/2655
f 1038/2555 1041/2656 1042/2553
f 1044/2657 1039/2658 1040/2659
f 1042/2558 1045/2660 1046/2556
f 1048/2661 1043/2662 1044/2663
f 1046/2561 1049/2664 1050/2559
f 1052/2665 1047/2666 1048/2667
f 1050/2564 1053/2668 1054/2562
f 1056/2669 1051/2670 1052/2671
f 1054/2567 1057/2672 1058/2565
f 1060/2673 1055/2674 1056/2675
f 1058/2570 1061/2676 1062/2568
f 1064/2677 1059/2678 1060/2679
f 1062/2573 1065/2680 1066/2571
f 1068/2681 1063/2682 1064/2683
f 1066/2576 1069/2684 1070/2574
f 1072/2685 1067/2686 1068/2687
f 1070/2579 1073/2688 1074/2577
f 1076/2689 1071/2690 1072/2691
f 1074/2582 1077/2692 1078/2580
f 1080/2693 1075/2694 1076/2695
f 1078/2585 1081/2696 1082/2583
f 1084/2697 1079/2698 1080/2699
f 1082/2588 1085/2700 1086/2586
f 1088/2701 1083/2702 1084/2703
f 1086/2591 1089/2704 1090/2589
f 1092/2705 1087/2706 1088/2707
f 1090/2594 1093/2708 1094/2592
f 1092/2709 1095/2710 1091/2711
f 1098/2712 1093/2713 1097/2714
f 1096/2715 1099/2716 1095/2717
f 1102/2718 1097/2719 1101/2720
f 1100/2721 1103/2722 1099/2723
f 1106/2724 1101/2725 1105/2726
f 1104/2727 1107/2728 1103/2729
f 1110/2730 1105/2731 1109/2732
f 1108/2733 1111/2734 1107/2735
f 1114/2736 1109/2737 1113/2738
f 1112/2739 1115/2740 1111/2741
f 1118/2742 1113/2743 1117/2744
f 1116/2745 1119/2746 1115/2747
f 1122/2748 1117/2749 1121/2750
f 1120/2751 1123/2752 1119/2753
f 1126/2754 1121/2755 1125/2756
f 1124/2757 1127/2758 1123/2759
f 1130/2760 1125/2761 1129/2762
f 1128/2763 1131/2764 1127/2765
f 1134/2766 1129/2767 1133/2768
f 1132/2769 1135/2770 1131/2771
f 1138/2772 1133/2773 1137/2774
f 1136/2775 1139/2776 1135/2777
f 1142/2778 1137/2779 1141/2780
f 1140/2781 1143/2782 1139/2783
f 1146/2784 1141/2785 1145/2786
f 1148/2787 1143/2788 1144/2789
f 1150/2790 1145/2546 1149/2552
f 1148/2791 1151/2792 1147/2793
f 1154/2794 1149/2795 1153/2796
f 1152/2797 1155/2798 1151/2799
f 1158/2800 1153/2801 1157/2802
f 1034/2648 1156/2640 1158/2646
f 1183/2803 1175/2804 1182/2805
f 1176/2806 1168/2807 1175/2808
f 1169/2809 1161/2810 1168/2811
f 1162/2812 1199/2813 1161/2814
f 3366/2815 1188/2816 1189/2817
f 3368/2818 1189/2819 1211/2820
f 1508/2821 1503/2822 1507/2823
f 1503/2824 1224/2825 1495/2826
f 3595/2827 1012/2828 3596/2829
f 1185/2830 1178/2831 1184/2832
f 1179/2833 1171/2834 1178/2835
f 1172/2836 1164/2837 1171/2838
f 1165/2839 1202/2840 1164/2841
f 2063/2842 1184/2843 2064/2844
f 1221/2845 1217/2846 1222/2847
f 1221/2848 1215/2849 1216/2850
f 1220/2851 1214/2852 1215/2853
f 1224/2854 1228/2855 1227/2856
f 1502/2857 2027/2858 1441/2859
f 1230/2860 1228/2861 1231/2862
f 1222/2863 1181/2864 1174/2865
f 1238/2866 1221/2845 1222/2847
f 1237/2867 1220/2868 1221/2869
f 1235/2870 1220/2871 1236/2872
f 1242/2873 1237/2874 1238/2875
f 1508/2876 1246/2877 1509/2878
f 1241/2879 1236/2880 1237/2881
f 1240/2882 1235/2870 1236/2872
f 1250/2883 1241/2884 1242/2885
f 1249/2886 1240/2887 1241/2888
f 1248/2889 1239/2890 1240/2891
f 1329/2892 2049/2893 1243/2894
f 1282/2895 1250/2896 1283/2897
f 1282/2898 1248/2899 1249/2900
f 1284/2901 1247/2902 1248/2903
f 1289/2904 1202/2905 1292/2906
f 1266/2907 1259/2908 1267/2909
f 1262/2910 1270/2911 1263/2912
f 1265/2913 1258/2914 1266/2915
f 1264/2916 1257/2917 1265/2918
f 1273/2919 1267/2920 1274/2921
f 1269/2922 1277/2923 1270/2924
f 1272/2925 1266/2926 1273/2927
f 1271/2928 1265/2929 1272/2930
f 1164/2931 1200/2932 1162/2933
f 1162/2933 1171/2838 1164/2931
f 1169/2934 1178/2835 1171/2834
f 2126/2935 1418/2936 1395/2937
f 1176/2938 1184/2832 1178/2831
f 1200/2939 1290/2940 1199/2941
f 3596/2942 1011/2943 3597/2944
f 1203/2945 1292/2906 1202/2905
f 1238/2946 1174/2947 1167/2948
f 1159/2949 1238/2946 1167/2948
f 1242/2885 1197/2950 1250/2883
f 1287/2951 1250/2883 1197/2950
f 1267/2952 1204/2953 1191/2954
f 1191/2954 1274/2921 1267/2952
f 1503/2822 2045/2955 1507/2823
f 2130/2956 1371/2957 2065/2958
f 2123/2959 1375/2960 1371/2961
f 2125/2962 1375/2963 2124/2964
f 2126/2965 1384/2966 2125/2967
f 1305/2968 1317/2969 1306/2970
f 1311/2971 1301/2972 1312/2973
f 1311/2974 1299/2975 1300/2976
f 1313/2977 1296/2978 1307/2979
f 2118/2980 1188/2981 1187/2982
f 1312/2983 1302/2984 1313/2985
f 1321/2986 1311/2987 1322/2988
f 1324/2989 1307/2990 1318/2991
f 1323/2992 1313/2993 1324/2994
f 1326/2995 1317/2996 1316/2997
f 1322/2998 1312/2999 1323/3000
f 2121/3001 1330/3002 1329/3003
f 2120/3004 1331/3005 1330/3006
f 2047/3007 1331/3008 1332/3009
f 2129/3010 1333/3011 1510/3012
f 1349/3013 1217/3014 2023/3015
f 1216/3016 2025/3017 2024/3018
f 3555/3019 2182/3020 3556/3021
f 3598/3022 1009/3023 3595/3024
f 1355/3025 1322/3026 1356/3027
f 1358/3028 1318/3029 1352/3030
f 2127/3031 1418/3032 2128/3033
f 2047/3034 1502/3035 1560/3036
f 1357/3037 1324/3038 1358/3039
f 1361/3040 1327/3041 1326/3042
f 1356/3043 1323/3044 1357/3045
f 1332/3009 1453/3046 2047/3007
f 1293/3047 1501/3048 1552/3049
f 1798/3050 1208/3051 1784/3052
f 3369/3053 1186/3054 1500/3055
f 1475/3056 1459/3057 1470/3058
f 4089/3059 1452/3060 1447/3061
f 1452/3060 1436/3062 1447/3061
f 1425/3063 1440/3064 1429/3065
f 1393/3066 1383/3067 1394/3068
f 1397/3069 1387/3070 1386/3071
f 1392/3072 1382/3073 1393/3074
f 1392/3075 1380/3076 1381/3077
f 1394/3078 1377/3079 1388/3080
f 1429/3065 1414/3081 1425/3063
f 1361/3082 1525/3083 1526/3084
f 1419/3085 1402/3086 1414/3087
f 1970/3088 2742/3089 1969/3090
f 1409/3091 1398/3092 1397/3093
f 1403/3094 1393/3095 1404/3096
f 1402/3097 1392/3098 1403/3099
f 1405/3100 1388/3101 1399/3102
f 1407/3103 1391/3104 1402/3105
f 1325/3106 1526/3084 1525/3083
f 1385/3107 1391/3108 1396/3109
f 1177/3110 1942/3111 1958/3112
f 1170/3113 1926/3114 1942/3115
f 1404/3116 1394/3117 1405/3118
f 1414/3119 1403/3120 1415/3121
f 1411/3122 1405/3100 1399/3102
f 1524/3123 1326/2995 1316/2997
f 1386/3124 1374/3125 1373/3126
f 1926/3127 1537/3128 1910/3129
f 1416/3130 1405/3131 1417/3132
f 1420/3133 1410/3134 1409/3135
f 1415/3136 1404/3137 1416/3138
f 1422/3139 1417/3140 1411/3141
f 1525/3083 1314/3142 1325/3106
f 1518/3143 1878/3144 1894/3145
f 1427/3146 1417/3147 1428/3148
f 1431/3149 1421/3150 1420/3151
f 1426/3152 1416/3153 1427/3154
f 1425/3155 1415/3156 1426/3157
f 1316/2997 1523/3158 1524/3123
f 1359/3159 1321/3160 1355/3161
f 1878/3162 1516/3163 1862/3164
f 1438/3165 1428/3166 1439/3167
f 1442/3168 1432/3169 1431/3170
f 1437/3171 1427/3172 1438/3173
f 1436/3174 1426/3175 1437/3176
f 1433/3177 1428/3178 1422/3179
f 1325/3180 1310/3181 1321/3182
f 1449/3183 1439/3184 1450/3185
f 1455/3186 1442/3187 1454/3188
f 1448/3189 1438/3190 1449/3191
f 1447/3192 1437/3193 1448/3194
f 1444/3195 1439/3196 1433/3197
f 1314/3198 1299/3199 1310/3200
f 1524/3201 1303/3202 1314/3203
f 3464/3204 1277/3205 1276/3206
f 1520/3207 1276/3208 1269/3209
f 4092/3210 1450/3211 4091/3212
f 4094/3213 1454/3214 4093/3215
f 4095/3216 1449/3217 4092/3218
f 4089/3219 1448/3220 4095/3221
f 4091/3222 1444/3223 4096/3224
f 3427/3225 1305/3226 3425/3227
f 3465/3228 1275/3229 3466/3230
f 1264/3231 1275/3232 1268/3233
f 1520/3234 1262/3235 1519/3236
f 1478/3237 1465/3238 1477/3239
f 1471/3240 1461/3241 1472/3242
f 1471/3243 1459/3244 1460/3245
f 1473/3246 1456/3247 1467/3248
f 1268/3233 1256/3249 1264/3231
f 3466/3250 1271/3251 3467/3252
f 1472/3253 1462/3254 1473/3255
f 1493/3256 1457/3257 1492/3258
f 1469/3259 1492/3260 1458/3261
f 1445/3262 4098/3263 4097/3264
f 1494/3265 1434/3266 1539/3267
f 1458/3268 4098/3269 4099/3270
f 1446/3271 1539/3272 1435/3273
f 1538/3274 1435/3273 1539/3272
f 1539/3272 1423/3275 1538/3274
f 1424/3276 1540/3277 1413/3278
f 1413/3279 1541/3280 1401/3281
f 1401/3282 1542/3283 1390/3284
f 1390/3285 1543/3286 1379/3287
f 1527/3288 1386/3124 1373/3126
f 1538/3289 1412/3290 1540/3291
f 1372/3292 1528/3293 1527/3294
f 1540/3295 1400/3296 1541/3297
f 1541/3298 1389/3299 1542/3300
f 1378/3301 1542/3300 1389/3299
f 1385/3302 1367/3303 1380/3304
f 1380/3076 1368/3305 1381/3077
f 1354/3306 1490/3307 1320/3308
f 1513/3309 1495/3310 1496/3311
f 1512/3312 1496/3313 1497/3314
f 1846/3315 1360/3316 1830/3317
f 1784/3318 1430/3319 2015/3320
f 1770/3321 1288/3322 1756/3323
f 1295/3324 1690/3325 1687/3326
f 1658/3327 1376/3328 1659/3329
f 2031/3330 1504/3331 1568/3332
f 1576/3333 1476/3334 1584/3335
f 1568/3336 1464/3337 1576/3338
f 3371/3339 1500/3340 1187/3341
f 1294/3342 1509/3343 1293/3344
f 1560/3345 1441/3346 2031/3347
f 2118/3348 1510/3349 1332/3350
f 1245/3351 1507/3352 1253/3353
f 1495/2826 1515/3354 1503/2824
f 1320/3355 1489/3356 1309/3357
f 1309/3358 1488/3359 1298/3360
f 3467/3361 1272/3362 3468/3363
f 3468/3364 1273/3365 3469/3366
f 1196/3367 1486/3368 1193/3369
f 1485/3370 1193/3369 1486/3368
f 1490/3371 1353/3372 1319/3373
f 1290/3374 1485/3375 1484/3376
f 1489/3377 1319/3378 1308/3379
f 1484/3376 1199/2941 1290/3374
f 1488/3380 1308/3381 1297/3382
f 3469/3383 1274/3384 3470/3385
f 3470/3386 1194/3387 3471/3388
f 1487/3389 1192/3390 1486/3391
f 1161/3392 1483/3393 1482/3394
f 1205/3395 1486/3391 1192/3390
f 1482/3394 1168/2811 1161/3392
f 1286/3396 1485/3397 1205/3398
f 1198/3399 1484/3400 1286/3401
f 1483/3393 1160/3402 1482/3394
f 2028/3403 1562/3404 1563/3405
f 1441/3406 1566/3407 1504/3408
f 2030/3409 1563/3410 1564/3411
f 1563/3412 1570/3413 1571/3414
f 1504/3415 1574/3416 1464/3417
f 1564/3418 1571/3419 1572/3420
f 1571/3421 1578/3422 1579/3423
f 1464/3424 1582/3425 1476/3426
f 1572/3427 1579/3428 1580/3429
f 1600/3430 1612/3431 1620/3432
f 1342/3433 1603/3434 1343/3435
f 1602/3436 1607/3437 1603/3438
f 1600/3439 1344/3440 1617/3441
f 1619/3442 1618/3443 1613/3444
f 3556/3445 2181/3446 3557/3447
f 2051/3448 1345/3449 2040/3450
f 1341/3451 1619/3442 1613/3444
f 1481/3452 1175/2808 1168/2807
f 1343/3453 1617/3441 1344/3440
f 1607/3437 1617/3454 1603/3438
f 1341/3455 1602/3456 1342/3457
f 1613/3458 1606/3459 1602/3460
f 1588/3461 1634/3462 1635/3463
f 1587/3464 1633/3465 1634/3466
f 1596/3467 1586/3468 1592/3469
f 1505/3470 1592/3471 1499/3472
f 1499/3472 1623/3473 1505/3470
f 1621/3474 1604/3475 1622/3476
f 1616/3477 1608/3478 1611/3479
f 1616/3480 1610/3481 1615/3482
f 1615/3483 1609/3484 1594/3485
f 1597/3486 1609/3487 1605/3488
f 1630/3489 1636/3490 1628/3491
f 1626/3492 1637/3493 1638/3494
f 1630/3495 1643/3496 1642/3497
f 1628/3498 1641/3499 1631/3500
f 1629/3501 1638/3502 1643/3503
f 1604/3475 1631/3504 1622/3476
f 1647/3505 1652/3506 1648/3507
f 1646/3508 1651/3509 1647/3510
f 1628/3491 1616/3511 1630/3489
f 1506/3512 1645/3513 1376/3514
f 1679/3515 1685/3516 1680/3517
f 1679/3518 1683/3519 1684/3520
f 1295/3521 1688/3522 1304/3523
f 3600/3524 1024/3525 3599/3526
f 1680/3527 1675/3528 1674/3529
f 1673/3530 1680/3527 1674/3529
f 5049/3531 2200/3532 5047/3533
f 3602/3534 1027/3535 1028/3536
f 1672/3537 1679/3538 1673/3539
f 1677/3540 1678/3541 1672/3542
f 3604/3543 1022/3544 3603/3545
f 1656/3546 1663/3547 1657/3548
f 1655/3549 1662/3550 1656/3551
f 1655/3552 1660/3553 1661/3554
f 1665/3555 1654/3556 1734/3557
f 1665/3558 1315/3559 1408/3560
f 1315/3559 1664/3561 1408/3560
f 5033/3562 1706/3563 5032/3564
f 5034/3565 1707/3566 5033/3567
f 5035/3568 1709/3569 5034/3570
f 5036/3571 1708/3572 5035/3573
f 5037/3574 1705/3575 5036/3576
f 1717/3577 1711/3578 1716/3579
f 1719/3580 1712/3581 1717/3582
f 1718/3583 1714/3584 1719/3585
f 1715/3586 1713/3587 1718/3588
f 1710/3589 1699/3590 1696/3591
f 1687/3326 1201/3592 1295/3324
f 1676/3593 1295/3324 1201/3592
f 3603/3594 1015/3595 3605/3596
f 1656/3597 1653/3598 1652/3599
f 1651/3600 1656/3597 1652/3599
f 1281/3601 1247/3602 1285/3603
f 1650/3604 1655/3605 1651/3606
f 1659/3607 1654/3608 1650/3609
f 1315/3610 1659/3329 1376/3328
f 1376/3328 1735/3611 1315/3610
f 2208/3612 1478/3613 2207/3614
f 2209/3615 4094/3616 4101/3617
f 2210/3618 1455/3619 2209/3620
f 2211/3621 1443/3622 2210/3623
f 2211/3624 1413/3625 2212/3626
f 2212/3627 1401/3628 2213/3629
f 1251/3630 1239/3631 1247/3632
f 1224/3633 1293/3634 1225/3635
f 2037/3636 1568/3637 1562/3638
f 1562/3639 1576/3640 1570/3641
f 1570/3642 1584/3643 1578/3644
f 2069/3645 1605/3646 2070/3647
f 1629/3648 1616/3480 1615/3482
f 1626/3649 1615/3483 1594/3485
f 1646/3650 1659/3607 1650/3609
f 5039/3651 1190/3652 5038/3653
f 1670/3654 1201/3655 1190/3656
f 1683/3657 1687/3326 1690/3325
f 1739/3658 1724/3659 1704/3660
f 1722/3661 1704/3660 1724/3659
f 1721/3662 1742/3663 1702/3664
f 1741/3665 1723/3666 1739/3667
f 1747/3668 1744/3669 1748/3670
f 1989/3671 1744/3672 1988/3673
f 1751/3674 1684/3675 1752/3676
f 1753/3677 1771/3678 1767/3679
f 1261/3680 1757/3681 1288/3682
f 1772/3683 1755/3684 1769/3685
f 2214/3686 1410/3687 2213/3688
f 1754/3689 1767/3690 1768/3691
f 1776/3692 1763/3693 1777/3694
f 2215/3695 1398/3696 2214/3697
f 1774/3698 1758/3699 1772/3700
f 1777/3701 1990/3702 1991/3703
f 1759/3704 1769/3685 1755/3684
f 1760/3705 1775/3706 1761/3707
f 1766/3708 1768/3709 1780/3710
f 2007/3711 1790/3712 2006/3713
f 2008/3714 1791/3715 2007/3716
f 2009/3717 1992/3718 2008/3719
f 1208/3720 2014/3721 1430/3722
f 2215/3723 1366/3724 2216/3725
f 2217/3726 1374/3727 2216/3728
f 2218/3729 1354/3306 1320/3308
f 2219/3730 1327/3731 2218/3732
f 1850/3733 1829/3734 1845/3735
f 2219/3736 1298/3737 2220/3738
f 1828/3739 1843/3740 1844/3741
f 1854/3742 1839/3743 1855/3744
f 2220/3745 3434/3746 3437/3747
f 1850/3748 1836/3749 1834/3750
f 1855/3751 1995/3752 1996/3753
f 1835/3754 1845/3735 1829/3734
f 1837/3755 1852/3756 1853/3757
f 1842/3758 1844/3759 1858/3760
f 1827/3761 1847/3762 1843/3763
f 1363/3764 1831/3765 1360/3766
f 1851/3767 1861/3768 1845/3769
f 1867/3770 1854/3771 1870/3772
f 1870/3773 1855/3774 1871/3775
f 1871/3776 1996/3777 1997/3778
f 1856/3779 1997/3778 1996/3777
f 1856/3780 1873/3781 1872/3782
f 1857/3783 1874/3784 1873/3785
f 1887/3786 1997/3787 1998/3788
f 1867/3789 1877/3790 1861/3791
f 1868/3792 1885/3793 1869/3794
f 1874/3795 1876/3796 1890/3797
f 1859/3798 1879/3799 1875/3800
f 1879/3801 1516/3802 1517/3803
f 1882/3804 1861/3791 1877/3790
f 2221/3805 1193/3806 2222/3807
f 1859/3808 1876/3809 1860/3810
f 1886/3811 1871/3812 1887/3813
f 2222/3814 1263/2912 1270/2911
f 1884/3815 1866/3816 1882/3817
f 1895/3818 1517/3819 1518/3820
f 1898/3821 1877/3822 1893/3823
f 2224/3824 1263/3825 2223/3826
f 1875/3827 1892/3828 1876/3829
f 1902/3830 1887/3831 1903/3832
f 2224/3833 1254/3834 1278/3835
f 1900/3836 1882/3837 1898/3838
f 1903/3839 1998/3840 1999/3841
f 1883/3842 1893/3823 1877/3822
f 1884/3843 1901/3844 1885/3845
f 1890/3846 1892/3847 1906/3848
f 1875/3849 1895/3850 1891/3851
f 2226/3852 1254/3853 2225/3854
f 1210/3855 2227/3856 2226/3857
f 3424/3858 1545/3859 3397/3860
f 2116/3861 2228/3862 2229/3863
f 2229/3863 1334/3864 2116/3861
f 1932/3865 1914/3866 1930/3867
f 1935/3868 2000/3869 2001/3870
f 1915/3871 1925/3872 1909/3873
f 1917/3874 1932/3875 1933/3876
f 1922/3877 1924/3878 1938/3879
f 1907/3880 1927/3881 1923/3882
f 1163/3883 1911/3884 1537/3885
f 1930/3886 1909/3873 1925/3872
f 1335/3887 2231/3888 2230/3889
f 1908/3890 1923/3891 1924/3892
f 1934/3893 1919/3894 1935/3895
f 1938/3896 1940/3897 1954/3898
f 1923/3899 1943/3900 1939/3901
f 1943/3902 1163/3903 1170/3904
f 1946/3905 1925/3906 1941/3907
f 1559/3908 2231/3909 2232/3910
f 1924/3911 1939/3912 1940/3913
f 1951/3914 1934/3893 1935/3895
f 2233/3915 1553/3916 2032/3917
f 1948/3918 1930/3919 1946/3920
f 2002/3921 1935/3868 2001/3870
f 1925/3906 1947/3922 1941/3907
f 1932/3875 1949/3923 1933/3876
f 1967/3924 1950/3925 1951/3926
f 2234/3927 2052/3928 2233/3929
f 1964/3930 1946/3931 1962/3932
f 2003/3933 1951/3934 2002/3935
f 1947/3922 1957/3936 1941/3907
f 1948/3937 1965/3938 1949/3939
f 1954/3940 1956/3941 1970/3942
f 1939/3943 1959/3944 1955/3945
f 1959/3946 1170/3947 1177/3948
f 1962/3949 1941/3907 1957/3936
f 2234/3950 1569/3951 2235/3952
f 1940/3953 1955/3954 1956/3955
f 1280/3956 2712/3957 1974/3958
f 1986/3959 2740/3960 2730/3961
f 122/3962 2675/3963 2674/3964
f 800/3965 2688/3966 2689/3967
f 1964/3968 2719/3969 2718/3970
f 2235/3971 1577/3972 2236/3973
f 1972/3974 2730/3975 2731/3976
f 823/3977 2699/3978 2698/3979
f 820/3980 2698/3981 2701/3982
f 812/3983 2693/3984 813/3985
f 804/3986 2678/3987 807/3988
f 2238/3989 1591/3990 2237/3991
f 2238/3992 1625/3993 1595/3994
f 2239/3995 1639/3996 1625/3997
f 2241/3998 1639/3999 2240/4000
f 2241/4001 1692/1930 2242/1932
f 797/4002 2686/4003 2687/4004
f 5037/4005 5007/4006 5055/4007
f 2243/4008 1697/4009 1694/4010
f 1981/4011 2729/4012 1980/4013
f 1285/3603 1260/4014 1281/3601
f 1256/4015 1284/4016 1257/4017
f 1966/4018 1947/4019 1950/4020
f 1969/4021 1952/4022 1953/4023
f 1936/4024 1953/4023 1952/4022
f 1934/4025 1947/4026 1931/4027
f 1918/4028 1931/4029 1915/4030
f 1920/4031 1937/4032 1936/4033
f 1905/4034 1888/4035 1889/4036
f 1886/4037 1899/4038 1883/4039
f 1870/3772 1883/4040 1867/3770
f 1872/4041 1889/4036 1888/4035
f 1858/4042 1860/4043 1874/4044
f 1844/4045 1859/3808 1860/3810
f 1843/4046 1863/4047 1859/4048
f 1838/4049 1851/4050 1835/4051
f 1516/4052 1847/4053 1363/4054
f 1856/4055 1841/4056 1857/4057
f 1257/4058 1282/4059 1258/4060
f 2245/4061 1697/4062 2244/4063
f 2343/4064 5204/4065 5213/4066
f 1762/4067 1773/4068 1759/4069
f 1743/4070 1740/4071 1722/4072
f 1636/4073 1737/4074 1641/4075
f 1649/4076 1652/3599 1653/3598
f 1765/4077 1778/4078 1764/4079
f 1750/4080 1745/4081 1746/4082
f 2021/4083 1229/4084 1232/4085
f 1981/4086 2747/4087 2728/4088
f 1965/4089 2748/4090 1961/4091
f 2002/3935 1968/4092 2003/3933
f 1970/3942 1953/4093 1954/3940
f 1954/3898 1937/4094 1938/3896
f 2001/3870 1952/4095 2002/3921
f 2000/3869 1936/4096 2001/3870
f 1938/3879 1921/4097 1922/3877
f 1889/4036 1906/4098 1905/4034
f 1890/3797 1873/3785 1874/3795
f 1363/4054 1862/3164 1516/4052
f 1846/4099 1864/4100 1862/4101
f 1857/4102 1842/3758 1858/3760
f 1765/4103 1780/4104 1779/4105
f 1746/4082 1752/4106 1750/4080
f 1497/3314 1511/4107 1512/3312
f 1230/4108 1498/4109 1497/4110
f 1231/2862 1233/4111 1230/2860
f 1749/4112 1988/4113 1745/4114
f 1764/4115 1991/3703 1990/3702
f 2018/4116 1788/4117 2017/4118
f 2019/4119 1786/4120 2018/4121
f 1840/4122 1996/3753 1995/3752
f 2331/4123 2326/4124 2330/4125
f 2326/4126 2324/2499 2328/2498
f 1872/4127 1998/3788 1997/3787
f 1888/4128 1999/3841 1998/3840
f 1821/4129 1836/4130 1837/4131
f 1258/4132 1283/4133 1259/4134
f 1259/4135 1287/4136 1204/4137
f 1783/4138 1802/4139 1786/4140
f 1786/4141 1804/4142 1788/4143
f 1789/4144 1804/4145 1805/4146
f 1213/4147 1785/4148 1208/4149
f 1781/4150 1799/4151 1795/4152
f 1782/4153 1795/4154 1796/4155
f 1794/4156 1796/4157 1810/4158
f 1809/4159 1794/4156 1810/4158
f 1793/4160 1808/4161 1792/4162
f 1792/4163 1993/4164 1992/4165
f 1992/4166 1807/4167 1791/4168
f 1791/4169 1806/4170 1790/4171
f 1803/4172 1790/4171 1806/4170
f 1797/4173 1787/4174 1803/4175
f 1783/4176 2005/4177 1787/4178
f 1787/4179 2006/3713 1790/3712
f 1793/4180 2009/4181 2010/4182
f 1794/4183 2010/4184 2011/4185
f 2011/4185 1782/4186 1794/4183
f 2012/4187 1781/4188 1782/4189
f 2013/4190 1785/4191 1781/4192
f 1166/4193 1482/3394 1160/3402
f 1173/4194 1481/4195 1166/4196
f 806/4197 2680/4198 805/4199
f 2016/4200 1788/4201 1789/4202
f 2058/4203 2033/4204 2057/4205
f 1342/3457 2035/4206 1341/3455
f 1180/4207 1480/4208 1173/4209
f 2020/4210 1180/4211 1351/4212
f 1234/4213 1548/4214 1549/4215
f 3420/4216 1548/4217 3416/4218
f 1244/4219 1235/4220 1239/4221
f 1219/4222 1223/4223 1226/4224
f 1547/4225 1231/2862 1228/2861
f 1546/4226 1228/4227 1225/4228
f 1225/4228 1552/4229 1546/4226
f 1509/4230 1550/4231 1501/4232
f 1479/4233 1175/4234 1480/4235
f 1479/4236 1350/4237 1182/4238
f 2248/4239 1960/4240 1944/4241
f 2249/4242 1945/4243 2248/4244
f 1291/4245 1346/4246 1598/4247
f 1347/4248 1203/4249 1165/4250
f 1165/4250 1348/4251 1347/4248
f 2023/4252 1216/4253 2024/4254
f 1329/3003 2122/4255 2121/3001
f 2067/4256 1185/4257 2063/4258
f 1215/4259 2026/4260 2025/4261
f 1328/4262 1243/4263 1252/4264
f 2249/4265 1912/4266 2250/4267
f 2057/4268 2075/4269 2078/4270
f 1345/4271 2041/4272 2060/4273
f 1555/4274 2037/4275 2028/4276
f 1290/4277 1207/4278 1206/4279
f 1599/4280 2044/4281 1345/4282
f 1560/3036 2048/4283 2047/3034
f 1341/4284 1218/4285 1340/4286
f 1255/4287 1550/4288 1246/4289
f 1556/4290 2028/4291 2030/4292
f 1556/4293 1252/4264 1243/4263
f 1510/4294 2046/4295 1453/4296
f 1330/4297 2048/4298 2049/4299
f 2060/4300 2042/4301 2059/4302
f 1554/4303 2031/4304 2037/4305
f 1179/4306 1339/4307 1338/4308
f 1172/4309 1338/4310 1348/4311
f 3398/4312 1598/4247 1346/4246
f 1255/4313 1245/4314 1254/4315
f 2058/4316 2042/4317 2034/4318
f 1557/4319 2030/4320 2029/4321
f 1342/4322 2050/4323 2036/4324
f 1340/4325 2074/4326 2066/4327
f 1344/3440 2050/4328 1343/3453
f 1564/3411 2029/4321 2030/3409
f 2252/4329 1897/4330 2251/4331
f 1601/4332 2040/4333 1344/4334
f 1637/4335 2073/4336 2114/4337
f 2043/4338 1336/4339 2044/4340
f 1253/4341 1519/3236 1262/3235
f 2252/4342 1864/4343 2253/4344
f 2253/4345 1848/4346 2254/4347
f 1253/3353 1254/4315 1245/3351
f 1262/3235 1278/4348 1253/4341
f 1453/4349 1558/4350 1502/4351
f 3418/4352 1546/4226 1552/4229
f 2049/4353 1554/4354 1555/4355
f 1243/4263 1555/4356 1556/4293
f 1572/3420 1565/4357 1564/3418
f 1580/3429 1573/4358 1572/3427
f 2044/4359 2053/4360 2041/4361
f 3399/4362 1347/4248 1348/4251
f 3399/4363 1338/4364 3400/4365
f 3401/4366 1338/4308 1339/4307
f 3402/4367 1339/4368 2067/4369
f 2050/4370 1345/4271 2060/4273
f 2041/4371 2054/4372 2042/4373
f 2034/4374 2054/4375 2055/4376
f 2034/4377 2056/4378 2033/4379
f 2033/4380 2077/4381 2075/4382
f 2036/4383 2058/4384 2035/4385
f 1218/4386 2078/4387 2074/4388
f 2036/4389 2060/4300 2059/4302
f 2035/4390 2057/4391 1218/4392
f 3422/4393 1346/4394 1347/4395
f 1229/4396 1219/4222 1226/4224
f 1214/4397 2022/4398 2026/4399
f 1507/3352 1522/4400 1253/3353
f 1495/3310 1227/4401 1496/3311
f 1497/4110 1227/4402 1230/4108
f 3560/4403 2186/4404 3559/4405
f 3562/4406 2176/4407 3561/4408
f 2081/4409 1233/4410 2082/4411
f 3564/4412 2170/4413 3563/4414
f 3565/4415 2171/4416 3564/4417
f 3423/4418 1549/4419 3420/4420
f 3567/4421 2188/4422 3566/4423
f 2086/4424 1252/4425 2087/4426
f 3569/4427 2205/4428 3568/4429
f 2088/4430 2029/4431 2089/4432
f 3571/4433 2206/4434 3570/4435
f 3572/4436 2178/4437 3571/4438
f 3573/4439 2194/4440 3572/4441
f 3575/4442 2196/4443 3574/4444
f 1627/4445 1594/4446 1597/4447
f 1627/4448 2069/4449 2073/4450
f 3605/4451 2198/4452 3576/4453
f 1728/4454 1642/4455 1725/4456
f 1725/4457 1643/4458 1726/4459
f 1728/4460 1693/4461 1737/4462
f 1705/4463 1725/4464 1708/4465
f 5038/4466 1665/3558 1408/3560
f 510/1759 5083/4467 511/1757
f 1201/3655 1671/4468 1190/3656
f 1671/4469 1672/4470 1666/4471
f 1715/4472 1702/4473 1699/4474
f 1721/4475 1718/4476 1723/4477
f 2102/4478 1681/4479 1686/4480
f 2103/4481 1686/4482 1689/4483
f 3578/4484 2199/4485 3577/4486
f 2105/4487 1733/4488 1732/4489
f 3581/4490 2204/4491 3580/4492
f 2108/4493 1731/4494 1730/4495
f 2109/4496 1730/4497 1720/4498
f 2110/4499 1720/4500 1716/4501
f 1667/4502 1672/3537 1673/3539
f 1668/4503 1673/3530 1674/3529
f 5099/4504 5105/4505 5103/4506
f 5080/4507 5074/4508 5078/4509
f 1708/4510 1726/4511 1709/4512
f 1709/4513 1729/4514 1707/4515
f 1729/4516 1643/3503 1638/3502
f 1727/4517 1638/3494 1637/3493
f 1623/3473 1506/4518 1505/3470
f 1506/4518 1596/4519 1505/3470
f 1658/4520 1633/4521 1596/4522
f 1647/3510 1633/4523 1646/3508
f 1648/3507 1634/4524 1647/3505
f 1635/3463 1589/4525 1588/3461
f 1649/4526 1635/4527 1648/4528
f 1632/4529 2095/4530 2094/4531
f 3582/4532 2184/4533 2201/4534
f 1707/4535 1727/4536 1706/4537
f 1706/4538 2113/4539 2112/4540
f 511/4541 5081/4542 5028/4543
f 5045/4544 2099/4545 5046/4546
f 1674/3529 1669/4547 1668/4503
f 3599/4548 1023/4549 3606/4550
f 1723/4551 1719/4552 1724/4553
f 1724/3659 1717/4554 1722/3661
f 1686/4555 1680/3517 1685/3516
f 1689/4556 1685/4557 1751/4558
f 1733/4559 1751/4560 1746/4561
f 1732/4562 1746/4082 1745/4081
f 1745/4081 1987/4563 1732/4562
f 1988/4564 1731/4565 1987/4566
f 1744/4567 1730/4495 1731/4494
f 1720/4568 1743/4070 1722/4072
f 1722/4072 1716/4501 1720/4568
f 1182/2805 2062/4569 1183/2803
f 3607/4570 2064/4571 3597/4572
f 1183/4573 2064/2844 1184/2843
f 3584/4574 2065/4575 3585/4576
f 1340/4577 2071/4578 1619/4579
f 1350/4237 2061/4580 1182/4238
f 1619/4581 2072/4582 1614/4583
f 1681/4584 2100/4585 1675/4586
f 5032/4587 2112/4588 5031/4589
f 1716/4501 2111/4590 2110/4499
f 1663/3547 2097/4591 1657/3548
f 1657/4592 2096/4593 1653/4594
f 3586/4595 2070/4596 3587/4597
f 3608/4598 2063/4599 3607/4600
f 2078/4601 3610/4602 3609/4603
f 2066/4604 3588/4605 3555/4606
f 3583/4607 2073/4608 3589/4609
f 3620/4610 2067/4611 3608/4612
f 3610/4613 2077/4614 3590/4615
f 2074/4616 3609/4617 3588/4618
f 2021/4619 2076/4620 2079/4621
f 1498/4622 2080/4623 1511/4624
f 3562/4625 2082/4626 3563/4627
f 1234/4628 2082/4411 1233/4410
f 1549/4215 2083/4629 1234/4213
f 3619/4630 2084/4631 3423/4632
f 1328/4633 2131/4634 2122/4635
f 3567/4636 2087/4637 3568/4638
f 1557/4639 2087/4426 1252/4425
f 3569/4640 2089/4641 3570/4642
f 1565/4643 2089/4432 2029/4431
f 1573/4644 2090/4645 1565/4646
f 1581/4647 2091/4648 1573/4649
f 1632/4650 2093/4651 1589/4652
f 3589/4653 2069/4654 3586/4655
f 1653/3598 2095/4656 1649/4076
f 3611/4657 2101/4658 2102/4659
f 3577/4660 2102/4661 2103/4662
f 1689/4483 2104/4663 2103/4481
f 3578/4664 2105/4665 3579/4666
f 1732/4489 2106/4667 2105/4487
f 1987/4668 2107/4669 2106/4670
f 3612/4671 2107/4672 2108/4673
f 3613/4674 2108/4675 2109/4676
f 3602/4677 2109/4678 2110/4679
f 3575/4680 2095/4681 3576/4682
f 1727/4683 2114/4684 2113/4685
f 3558/4686 2113/4687 3582/4688
f 5046/4689 3606/4690 5048/4691
f 1675/4692 2099/4693 1669/4694
f 1292/2906 1207/4695 1289/2904
f 1291/4696 1209/4697 1292/4698
f 1291/4699 1545/4700 1210/4701
f 3397/4702 1598/4703 3421/4704
f 2127/4705 1335/4706 2115/4707
f 2038/4708 1337/4709 2043/4710
f 2043/4710 1553/4711 2038/4708
f 2032/4712 1599/4713 2051/4714
f 2051/4714 1561/4715 2032/4712
f 1600/4716 1561/4717 1601/4718
f 1620/3432 1569/4719 1600/3430
f 1622/3476 1585/4720 1621/3474
f 1622/4721 1624/4722 1593/4723
f 1631/4724 1640/4725 1624/4726
f 1641/4727 1738/4728 1640/4729
f 1692/4730 1737/4462 1693/4461
f 2294/4731 5002/4732 5005/4733
f 1696/4734 1698/4735 1695/4736
f 1702/4473 1698/4737 1699/4474
f 2352/4738 2324/4739 2338/4740
f 2394/4741 2318/4742 2398/4743
f 2311/4744 2393/4745 2388/4746
f 2350/4747 5216/4748 2348/4749
f 1853/3757 1833/4750 1837/3755
f 1869/4751 1849/4752 1853/4753
f 1853/4753 1868/3792 1869/4751
f 1885/3793 1865/4754 1869/3794
f 1901/3844 1881/4755 1885/3845
f 1933/3876 1913/4756 1917/3874
f 1928/4757 1910/4758 1912/4759
f 1880/4760 1894/3145 1878/3144
f 1880/4761 1862/4101 1864/4100
f 1868/4762 1850/4763 1866/4764
f 1866/4765 1845/3769 1861/3768
f 1830/3317 1848/4766 1846/3315
f 1834/4767 1813/4768 1829/4769
f 2387/4770 5205/4771 5212/4772
f 2376/4773 2314/4774 2375/4775
f 2402/4776 2369/4777 2320/4778
f 5206/4779 2388/4780 5211/4781
f 1700/4782 1676/4783 1697/4784
f 1697/4009 1670/4785 1694/4010
f 1694/4786 5039/4787 5040/4788
f 1664/4789 1736/4790 1691/4791
f 1736/4792 1645/4793 1639/4794
f 1639/3996 1644/4795 1625/3997
f 1595/4796 1644/4797 1623/4798
f 1595/4799 1590/4800 1591/4801
f 1574/4802 1583/4803 1582/4804
f 1566/4805 1575/4806 1574/4807
f 1567/4808 2027/4809 2052/4810
f 1558/4811 2052/4810 2027/4809
f 1559/4812 2046/4813 2039/4814
f 1333/4815 2039/4814 2046/4813
f 1334/3864 2117/4816 2116/3861
f 3396/4817 1551/4818 3419/4819
f 1381/4820 1369/4821 1382/4822
f 1382/4823 1370/4824 1383/4825
f 1385/4826 1529/4827 1528/4828
f 1396/4829 1530/4830 1529/4831
f 1407/4832 1531/4833 1530/4834
f 1419/4835 1532/4836 1531/4837
f 1429/4838 1533/4839 1532/4840
f 1440/4841 1534/4842 1533/4843
f 4090/4844 1535/4845 4100/4846
f 1475/4847 1535/4848 1463/4849
f 1383/4850 1364/4851 1377/4852
f 1378/4853 1364/4854 1365/4855
f 1386/3071 1529/4856 1397/3069
f 1529/4856 1409/3091 1397/3069
f 1420/4857 1530/4834 1531/4833
f 1431/4858 1531/4837 1532/4836
f 1442/4859 1532/4840 1533/4839
f 1454/4860 1533/4843 1534/4842
f 4093/4861 1534/4862 4100/4863
f 1535/4864 1477/3239 1465/3238
f 3435/4865 1296/4866 3433/4867
f 1521/4868 1268/3233 1275/3232
f 1520/4869 1260/4870 1268/4871
f 1519/4872 1281/3601 1260/4014
f 1522/4873 1251/4874 1281/4875
f 1515/4876 1251/4877 2045/4878
f 1515/4879 1223/4880 1244/4881
f 1226/4882 1514/4883 1513/4884
f 1229/4885 1513/4886 1512/4887
f 1512/4887 1232/4085 1229/4885
f 2076/4888 1511/4624 2080/4623
f 3561/4889 2169/4890 3560/4891
f 1949/3923 1929/4892 1933/3876
f 1949/4893 1961/4894 1945/4895
f 1955/4896 2725/4897 1956/4898
f 1349/4899 1180/4900 1181/4901
f 1181/2864 1173/4902 1174/2865
f 1174/2947 1166/4903 1167/2948
f 1167/2948 1160/4904 1159/2949
f 1198/4905 1159/2949 1160/4904
f 1197/2950 1286/4906 1287/2951
f 1287/4136 1205/4907 1204/4137
f 1204/2953 1192/4908 1191/2954
f 1195/4909 1191/2954 1192/4908
f 3475/4910 1487/4911 1196/4912
f 3435/4913 1488/3380 1297/3382
f 1297/4914 1307/2979 1296/2978
f 1308/4915 1318/2991 1307/2990
f 1319/4916 1352/3030 1318/3029
f 1365/4855 1543/4917 1378/4853
f 1379/4918 1544/4919 1366/4920
f 1388/4921 1378/3301 1389/3299
f 1389/3299 1399/3102 1388/4921
f 1412/4922 1399/4923 1400/4924
f 1423/4925 1411/4926 1412/4927
f 1422/3179 1434/4928 1433/3177
f 1444/4929 1434/4930 1445/4931
f 4096/4932 1445/3262 4097/3264
f 1457/4933 1467/3248 1456/3247
f 1740/4934 1755/4935 1704/4936
f 1758/4937 1704/4936 1755/4935
f 1760/4938 1739/4939 1758/4940
f 1741/4941 1761/4942 1742/4943
f 2372/4944 2321/4945 2371/4946
f 2255/4947 1849/4948 2254/4949
f 2255/4950 1816/4951 2256/4952
f 2320/4953 2371/4946 2321/4945
f 1304/4954 1756/3323 1288/3322
f 1288/3322 1690/4955 1304/4954
f 1683/4956 1757/4957 1753/4958
f 1684/4959 1753/4960 1754/4961
f 1752/4962 1754/4963 1766/4964
f 1750/4965 1766/4966 1765/4967
f 1764/4079 1750/4965 1765/4077
f 1990/3702 1749/4968 1764/4115
f 1763/4969 1989/4970 1990/4971
f 1762/4972 1748/4973 1763/4974
f 1759/4069 1747/4975 1762/4067
f 1834/4976 1820/4977 1818/4978
f 1817/4979 1837/3755 1833/4750
f 1814/4980 1360/4981 1279/4982
f 1815/4983 1827/4984 1811/4985
f 1826/4986 1828/4987 1842/4988
f 1841/4989 1824/4990 1825/4991
f 1839/4992 1994/4993 1995/4994
f 1835/4051 1822/4995 1838/4049
f 1819/4996 1829/4769 1813/4768
f 1838/4997 1823/4998 1839/4999
f 1995/3752 1824/5000 1840/4122
f 1825/4991 1842/5001 1841/4989
f 1811/5002 1828/5003 1812/5004
f 1360/4981 1815/5005 1279/4982
f 1832/5006 1814/5007 1816/5008
f 1944/5009 1926/5010 1928/5011
f 1944/5012 1958/3112 1942/3111
f 822/5013 2709/5014 818/5015
f 1336/5016 2126/5017 2053/5018
f 2077/5019 2123/5020 2130/5021
f 2056/5022 2124/5023 2123/5024
f 2054/4375 2124/5025 2055/4376
f 2053/5026 2125/5027 2054/5028
f 1332/3350 2119/5029 2118/3348
f 2310/5030 2378/5031 2393/5032
f 1211/5033 2120/5034 2121/5035
f 1189/5036 2119/5037 2120/5038
f 1500/5039 2117/5040 2129/5041
f 1784/3052 2367/5042 1798/3050
f 1337/5043 2128/5044 1336/5045
f 1187/2982 2129/5046 2118/2980
f 2121/5035 1212/5047 1211/5033
f 3566/5048 2168/5049 3591/5050
f 3590/5051 2130/5052 3584/5053
f 2122/5054 2085/5055 1212/5056
f 1406/5057 2115/5058 1451/5059
f 2116/5060 1186/5061 1474/5062
f 1491/5063 1365/5064 1353/5065
f 1366/5066 1491/5067 1354/5068
f 1353/5069 1364/5070 1352/5071
f 1370/5072 1352/5071 1364/5070
f 1369/5073 1358/5074 1370/5075
f 1368/5076 1357/5077 1369/5078
f 1367/5079 1356/5080 1368/5081
f 1372/5082 1355/5083 1367/5084
f 1527/3294 1359/5085 1372/3292
f 1361/5086 1527/3288 1373/3126
f 1373/3126 1362/5087 1361/5086
f 3592/5088 2079/5089 3559/5090
f 2135/5091 2025/4261 2026/4260
f 2136/5092 2021/4619 2079/4621
f 2133/5093 2026/4399 2022/4398
f 2132/5094 2022/5095 2021/5096
f 3593/5097 2136/5098 3592/5099
f 2140/5100 2134/5101 2135/5102
f 2141/5103 2132/5104 2136/5105
f 2137/5106 2133/5107 2132/5108
f 2138/5109 2135/5110 2133/5111
f 3594/5112 2141/5113 3593/5114
f 2145/5115 2139/5116 2140/5117
f 2146/5118 2137/5119 2141/5120
f 2142/5121 2138/5122 2137/5123
f 2143/5124 2140/5125 2138/5126
f 2147/5127 2068/5128 1350/5129
f 1351/4212 2149/5130 2020/4210
f 2020/5131 2147/5127 1350/5129
f 3614/5132 1014/5133 3598/5134
f 2151/5135 2150/5136 2147/5137
f 3614/5138 1020/5139 1019/5140
f 2148/5141 2153/5142 2149/5143
f 2153/5142 2147/5144 2149/5143
f 2152/5145 2157/5146 2153/5147
f 2153/5148 2155/5149 2151/5150
f 2151/5151 2158/5152 2154/5153
f 2161/5154 2023/4252 2024/4254
f 2160/5155 1349/3013 2023/3015
f 2164/5156 2160/5157 2161/5158
f 2160/5159 2162/5160 2159/5161
f 2164/5162 2166/5163 2163/5164
f 2163/5165 2165/5166 2162/5167
f 2159/5168 1351/5169 1349/5170
f 2152/5171 2159/5161 2162/5160
f 2156/5172 2162/5167 2165/5166
f 2139/5173 2167/5174 2164/5175
f 2139/5176 2161/5177 2134/5178
f 2024/5179 2134/5178 2161/5177
f 1605/5180 1618/5181 1614/5182
f 2070/5183 1614/4583 2072/4582
f 3557/5184 2180/5185 3587/5186
f 3574/5187 2195/5188 3573/5189
f 2092/5190 1589/4652 2093/4651
f 1581/5191 1588/3461 1589/4525
f 1580/5192 1587/5193 1588/5194
f 1579/5195 1586/5196 1587/5197
f 1592/5198 1578/3644 1584/3643
f 1499/5199 1584/3335 1476/3334
f 1476/3334 1590/5200 1499/5199
f 1582/5201 1591/4801 1590/4800
f 2237/5202 1583/5203 2236/5204
f 1577/5205 1621/3474 1585/4720
f 1620/5206 1608/5207 1621/5208
f 1611/5209 1612/5210 1607/5211
f 1611/5212 1606/5213 1610/5214
f 1618/5215 1610/5214 1606/5213
f 1900/5216 1917/5217 1901/5218
f 1897/5219 1917/3874 1913/4756
f 2251/5220 1913/5221 2250/5222
f 1910/4758 1896/5223 1912/4759
f 1894/3145 1537/5224 1518/3143
f 1537/5224 1895/3818 1518/3143
f 1891/5225 1911/5226 1907/5227
f 1892/5228 1907/5229 1908/5230
f 1906/5231 1908/5232 1922/5233
f 1922/5233 1905/4034 1906/5231
f 1904/5234 1921/5235 1920/5236
f 2000/5237 1904/5234 1920/5236
f 1919/5238 1999/5239 2000/5240
f 1918/5241 1903/5242 1919/5243
f 1902/5244 1915/5245 1899/5246
f 1899/5247 1909/5248 1893/5249
f 1914/5250 1893/5249 1909/5248
f 1916/5251 1898/5252 1914/5253
f 1826/5254 1809/4159 1810/4158
f 2011/5255 1779/4105 1780/4104
f 1780/4104 2012/5256 2011/5255
f 1810/4158 1812/5257 1826/5254
f 1795/4154 1812/5258 1796/4155
f 1768/5259 2013/5260 2012/5261
f 1795/5262 1815/4983 1811/4985
f 1279/5263 1799/5264 1213/5265
f 1767/5266 2014/5267 2013/5268
f 1430/5269 1771/5270 1261/5271
f 1261/5271 2015/3320 1430/5269
f 2317/5272 2398/4743 2318/4742
f 1213/5265 1814/4980 1279/5263
f 1816/5273 1798/5274 1800/5275
f 2256/5276 1800/5277 2257/5278
f 2401/5279 2322/5280 2319/5281
f 1801/5282 2404/5283 2400/5284
f 1821/5285 1801/5286 1805/5287
f 1774/5288 2016/5289 1775/5290
f 1805/5287 1820/5291 1821/5285
f 1820/4977 1802/5292 1818/4978
f 2017/4118 1772/5293 2018/4116
f 2018/4121 1769/5294 2019/4119
f 1773/5295 2019/4119 1769/5294
f 1776/5296 2005/5297 1773/5298
f 2006/3713 1777/5299 2007/3711
f 2007/3716 1991/5300 2008/3714
f 2008/3719 1778/5301 2009/3717
f 1778/5301 2010/4182 2009/3717
f 1824/4990 1809/5302 1825/4991
f 1994/5303 1808/5304 1824/5305
f 1823/5306 1993/5307 1994/5308
f 1822/5309 1807/5310 1823/5311
f 1819/5312 1806/5313 1822/5314
f 1803/4175 1813/5315 1797/4173
f 1818/5316 1797/4173 1813/5315
f 1742/3663 2381/5317 1702/3664
f 1817/5318 2257/5319 1801/5320
f 1896/5223 2250/4267 1912/4759
f 1585/4720 2236/3973 1577/5205
f 2383/5321 5224/5322 5217/5323
f 2405/5324 2320/5325 2322/5326
f 1833/4750 2256/5327 1817/4979
f 1832/5328 2254/4347 1848/4346
f 1865/5329 2254/4949 1849/4948
f 1881/5330 2253/5331 1865/5332
f 1880/5333 2251/5334 1896/5335
f 1929/5336 2250/5222 1913/5221
f 1928/5011 2248/4239 1944/5009
f 1945/4243 2247/5337 2248/4244
f 1966/5338 2717/5339 2716/5340
f 1701/5341 2381/5342 2390/5343
f 2315/5344 2375/4775 2314/4774
f 2396/5345 2319/5346 2394/5347
f 1701/5348 2244/5349 1698/5350
f 1695/5351 2244/5352 2243/5353
f 2294/5354 5004/5355 536/5356
f 1691/5357 2241/5358 2242/5359
f 1738/4728 2240/5360 1640/4729
f 1624/5361 2240/5362 2239/5363
f 1624/4722 2238/5364 1593/4723
f 1585/5365 2238/5366 2237/5367
f 1575/5368 2236/5204 1583/5203
f 1567/5369 2235/5370 1575/5371
f 1561/4715 2233/3915 2032/4712
f 1559/5372 2233/3929 2052/3928
f 2232/5373 2038/4708 1553/4711
f 2230/5374 2039/5375 1334/5376
f 2115/5377 2230/5378 2229/5379
f 2229/5379 1451/5059 2115/5377
f 3419/5380 2227/5381 3424/5382
f 2226/5383 1551/5384 1255/5385
f 1210/5386 2225/5387 1209/5388
f 1207/5389 2225/5390 2224/5391
f 1207/4278 2223/5392 1206/4279
f 1193/3806 2223/5393 2222/3807
f 1277/2923 2222/3814 1270/2924
f 1306/5394 3437/5395 3426/5396
f 1317/2969 2220/5397 1306/2970
f 1309/3357 2218/3729 1320/3355
f 1362/5398 2218/3732 1327/3731
f 1354/5068 2216/3725 1366/5066
f 1387/5399 2216/3728 1374/3727
f 1379/3287 2214/5400 1390/3285
f 1390/3284 2213/3629 1401/3282
f 1421/5401 2213/3688 1410/3687
f 1432/5402 2212/5403 1421/5404
f 1424/5405 2210/5406 1435/5407
f 1435/3273 2209/5408 1446/3271
f 1446/5409 4101/5410 4099/5411
f 1458/3261 2207/5412 1469/3259
f 530/5413 2357/5414 2354/5415
f 658/5416 2308/5417 2307/5418
f 737/5419 2301/5420 2302/5421
f 427/5422 2287/5423 2288/5424
f 1800/5425 2367/5426 2403/5427
f 856/2486 2358/5428 611/517
f 674/5429 2307/5430 2306/5431
f 2305/1539 673/5432 689/1537
f 2305/2148 706/5433 690/2146
f 2304/5434 722/5435 706/5436
f 2302/5421 721/1962 737/5419
f 2301/5437 770/5438 754/5439
f 2299/5440 769/2215 785/2214
f 786/5441 2298/5442 802/5443
f 1969/5444 2743/5445 1968/5446
f 2334/5447 2416/5448 2336/5449
f 630/5450 2410/5451 2407/5452
f 642/5453 2417/5454 2308/5455
f 2295/5456 543/5457 540/5458
f 537/5459 2295/5456 540/5458
f 2243/5353 5010/5460 1695/5351
f 533/5461 2292/5462 577/5463
f 2291/5464 579/5465 482/5466
f 466/5467 2291/5464 482/5466
f 435/5468 2290/5469 466/5470
f 2288/5424 435/5471 427/5422
f 2287/5472 417/5473 425/5474
f 2286/5475 409/5476 417/5477
f 2284/5478 403/5479 873/5480
f 2284/1117 401/5481 893/1115
f 879/5482 2283/1099 395/1098
f 880/5483 2281/1046 176/1045
f 956/5484 2281/1069 177/1068
f 293/5485 2280/5486 956/5487
f 3410/5488 2278/5489 393/5490
f 393/1486 2277/5491 97/1484
f 2276/5492 52/5493 51/5494
f 49/5495 2276/5492 51/5494
f 2274/5496 49/5497 48/5498
f 35/5499 2274/5496 48/5498
f 2273/5500 119/5501 112/5502
f 3450/5503 148/5504 3439/5505
f 2271/5506 159/5507 148/5508
f 2269/5509 151/551 162/550
f 2269/924 204/240 169/922
f 196/920 2267/5510 2268/921
f 2267/5511 229/330 216/329
f 2265/5512 221/479 232/478
f 2264/826 232/476 243/824
f 2264/880 263/337 252/878
f 2263/5513 274/351 263/350
f 2261/5514 266/5515 277/5516
f 2260/5517 277/465 288/464
f 4088/5518 288/5519 4086/5520
f 2258/5521 300/453 311/452
f 1805/4146 2395/5522 1789/4144
f 2312/5523 2310/5524 2311/5525
f 2312/5526 2317/5527 2316/5528
f 1761/4942 2382/5529 1742/4943
f 2016/5289 2386/5530 1775/5290
f 1801/5286 2397/5531 1805/5287
f 1789/4202 2399/5532 2016/4200
f 2015/3320 2368/5533 1784/3318
f 2015/5534 2373/5535 2370/5536
f 1688/5537 2374/5538 1756/5539
f 1700/5540 2379/5541 1682/5542
f 1775/3706 2385/5543 1761/3707
f 1682/5544 2377/5545 1688/5546
f 2332/5547 2406/5548 2411/5549
f 2322/5550 2321/5551 2323/5552
f 1756/3323 2373/5553 1770/3321
f 2316/5554 2318/5555 2323/5556
f 2245/5557 2390/5558 2389/5559
f 2315/5560 2323/5552 2321/5551
f 2319/5561 2323/5556 2318/5555
f 2257/5562 2403/5563 2404/5564
f 2314/4774 2316/5565 2315/5344
f 5205/5566 2311/5567 5206/5568
f 1700/5569 2389/5570 2392/5571
f 616/5572 2346/5573 2345/5574
f 646/5575 2407/5576 2409/5577
f 642/5578 2409/5579 2413/5580
f 641/5581 2365/5582 639/5583
f 625/5584 2365/5585 2362/5586
f 597/5587 2358/5588 2357/5589
f 542/5590 2342/5591 2296/5592
f 583/5593 2351/5594 2349/5595
f 2356/5596 2329/5597 2328/5598
f 2335/5599 2336/5600 2337/5601
f 856/5602 2362/5603 2361/5604
f 2330/4125 2332/5605 2331/4123
f 857/5606 2345/5607 2410/5608
f 2329/5609 2337/5610 2330/5611
f 2337/5612 2333/5613 2332/5614
f 2308/5615 2414/5616 641/5617
f 2330/5611 2328/5598 2329/5609
f 5203/5618 2325/5619 2326/5620
f 543/5621 2351/5622 544/5623
f 2411/5624 2407/5452 2410/5451
f 2408/1980 2407/5625 2406/1981
f 5213/4066 2342/5626 2343/4064
f 5214/5627 2345/5574 2346/5573
f 5207/5628 2349/5595 2351/5594
f 2352/5629 2354/5630 2355/5631
f 2359/5632 2357/5589 2358/5588
f 2363/5633 2361/5604 2362/5603
f 2364/5634 2362/5586 2365/5585
f 2368/5635 2366/5636 2367/5637
f 2370/5638 2369/5639 2368/5640
f 2374/5641 2372/5642 2373/5643
f 2377/5644 2378/5645 2376/5646
f 2382/5647 5210/5648 2381/5649
f 2386/5650 5212/5651 2385/5652
f 2389/5653 5211/4781 2388/4780
f 2395/5654 2396/5345 2394/5347
f 2395/5655 2398/5656 2399/5657
f 2390/5658 5210/5659 5211/5660
f 2396/5661 2400/5662 2401/5663
f 2366/5636 2403/5427 2367/5637
f 2378/5031 2392/5664 2393/5032
f 2385/5665 5209/5666 2382/5667
f 2375/4775 2377/5644 2376/4773
f 2405/5668 2400/5284 2404/5283
f 2373/5535 2371/5669 2370/5536
f 2387/5670 2399/5657 2398/5656
f 2392/5664 2388/4746 2393/5032
f 2402/5671 2404/5564 2403/5563
f 5207/5672 2341/5673 5213/5674
f 2413/5675 2408/5676 2412/5677
f 2414/5678 2364/5634 2365/5585
f 2339/5679 2352/4738 2338/4740
f 5208/5680 2346/2502 2349/2501
f 2354/5630 2356/5681 2355/5631
f 2413/5682 2416/5683 2417/5684
f 2360/5685 2358/5686 2361/5687
f 2410/5451 2344/1941 2411/5624
f 2343/1987 2339/5679 2338/1985
f 2417/5688 2415/5689 2414/5690
f 542/5691 2353/5692 2339/5693
f 2545/5694 2419/5695 2543/5696
f 2429/5697 2431/5698 2427/5699
f 2433/5700 2435/5701 2431/5702
f 2437/5703 2439/5704 2435/5705
f 2441/5706 2443/5707 2439/5708
f 2445/5709 2447/5710 2443/5711
f 2449/5712 2451/5713 2447/5714
f 2453/5715 2455/5716 2451/5717
f 2457/5718 2459/5719 2455/5720
f 2459/5721 2465/5722 2463/5723
f 2463/5724 2469/5725 2467/5726
f 2467/5727 2473/5728 2471/5729
f 2471/5730 2477/5731 2475/5732
f 2475/5733 2481/5734 2479/5735
f 2479/5736 2485/5737 2483/5738
f 2483/5739 2489/5740 2487/5741
f 2487/5742 2493/5743 2491/5744
f 2491/5745 2497/5746 2495/5747
f 2495/5748 2501/5749 2499/5750
f 2499/5751 2505/5752 2503/5753
f 2503/5754 2509/5755 2507/5756
f 2507/5757 2513/5758 2511/5759
f 2511/5760 2517/5761 2515/5762
f 2515/5763 2521/5764 2519/5765
f 2519/5766 2525/5767 2523/5768
f 2525/5767 2527/5769 2523/5768
f 2529/5770 2531/5771 2527/5772
f 2533/5773 2535/5774 2531/5775
f 2537/5776 2539/5777 2535/5778
f 2541/5779 2543/5780 2539/5781
f 2425/5782 2427/5783 2423/5784
f 2436/5785 2432/5786 2540/5787
f 2421/5788 2423/5789 2419/5790
f 2419/5791 2422/5792 2418/5793
f 2425/5794 2420/5795 2424/5796
f 2423/5797 2426/5798 2422/5799
f 2429/5800 2424/5801 2428/5802
f 2427/5803 2430/5804 2426/5805
f 2433/5806 2428/5807 2432/5808
f 2431/5809 2434/5810 2430/5811
f 2437/5812 2432/5786 2436/5785
f 2435/5813 2438/5814 2434/5815
f 2441/5816 2436/5817 2440/5818
f 2439/5819 2442/5820 2438/5821
f 2445/5822 2440/5823 2444/5824
f 2443/5825 2446/5826 2442/5827
f 2449/5828 2444/5829 2448/5830
f 2447/5831 2450/5832 2446/5833
f 2453/5834 2448/5835 2452/5836
f 2451/5837 2454/5838 2450/5839
f 2457/5840 2452/5841 2456/5842
f 2455/5843 2458/5844 2454/5845
f 2461/5846 2456/5847 2460/5848
f 2463/5723 2458/5849 2459/5721
f 2465/5850 2460/5851 2464/5852
f 2467/5726 2462/5853 2463/5724
f 2465/5854 2468/5855 2469/5856
f 2471/5857 2466/5858 2467/5859
f 2469/5860 2472/5861 2473/5862
f 2475/5863 2470/5864 2471/5865
f 2473/5866 2476/5867 2477/5868
f 2479/5869 2474/5870 2475/5871
f 2477/5872 2480/5873 2481/5874
f 2483/5875 2478/5876 2479/5877
f 2481/5878 2484/5879 2485/5880
f 2487/5881 2482/5882 2483/5883
f 2485/5884 2488/5885 2489/5886
f 2491/5887 2486/5888 2487/5889
f 2489/5890 2492/5891 2493/5892
f 2495/5893 2490/5894 2491/5895
f 2493/5896 2496/5897 2497/5898
f 2499/5899 2494/5900 2495/5901
f 2497/5902 2500/5903 2501/5904
f 2503/5905 2498/5906 2499/5907
f 2501/5908 2504/5909 2505/5910
f 2507/5911 2502/5912 2503/5913
f 2505/5914 2508/5915 2509/5916
f 2511/5917 2506/5918 2507/5919
f 2509/5920 2512/5921 2513/5922
f 2515/5923 2510/5924 2511/5925
f 2513/5926 2516/5927 2517/5928
f 2519/5929 2514/5930 2515/5931
f 2517/5932 2520/5933 2521/5934
f 2523/5935 2518/5936 2519/5937
f 2521/5938 2524/5939 2525/5940
f 2527/5941 2522/5942 2523/5943
f 2529/5944 2524/5945 2528/5946
f 2527/5947 2530/5948 2526/5949
f 2533/5950 2528/5951 2532/5952
f 2531/5953 2534/5954 2530/5955
f 2537/5956 2532/5957 2536/5958
f 2535/5959 2538/5960 2534/5961
f 2541/5962 2536/5963 2540/5964
f 2539/5965 2542/5966 2538/5967
f 2545/5968 2540/5969 2544/5970
f 2543/5971 2418/5972 2542/5973
f 2421/5974 2544/5975 2420/5976
f 2534/5977 2538/5978 2434/5979
f 2547/5980 2673/5981 2671/5982
f 2559/5983 2557/5984 2555/5985
f 2563/5986 2561/5987 2559/5988
f 2567/5989 2565/5990 2563/5991
f 2571/5992 2569/5993 2567/5994
f 2575/5995 2573/5996 2571/5997
f 2579/5998 2577/5999 2575/6000
f 2583/6001 2581/6002 2579/6003
f 2587/6004 2585/6005 2583/6006
f 2587/6007 2593/6008 2589/6009
f 2591/6010 2597/6011 2593/6012
f 2595/6013 2601/6014 2597/6015
f 2599/6016 2605/6017 2601/6018
f 2603/6019 2609/6020 2605/6021
f 2607/6022 2613/6023 2609/6024
f 2611/6025 2617/6026 2613/6027
f 2615/6028 2621/6029 2617/6030
f 2619/6031 2625/6032 2621/6033
f 2623/6034 2629/6035 2625/6036
f 2627/6037 2633/6038 2629/6039
f 2631/6040 2637/6041 2633/6042
f 2635/6043 2641/6044 2637/6045
f 2639/6046 2645/6047 2641/6048
f 2643/6049 2649/6050 2645/6051
f 2647/6052 2653/6053 2649/6054
f 2655/6055 2653/6056 2651/6057
f 2659/6058 2657/6059 2655/6060
f 2663/6061 2661/6062 2659/6063
f 2667/6064 2665/6065 2663/6066
f 2671/6067 2669/6068 2667/6069
f 2555/6070 2553/6071 2551/6072
f 2668/6073 2672/6074 2560/6075
f 2551/6076 2549/6077 2547/6078
f 2547/6078 2550/6079 2551/6076
f 2553/6080 2548/6081 2549/6082
f 2551/6072 2554/6083 2555/6070
f 2557/6084 2552/6085 2553/6086
f 2555/5985 2558/6087 2559/5983
f 2561/6088 2556/6089 2557/6090
f 2559/5988 2562/6091 2563/5986
f 2565/6092 2560/6093 2561/6094
f 2563/5991 2566/6095 2567/5989
f 2569/6096 2564/6097 2565/6098
f 2567/5994 2570/6099 2571/5992
f 2573/6100 2568/6101 2569/6102
f 2571/5997 2574/6103 2575/5995
f 2577/6104 2572/6105 2573/6106
f 2575/6000 2578/6107 2579/5998
f 2581/6108 2576/6109 2577/6110
f 2579/6003 2582/6111 2583/6001
f 2585/6112 2580/6113 2581/6114
f 2583/6006 2586/6115 2587/6004
f 2589/6116 2584/6117 2585/6118
f 2586/6115 2591/6119 2587/6004
f 2593/6120 2588/6121 2589/6122
f 2590/6123 2595/6124 2591/6125
f 2596/6126 2593/6127 2597/6128
f 2594/6129 2599/6130 2595/6131
f 2600/6132 2597/6015 2601/6014
f 2598/6133 2603/6134 2599/6135
f 2604/6136 2601/6018 2605/6017
f 2602/6137 2607/6138 2603/6139
f 2608/6140 2605/6021 2609/6020
f 2606/6141 2611/6142 2607/6143
f 2612/6144 2609/6024 2613/6023
f 2610/6145 2615/6146 2611/6147
f 2616/6148 2613/6027 2617/6026
f 2614/6149 2619/6150 2615/6151
f 2620/6152 2617/6030 2621/6029
f 2618/6153 2623/6154 2619/6155
f 2624/6156 2621/6033 2625/6032
f 2622/6157 2627/6158 2623/6159
f 2628/6160 2625/6036 2629/6035
f 2626/6161 2631/6162 2627/6163
f 2632/6164 2629/6039 2633/6038
f 2630/6165 2635/6166 2631/6167
f 2636/6168 2633/6042 2637/6041
f 2634/6169 2639/6170 2635/6171
f 2640/6172 2637/6045 2641/6044
f 2638/6173 2643/6174 2639/6175
f 2644/6176 2641/6048 2645/6047
f 2642/6177 2647/6178 2643/6179
f 2648/6180 2645/6051 2649/6050
f 2646/6181 2651/6182 2647/6183
f 2652/6184 2649/6054 2653/6053
f 2650/6185 2655/6186 2651/6187
f 2657/6188 2652/6184 2653/6053
f 2655/6189 2658/6190 2659/6191
f 2661/6192 2656/6193 2657/6194
f 2659/6063 2662/6195 2663/6061
f 2665/6196 2660/6197 2661/6198
f 2663/6066 2666/6199 2667/6064
f 2669/6200 2664/6201 2665/6202
f 2667/6069 2670/6203 2671/6067
f 2673/6204 2668/6205 2669/6206
f 2671/5982 2546/6207 2547/5980
f 2549/6208 2672/6209 2673/6210
f 2558/6211 2554/6212 2670/6213
f 2676/6214 2674/3964 2675/3963
f 2690/6215 2680/6216 2685/6217
f 2686/4003 2693/6218 2687/4004
f 2694/6219 2689/3967 2688/3966
f 2677/6220 2695/6221 2674/6222
f 2683/6223 2696/6224 2697/6225
f 2687/6226 2694/6219 2688/3966
f 2699/3978 2678/6227 2698/3979
f 2681/6228 2691/2221 2696/2220
f 2700/1202 2679/6229 2699/1203
f 2697/6225 2684/6230 2683/6223
f 2684/6231 2698/3979 2678/6227
f 2705/1147 2702/6232 2704/1148
f 2692/6233 2704/1148 2702/6232
f 2682/6234 2703/6235 2705/6236
f 2708/6237 2710/6238 2711/6239
f 2709/6240 2685/6241 2710/6242
f 2675/3963 2706/6243 2676/6214
f 2713/6244 2714/6245 2712/6246
f 2718/6247 2728/6248 2723/6249
f 2724/6250 2731/3976 2730/3975
f 2727/6251 2732/6252 2726/6253
f 2733/6254 2715/6255 2713/6256
f 2735/6257 2721/6258 2734/6259
f 2725/6260 2732/6261 2731/6262
f 2736/6263 2716/5340 2717/5339
f 2729/6264 2719/6265 2735/6266
f 2738/6267 2717/6268 2720/6269
f 2722/291 2734/6259 2721/292
f 2722/6270 2737/6271 2739/6272
f 2743/6273 2740/1166 2741/1165
f 2730/3975 2742/6274 2724/6250
f 2720/6269 2741/6275 2738/6267
f 2746/6276 2748/6277 2747/6278
f 2747/4087 2723/6249 2728/4088
f 2712/6279 2744/6280 2745/6281
f 2745/6282 2749/6283 2746/6284
f 2707/6285 2711/6286 2706/6287
f 807/6288 2679/6289 808/6290
f 796/6291 2687/6226 2688/3966
f 817/6292 2708/6293 2707/6294
f 818/6295 2708/6296 2297/6297
f 802/6298 2711/6239 2710/6238
f 1965/6299 2718/6247 2723/6249
f 822/6300 2691/6301 2690/6302
f 801/6303 2711/6304 2298/6305
f 1956/6306 2724/6307 1970/6308
f 1963/6309 2716/6310 2722/6311
f 1971/6312 2731/6262 2732/6261
f 813/6313 2692/6314 827/6315
f 805/6316 2681/6317 803/6318
f 827/6319 2702/6320 826/6321
f 1977/6322 2746/6276 2747/6278
f 1979/6323 2737/6324 1982/6325
f 1982/6326 2736/6327 1983/6328
f 811/6329 2704/6330 2686/6331
f 1961/6332 2749/6333 2247/6334
f 1959/6335 2726/6336 1955/6337
f 844/6338 2705/6339 809/6340
f 799/6341 2706/6342 801/6343
f 816/6344 2694/6345 812/6346
f 844/6347 2679/6348 2682/6349
f 845/6350 2703/6351 2700/6352
f 1980/6353 2735/6354 1978/6355
f 815/6356 2707/6357 2675/6358
f 1177/6359 2727/6360 1959/6361
f 1983/6362 2738/6363 2004/6364
f 826/6365 2703/6366 825/6367
f 1962/6368 2721/6369 2719/6370
f 1958/6371 2744/6372 2714/6373
f 816/6374 2674/6222 2695/6221
f 1974/6375 2745/6376 1976/6377
f 819/6378 2697/6225 2696/6224
f 798/6379 2684/6380 804/6381
f 1973/6382 2739/6383 1979/6384
f 806/6385 2710/6242 2685/6241
f 3161/6386 3158/6387 3222/6388
f 3005/6389 2788/6390 2844/6391
f 3023/6392 3013/6393 3019/6394
f 3016/6395 3013/6396 3012/6397
f 2776/6398 3172/6399 3224/6400
f 3174/6401 2754/6402 3069/6403
f 2815/6404 3015/6405 3017/6406
f 2864/6407 3307/6408 3131/6409
f 2827/6410 2759/6411 2763/6412
f 3085/6413 2760/6414 2762/6415
f 3255/6416 2881/6417 3345/6418
f 2982/6419 2984/6420 2986/6421
f 3091/6422 2986/6421 2984/6420
f 3006/6423 2988/6424 3004/6425
f 2996/6426 3118/6427 3000/6428
f 2992/6429 3007/6430 2989/6431
f 3002/6432 2996/6426 3000/6428
f 3007/6433 3132/6434 3129/6435
f 3016/6395 3012/6397 3096/6436
f 3137/6437 2961/6438 3163/6439
f 3027/6440 3029/6441 3024/6442
f 3035/6443 3031/6444 3033/6445
f 3033/6445 3106/6446 3035/6443
f 3047/6447 3042/6448 3041/6449
f 3044/6450 3049/6451 3051/6452
f 3051/6453 3053/6454 3055/6455
f 3055/6456 3057/6457 3059/6458
f 3057/6457 3146/6459 3059/6458
f 3061/6460 2753/6461 3067/6462
f 3073/6463 2752/6464 2756/6465
f 3103/6466 2957/6467 3113/6468
f 2753/6461 3064/6469 3067/6462
f 3071/6470 2751/6471 3063/6472
f 3069/6473 2755/6474 3071/6475
f 3077/6476 2763/6412 2759/6411
f 3081/6477 2761/6478 2758/6479
f 3079/6480 2762/6481 2761/6482
f 3128/6483 3142/6484 3144/6485
f 3089/6486 2976/6487 2978/6488
f 2978/6489 2980/6490 2982/6491
f 3102/6492 2764/6493 2763/6494
f 3120/6495 3115/6496 3118/6497
f 3129/6498 3308/6499 3310/6500
f 2994/6501 2989/6502 2988/6503
f 3239/6504 2889/6505 2871/6506
f 3075/6507 2758/6508 2757/6509
f 3148/6510 3140/6511 3146/6512
f 3144/6513 3158/6514 3160/6515
f 2778/6516 3150/6517 2771/6518
f 2919/6519 3203/6520 3202/6521
f 3171/6522 2941/6523 3223/6524
f 2962/6525 2771/6526 2911/6527
f 3309/6528 2871/6529 2867/6530
f 2767/6531 3288/6532 3136/6533
f 3140/6534 3164/6535 3170/6536
f 3343/6537 3096/6538 3154/6539
f 2757/6509 3134/6540 3075/6507
f 3110/6541 3037/6542 3039/6543
f 3002/6544 3004/6545 2997/6546
f 2970/6547 2972/6548 2974/6549
f 3039/6550 3041/6449 3042/6448
f 3083/6551 2759/6552 2760/6553
f 2771/6554 3176/6555 2770/6556
f 3205/6557 3314/6558 3312/6559
f 3208/6560 3204/6561 3205/6562
f 2772/6563 3151/6564 2778/6565
f 3251/6566 3182/6567 3249/6568
f 3186/6569 3245/6570 3248/6571
f 3194/6572 3330/6573 3199/6574
f 3251/6575 3201/6576 3208/6577
f 2783/6578 3212/6579 2773/6580
f 3167/6581 3164/6582 3166/6583
f 2768/6584 3174/6585 3172/6586
f 3288/6587 2774/6588 3216/6589
f 3336/6590 3241/6591 3238/6592
f 3156/6593 3261/6594 3260/6595
f 3278/6596 2770/6556 3176/6555
f 3216/6597 2775/6598 3218/6599
f 3225/6600 3222/6601 3220/6602
f 3167/6603 3228/6604 3214/6605
f 3218/6606 2777/6607 3233/6608
f 3220/6602 3243/6609 3225/6600
f 3308/6499 3240/6610 3310/6500
f 2787/6611 3224/6612 3290/6613
f 3276/6614 3188/6615 3274/6616
f 3304/6617 3180/6618 3306/6619
f 3343/6620 3156/6593 3260/6595
f 3268/6621 3274/6622 3253/6623
f 3348/6624 3256/6625 3346/6626
f 2784/6627 3282/6628 2783/6629
f 3265/6630 2781/6631 3278/6632
f 3178/6633 3183/6634 3182/6635
f 2789/6636 3131/6637 3009/6638
f 3214/6639 3230/6640 3231/6641
f 2786/6642 3290/6643 3286/6644
f 3230/6640 3292/6645 3231/6641
f 2862/6646 3173/6647 3068/6648
f 2784/6649 3286/6650 3284/6651
f 3294/6652 3296/6653 3292/6654
f 3233/6655 2782/6656 3280/6657
f 3302/6658 3298/6659 3300/6660
f 3306/6619 3300/6661 3304/6617
f 3316/6662 3312/6559 3314/6558
f 3186/6663 3191/6664 3190/6665
f 3210/6666 2773/6580 3212/6579
f 3320/6667 3318/6668 3316/6669
f 3326/6670 3320/6671 3324/6672
f 3330/6673 3334/6674 3328/6675
f 2821/6676 3038/6677 2822/6678
f 3328/6679 3342/6680 3340/6681
f 3281/6682 2924/6683 3211/6684
f 3340/6685 3338/6686 3336/6687
f 3248/6688 3195/6689 3198/6690
f 3269/6691 3253/6692 3256/6693
f 3261/6694 3326/6670 3324/6672
f 3198/6695 3194/6572 3199/6574
f 3280/6696 2779/6697 3264/6698
f 2810/6699 3095/6700 3011/6701
f 3126/6702 3122/6703 3115/6704
f 3108/6705 3112/6706 3110/6707
f 3104/6708 3108/6709 3106/6710
f 3063/6711 2750/6712 3061/6713
f 2754/6714 2802/6715 2755/6716
f 2821/6717 3107/6718 3109/6719
f 3264/6720 2780/6721 3265/6722
f 2875/6723 2769/6724 2768/6725
f 2863/6726 2769/6727 2869/6728
f 2985/6729 2865/6730 2857/6731
f 2756/6465 3100/6732 3073/6463
f 3097/6733 2765/6734 2764/6735
f 2755/6736 2798/6737 2751/6738
f 3272/6739 3346/6740 3243/6741
f 3023/6742 3024/6743 3020/6744
f 3235/6745 3241/6746 3240/6747
f 3012/6397 3095/6748 3096/6436
f 2766/6749 3136/6750 3134/6751
f 2974/6752 3087/6753 3089/6754
f 3015/6405 3016/6755 3017/6406
f 3092/6756 3093/6757 3094/6758
f 2968/6759 2971/6760 2972/6761
f 2974/6549 2969/6762 2970/6547
f 2976/6763 2979/6764 2980/6765
f 2982/6491 2977/6766 2978/6489
f 2980/6767 2983/6768 2984/6769
f 2986/6421 2981/6770 2982/6419
f 2988/6771 2990/6772 2987/6773
f 2994/6774 2991/6775 2992/6776
f 2996/6777 2998/6778 2995/6779
f 3000/6428 3001/6780 3002/6432
f 3004/6781 2987/6782 3003/6783
f 2994/6784 3005/6785 2993/6786
f 2989/6787 3008/6788 2990/6789
f 2992/6790 3009/6791 3010/6792
f 2997/6793 3003/6794 2998/6795
f 3006/6796 3001/6797 3005/6798
f 3012/6799 3014/6800 3011/6801
f 3016/6802 3018/6803 3019/6804
f 3013/6805 3021/6806 3014/6807
f 3019/6394 3022/6808 3023/6392
f 3020/6809 3025/6810 3021/6811
f 3023/6812 3026/6813 3027/6814
f 3024/6815 3028/6816 3025/6817
f 3031/6818 3026/6819 3030/6820
f 3033/6821 3030/6822 3032/6823
f 3029/6824 3034/6825 3028/6826
f 3037/6827 3040/6828 3041/6829
f 3042/6448 3038/6830 3039/6550
f 3044/6831 3043/6832 3042/6833
f 3041/6449 3046/6834 3047/6447
f 3047/6835 3048/6836 3049/6837
f 3051/6452 3045/6838 3044/6450
f 3049/6839 3052/6840 3053/6841
f 3055/6455 3050/6842 3051/6453
f 3053/6843 3056/6844 3057/6845
f 3059/6458 3054/6846 3055/6456
f 3062/6847 3061/6848 3060/6849
f 3065/6850 3067/6462 3064/6469
f 3063/6472 3070/6851 3071/6470
f 3060/6852 3067/6853 3066/6854
f 3064/6469 3072/6855 3065/6850
f 3074/6856 3081/6857 3075/6858
f 3082/6859 3077/6860 3083/6861
f 3080/6862 3079/6863 3081/6864
f 3083/6861 3084/6865 3082/6859
f 2972/6866 3086/6867 3087/6868
f 3089/6754 2973/6869 2974/6752
f 3090/6870 2984/6769 2983/6768
f 2975/6871 3087/6868 3086/6867
f 3078/6872 3085/6873 3079/6874
f 3040/6875 2793/6876 2839/6877
f 2978/6488 3088/6878 3089/6486
f 3098/6879 3100/6880 3097/6881
f 3110/6707 3107/6882 3108/6705
f 3114/6883 3103/6466 3113/6468
f 3116/6884 3118/6497 3115/6496
f 3126/6885 3119/6886 3125/6887
f 3128/6888 2985/6889 2986/6890
f 3129/6435 3008/6891 3007/6433
f 3010/6892 3131/6893 3132/6894
f 3133/6895 3075/6507 3134/6540
f 3146/6459 3058/6896 3059/6458
f 3148/6897 3056/6898 3147/6899
f 3147/6899 3138/6900 3148/6897
f 3127/6901 3144/6902 3143/6903
f 3068/6904 3071/6470 3070/6851
f 3141/6905 3091/6906 3090/6907
f 3135/6908 3134/6751 3136/6750
f 3140/6511 3145/6909 3146/6512
f 3099/6910 3073/6463 3100/6732
f 3035/6911 3105/6912 3034/6913
f 3104/6914 3032/6915 3103/6916
f 3117/6917 3000/6428 3118/6427
f 3120/6918 2995/6919 3119/6920
f 2967/6921 3124/6922 3123/6923
f 2970/6924 3121/6925 3122/6926
f 3036/6927 3112/6928 3111/6929
f 3039/6543 3109/6930 3110/6541
f 3102/6931 3076/6932 3101/6933
f 3151/6934 3149/6935 3150/6936
f 3155/6937 3154/6938 3153/6939
f 3162/6940 3160/6941 3161/6942
f 3165/6943 3164/6944 3163/6945
f 3168/6946 3170/6947 3167/6948
f 3174/6585 3171/6949 3172/6586
f 3150/6950 3175/6951 3176/6952
f 3177/6953 3180/6954 3178/6955
f 3182/6956 3184/6957 3181/6958
f 3185/6959 3188/6960 3186/6961
f 3190/6962 3192/6963 3189/6964
f 3195/6965 3193/6966 3194/6967
f 3199/6574 3197/6968 3198/6695
f 3203/6520 3201/6969 3202/6521
f 3207/6970 3205/6971 3206/6972
f 3212/6579 3209/6973 3210/6666
f 3213/6974 3167/6603 3214/6605
f 3218/6599 3215/6975 3216/6597
f 3220/6976 3221/6977 3219/6978
f 3224/6979 3171/6522 3223/6524
f 3161/6942 3226/6980 3162/6940
f 3166/6981 3227/6982 3228/6983
f 3229/6984 3228/6983 3227/6982
f 3232/6985 3214/6639 3231/6641
f 3233/6608 3217/6986 3218/6606
f 3236/6987 3238/6988 3235/6989
f 3240/6990 3242/6991 3239/6992
f 3244/6993 3225/6600 3243/6609
f 3245/6994 3196/6995 3195/6996
f 3198/6690 3247/6997 3248/6688
f 3202/6998 3249/6999 3250/7000
f 3252/7001 3178/7002 3251/7003
f 3210/7004 3152/7005 3151/7006
f 3254/7007 3256/6693 3253/6692
f 3155/7008 3258/7009 3156/7010
f 3262/7011 3260/6595 3261/6594
f 3265/6722 3263/7012 3264/6720
f 3268/7013 3270/7014 3267/7015
f 3272/7016 3219/7017 3271/7018
f 3158/6387 3221/7019 3222/6388
f 3273/7020 3253/6623 3274/6622
f 3276/7021 3267/7022 3275/7023
f 3278/6632 3266/7024 3265/6630
f 3264/6698 3279/7025 3280/6696
f 3176/6555 3277/7026 3278/6596
f 3280/6657 3234/7027 3233/6655
f 3282/7028 3211/7029 3212/7030
f 3284/7031 3285/7032 3283/7033
f 3290/7034 3223/7035 3289/7036
f 3284/7037 3281/7038 3282/7039
f 3286/7040 3289/7041 3285/7042
f 3291/7043 3231/6641 3292/6645
f 3229/7044 3294/7045 3230/7046
f 3295/7047 3292/6654 3296/6653
f 3293/7048 3298/7049 3294/7050
f 3301/7051 3296/7052 3302/7053
f 3297/7054 3300/6660 3298/6659
f 3299/7055 3304/6617 3300/6661
f 3305/7056 3302/7057 3306/7058
f 3179/7059 3306/6619 3180/6618
f 3303/7060 3183/7061 3304/7062
f 3206/7063 3312/7064 3311/7065
f 3313/7066 3204/7067 3203/7068
f 3315/7069 3314/7070 3313/7071
f 3311/7072 3318/7073 3317/7074
f 3315/7075 3320/6667 3316/6669
f 3317/7076 3322/7077 3321/7078
f 3319/7079 3324/6672 3320/6671
f 3321/7080 3326/7081 3325/7082
f 3323/7083 3261/6694 3324/6672
f 3325/7084 3258/7085 3257/7086
f 3329/7087 3328/7088 3327/7089
f 3332/7090 3333/7091 3334/7092
f 3237/7093 3336/6590 3238/6592
f 3338/7094 3242/7095 3241/7096
f 3327/7097 3340/7098 3339/7099
f 3334/7100 3341/7101 3342/7102
f 3329/7103 3199/6574 3330/6573
f 3194/7104 3331/7105 3332/7106
f 3335/7107 3340/6685 3336/6687
f 3342/7108 3337/7109 3338/7110
f 3135/7111 3288/7112 3287/7113
f 3130/7114 3310/7115 3309/7116
f 3092/6756 3344/7117 3093/6757
f 3308/7118 3131/6409 3307/6408
f 3345/7119 3243/6741 3346/6740
f 3348/7120 3271/7121 3347/7122
f 3255/7123 3346/6626 3256/6625
f 3269/7124 3347/7125 3270/7126
f 3187/7127 3274/6616 3188/6615
f 3191/7128 3275/7129 3192/7130
f 3101/6933 3097/7131 3102/6931
f 3108/6709 3105/7132 3106/6710
f 3114/7133 3111/6929 3112/6928
f 3121/6925 3115/6704 3122/6926
f 3126/7134 3123/6923 3124/6922
f 3207/7135 3251/6575 3208/6577
f 3181/6958 3249/6568 3182/6956
f 3248/6571 3185/6959 3186/6569
f 3245/7136 3189/7137 3246/7138
f 3141/7139 3158/7140 3142/7141
f 3236/7142 3308/7118 3307/6408
f 3344/7143 3260/7144 3259/7145
f 3310/7115 3239/7146 3309/7116
f 3288/7112 3215/7147 3287/7113
f 3068/7148 3174/6401 3069/6403
f 3170/6536 3139/7149 3140/6534
f 3164/6944 3137/6437 3163/6945
f 3160/6515 3143/6903 3144/6513
f 3154/6938 3095/7150 3153/6939
f 3122/6926 2968/7151 2970/6924
f 2279/7152 3355/7153 316/7154
f 3372/7155 2228/7156 1474/7157
f 1186/5061 3372/7155 1474/5062
f 1451/5059 3376/7158 1406/5057
f 3617/7159 2085/7160 3591/7161
f 3585/7162 3381/7163 3618/7164
f 3382/7165 1212/5056 2085/5055
f 1395/7166 3375/7167 3378/7168
f 2065/7169 3380/7170 3381/7171
f 1371/7172 3379/7173 3380/7174
f 1384/7175 3379/7176 1375/7177
f 1384/7178 3378/7179 3377/7180
f 1187/3341 3367/7181 3371/3339
f 1418/7182 3376/7183 3375/7184
f 3374/7185 1211/5033 1212/5047
f 3385/7186 1451/7187 2228/7188
f 3418/7189 3369/7190 3371/7191
f 3417/7192 3370/7193 3369/7194
f 3416/7195 3366/7196 3368/7197
f 3415/7198 3367/7199 3366/7200
f 28/254 3355/7201 3353/255
f 293/7202 3359/7203 3356/7204
f 926/7205 3689/7206 3685/7207
f 3679/7208 3364/7209 906/7210
f 54/2266 3365/7211 926/2264
f 237/7212 3358/7213 260/7214
f 906/7215 3363/7216 213/7217
f 213/7218 3362/7219 217/7220
f 3362/7219 226/7221 217/7220
f 226/7222 3361/7223 237/7224
f 29/7225 3350/15 30/14
f 260/7226 3359/7227 248/7228
f 53/2257 3357/7229 54/2255
f 293/7230 3386/7231 2279/7232
f 3409/7233 3352/7234 3408/7235
f 3408/7236 3353/7237 3388/7238
f 3351/7239 3406/7240 3407/7241
f 3406/7242 3350/7243 3387/7244
f 389/1423 3387/1549 388/1421
f 390/1411 3406/7245 389/1420
f 343/7246 3388/2019 392/1485
f 394/7247 3408/7248 343/7249
f 1547/7250 3395/7251 3415/7252
f 1548/4217 3415/7253 3416/4218
f 1501/7254 3396/7255 3417/7256
f 1552/4229 3417/7257 3418/4352
f 3386/7258 3410/7259 3355/7260
f 3419/7261 3385/7262 3372/7263
f 3396/7264 3372/7265 3370/7266
f 3373/7267 3421/7268 3376/7269
f 3619/7270 3382/7271 3617/7272
f 3618/7273 3402/7274 3620/7275
f 3382/7276 3420/7277 3374/7278
f 3375/7167 3422/7279 3378/7168
f 3381/7280 3401/7281 3402/7282
f 3380/7283 3400/7284 3401/7285
f 3379/7286 3399/7287 3400/7288
f 3377/7289 3422/7290 3399/7291
f 3371/7191 3395/7292 3418/7189
f 3375/7293 3421/7294 3398/7295
f 3374/7296 3416/7195 3368/7197
f 3424/7297 3373/7298 3385/7299
f 3355/7201 3388/7238 3353/255
f 3356/7300 3412/7301 3389/7302
f 3689/7303 3414/7304 3691/7305
f 3690/7306 3394/7307 3364/7308
f 3365/7309 3411/7310 3414/7311
f 3413/7312 3358/7313 3361/7314
f 3364/7315 3393/7316 3363/7317
f 3363/7318 3392/7319 3362/7320
f 3362/7321 3391/7322 3360/7323
f 3360/7324 3413/7312 3361/7314
f 3354/7325 3387/7244 3350/7243
f 3358/7326 3412/7327 3359/7328
f 3357/7329 3407/7330 3411/7331
f 3356/7332 3405/7333 3386/7334
f 3426/7335 3473/7336 3474/7337
f 3472/7338 3436/7339 3435/7340
f 1298/7341 3436/7342 3434/7343
f 3435/7340 3471/7344 3472/7338
f 3437/7345 3475/7346 3473/7347
f 1302/7348 3433/4867 1296/4866
f 1301/7349 3432/7350 1302/7351
f 1300/7352 3431/7353 1301/7354
f 1299/2975 3430/7355 1300/2976
f 1303/7356 3429/7357 1299/7358
f 1523/7359 3428/7360 1303/7361
f 3465/7362 3425/7363 3464/7364
f 1305/3226 3426/7365 3425/3227
f 3463/7366 3439/7367 3460/7368
f 3459/7369 3449/7370 3462/7371
f 140/554 3449/2104 330/552
f 3458/7372 3448/7373 3459/7374
f 3461/7375 3450/7376 3463/7377
f 3446/7378 144/7379 138/7380
f 3445/7381 143/7382 144/7383
f 3444/7384 142/7385 143/7386
f 3443/7387 141/7388 142/7389
f 3442/7390 145/394 141/393
f 365/358 3441/7391 3440/419
f 3452/7392 3438/7393 3440/7394
f 147/7395 3439/5505 148/5504
f 363/422 3451/7396 3452/420
f 38/7397 3463/7398 2272/7399
f 36/7400 3459/7401 37/7402
f 37/7403 3462/2101 329/2100
f 2272/7404 3460/400 119/399
f 3447/7405 3462/7371 3449/7370
f 3458/7406 3445/7407 3446/7408
f 3457/7409 3444/7410 3445/7411
f 3456/7412 3443/7413 3444/7414
f 3455/7415 3442/7416 3443/7417
f 3454/7418 3441/7419 3442/7420
f 3440/7394 3453/7421 3452/7392
f 3451/7422 3439/7423 3438/7424
f 1521/7425 3464/3204 1276/3206
f 3473/7426 1196/7427 2221/7428
f 3472/7429 1194/7430 1195/7431
f 1195/7431 3476/7432 3472/7429
f 3474/7433 2221/7434 1277/7435
f 3434/7436 3476/7437 3475/7438
f 3432/7439 3471/7440 3433/7441
f 3431/7442 3470/7443 3432/7444
f 3430/7445 3469/7446 3431/7447
f 3429/7448 3468/7449 3430/7450
f 3428/7451 3467/7452 3429/7453
f 3427/7454 3466/7455 3428/7456
f 3426/7365 3464/7364 3425/3227
f 985/7457 3480/7458 986/7459
f 2165/5166 3496/7460 2156/5172
f 2156/7461 3497/7462 2157/7463
f 996/7464 3485/7465 3482/7466
f 2144/7467 3493/7468 3492/7469
f 1008/7470 3487/7471 3488/7472
f 2167/7473 3492/7474 3501/7475
f 983/7476 3481/7477 987/7478
f 2155/7479 3497/7480 3495/7481
f 3616/7482 1021/7483 3489/7484
f 2167/7485 3500/7486 2166/7487
f 2142/7488 3494/7489 3490/7490
f 1006/2385 3487/7491 1007/2386
f 3616/7492 3498/7493 3622/7494
f 987/7495 3694/7496 3688/7497
f 997/7498 3484/7499 3483/7500
f 984/7501 3477/7502 983/7503
f 2155/7504 3498/7505 2158/7506
f 2165/7507 3500/7508 3499/7509
f 2143/7510 3490/7511 3491/7512
f 986/7513 3478/7514 984/7515
f 3594/7516 3502/7517 3621/7518
f 2145/7519 3491/7520 3493/7521
f 1006/7522 3483/7523 3486/7524
f 996/2361 3484/7525 998/2362
f 1008/2390 3479/7526 985/2391
f 3486/7527 3509/7528 3512/7529
f 3498/7493 3624/7530 3622/7494
f 3480/7531 3504/7532 3478/7533
f 3495/7534 3523/7535 3521/7536
f 3488/7537 3505/7538 3479/7539
f 3483/7540 3510/7541 3509/7542
f 3495/7543 3524/7544 3498/7545
f 3621/7546 3528/7547 3623/7548
f 3482/7549 3510/7550 3484/7551
f 3500/7552 3527/7553 3526/7554
f 3492/7555 3519/7556 3518/7557
f 3479/7558 3506/7559 3480/7560
f 3482/7561 3511/7562 3508/7563
f 3500/7508 3525/7564 3499/7509
f 3494/7489 3516/7565 3490/7490
f 3649/7566 3701/7567 3693/7568
f 3499/7569 3522/7570 3496/7571
f 3490/7511 3517/7572 3491/7512
f 3487/7471 3514/7573 3488/7472
f 3501/7574 3518/7575 3527/7576
f 3481/7577 3503/7578 3507/7579
f 3493/7580 3517/7581 3519/7582
f 3487/7583 3512/7584 3513/7585
f 3694/7586 3507/7587 3696/7588
f 3477/7589 3504/7590 3503/7591
f 3496/7592 3523/7593 3497/7594
f 3509/7528 3538/7595 3512/7529
f 3624/7596 3550/7597 3626/7598
f 3504/7599 3532/7600 3530/7601
f 3521/7602 3549/7603 3547/7604
f 3514/7605 3531/7606 3505/7607
f 3510/7541 3535/7608 3509/7542
f 3524/7609 3547/7610 3550/7611
f 3528/7547 3625/7612 3623/7548
f 3508/7613 3536/7614 3510/7615
f 3526/7616 3553/7617 3552/7618
f 3518/7619 3545/7620 3544/7621
f 3511/7562 3534/7622 3508/7563
f 3525/7623 3552/7624 3551/7625
f 3520/7626 3542/7627 3516/7628
f 3648/7629 3541/7630 3699/7631
f 3522/7632 3551/7633 3548/7634
f 3505/7635 3532/7636 3506/7637
f 3516/7638 3543/7639 3517/7640
f 3513/7641 3540/7642 3514/7643
f 3527/7644 3544/7645 3553/7646
f 3507/7647 3529/7648 3533/7649
f 3517/7581 3545/7650 3519/7582
f 3512/7584 3539/7651 3513/7585
f 3696/7652 3533/7653 3698/7654
f 3503/7655 3530/7656 3529/7657
f 3523/7658 3548/7659 3549/7660
f 3623/7661 3546/7662 3520/7663
f 3621/7664 3520/7665 3494/7666
f 3615/7667 3541/7668 1020/7669
f 2146/7670 3621/7664 3494/7666
f 3615/7671 3489/7672 3515/7673
f 3384/7674 3620/7675 3404/7676
f 3403/7677 3617/7678 3383/7679
f 2174/7680 3618/7681 3384/7682
f 3383/7683 3591/5050 2168/5049
f 2093/4651 3573/7684 2092/5190
f 2072/4582 3587/4597 2070/5183
f 2154/7685 3616/7686 3615/7687
f 2150/7688 3615/7689 3614/7690
f 2150/7691 3598/7692 2068/7693
f 2192/7694 3593/7695 2191/7696
f 2191/7697 3592/7698 2190/7699
f 2190/7700 3559/4405 2186/4404
f 2187/7701 3584/7702 2189/7703
f 2131/7704 3591/7161 2085/7160
f 2080/4623 3560/7705 2076/4888
f 5030/7706 3606/4550 1023/4549
f 3558/7707 2201/7708 2200/7709
f 2197/7710 3576/4453 2198/4452
f 1028/3536 3613/7711 3602/3534
f 1029/7712 3612/7713 3613/7714
f 1030/7715 3581/7716 3612/7717
f 3638/7718 2203/7719 3579/7720
f 2199/4485 3611/7721 3577/4486
f 1026/7722 3600/7723 3611/7724
f 2183/7725 3586/7726 2179/7727
f 2193/7728 3570/4435 2206/4434
f 2172/7729 3568/4429 2205/4428
f 3403/7730 3565/7731 3619/7732
f 2175/7733 3563/4414 2170/4413
f 3588/7734 1018/7735 2185/7736
f 1017/7737 3590/7738 2187/7739
f 3404/7740 3608/7741 1013/7742
f 2184/7743 3589/7744 2183/7745
f 3555/7746 2185/7747 2173/7748
f 3609/7749 1017/7750 1018/7751
f 1013/7752 3607/7753 1010/7754
f 2179/7755 3587/5186 2180/5185
f 2189/7756 3585/7757 2174/7758
f 1010/7759 3597/2944 1011/2943
f 2100/7760 3606/7761 2099/7762
f 2113/4687 3583/7763 3582/4688
f 2107/4669 3580/7764 2106/4670
f 2105/4665 3580/7765 3579/4666
f 2104/4663 3577/4660 2103/4481
f 2096/7766 3576/4682 2095/4681
f 2094/7767 3574/7768 2093/7769
f 2092/7770 3572/7771 2091/7772
f 2091/7773 3571/7774 2090/7775
f 2090/7776 3570/4642 2089/4641
f 2088/7777 3568/4638 2087/4637
f 2086/7778 3566/7779 2131/7780
f 2084/7781 3564/7782 2083/7783
f 2083/7784 3563/4627 2082/4626
f 2081/7785 3561/7786 2080/7787
f 2076/4620 3559/5090 2079/4621
f 2097/7788 3605/7789 2096/7790
f 2098/7791 3603/7792 2097/7793
f 2110/4679 3601/7794 3602/4677
f 5031/7795 3558/7796 5049/7797
f 2101/7798 3599/7799 2100/7800
f 2071/7801 3557/7802 2072/7803
f 2068/7804 3595/7805 2061/7806
f 2066/7807 3556/7808 2071/7809
f 2062/7810 3597/4572 2064/4571
f 2061/7811 3596/7812 2062/7813
f 3528/7814 3698/7815 3554/7816
f 3511/7817 3697/7818 3537/7819
f 3502/7820 3696/7821 3528/7822
f 3485/7823 3695/7824 3511/7825
f 3688/7826 3502/7827 2192/7828
f 3649/7829 3485/7830 999/7831
f 3384/7832 3692/7833 3690/7834
f 3383/7679 3691/7835 3403/7677
f 2174/7836 3690/7837 3679/7838
f 2168/5049 3689/7839 3383/7683
f 934/7840 3668/7841 3669/7842
f 913/7843 3681/7844 3652/7845
f 995/7846 3648/2366 3649/2368
f 991/7847 3648/2366 995/7846
f 3630/7848 991/7849 909/7850
f 3687/7851 2192/7694 2191/7696
f 3686/7852 2191/7697 2190/7699
f 3654/1612 2190/7700 2186/1610
f 2187/7853 3678/7854 3684/7855
f 3685/7207 972/7856 926/7205
f 921/7857 3655/7858 3656/7859
f 5030/7860 3639/1899 5050/1901
f 2201/7708 3653/730 2200/7709
f 2197/7861 3671/7862 3670/7863
f 1028/7864 3646/7865 1029/7866
f 1029/7867 3645/7868 1030/7869
f 1030/7870 3675/7871 2202/7872
f 3579/7720 2204/1696 3638/7718
f 2199/7873 3644/7874 1026/7875
f 1026/7876 3632/7877 1025/7878
f 2183/7879 3680/7880 3683/7881
f 3665/1642 2193/7728 2206/1640
f 3663/1636 2172/7729 2205/1634
f 3691/7882 2177/7883 3403/7884
f 3658/1621 2175/7733 2170/1619
f 1018/7735 3682/7885 2185/7736
f 1017/7886 3684/7887 3643/7888
f 1013/7742 3692/7889 3404/7740
f 2184/1743 3683/7890 3677/1744
f 2185/7747 3650/221 2173/7748
f 1017/7750 3642/7891 1018/7751
f 1013/7892 3640/7893 3641/7894
f 2179/7895 3681/7896 3680/7897
f 2189/7898 3679/7899 3678/7900
f 3629/7901 1010/7759 1011/2943
f 941/7902 3639/7903 3631/7904
f 954/7905 3677/1829 955/1527
f 3674/7906 948/7907 947/7908
f 946/7909 3674/7906 947/7908
f 3672/7910 945/7911 944/7912
f 3671/7913 937/7914 936/7915
f 3669/7842 935/7916 934/7840
f 3667/7917 933/7918 932/7919
f 3666/7920 932/7921 931/7922
f 3665/1861 931/7923 930/1859
f 3663/1858 929/7924 928/1856
f 3661/7925 927/7926 972/7927
f 3659/7928 925/7929 924/7930
f 3658/1845 924/7931 923/1843
f 3656/7859 922/7932 921/7857
f 3654/2300 917/7933 920/2298
f 3637/7934 938/7935 937/7936
f 3635/7937 939/7938 938/7939
f 951/7940 3633/7941 952/7942
f 5014/7943 3653/1898 953/1750
f 3631/7904 942/7944 941/7902
f 912/7945 3652/7946 3651/7947
f 3627/7948 909/7949 902/7950
f 907/1827 3651/7951 3650/1828
f 903/7952 3629/7953 3628/7954
f 902/7950 3628/7955 3627/7948
f 3710/7956 3763/7957 3801/7958
f 3742/7959 3765/7960 3809/7961
f 3768/7962 3710/7956 3801/7958
f 3770/7963 3718/7964 3783/7965
f 3704/7966 4014/7967 3876/7968
f 3795/7969 3712/7970 3728/7971
f 3789/7972 3717/7973 3724/7974
f 3779/7975 3714/7976 3713/7977
f 3780/7978 3713/7979 3712/7980
f 3785/7981 3718/7982 3721/7983
f 3787/7984 3721/7985 3719/7986
f 3788/7987 3719/7988 3720/7989
f 3796/7990 3729/7991 3791/7992
f 3791/7993 3730/7994 3793/7995
f 3793/7996 3726/7997 3799/7998
f 3795/7999 3727/8000 3796/8001
f 3799/8002 3708/8003 3768/8004
f 3821/8005 3736/8006 3806/8007
f 3815/8008 3741/8009 3802/8010
f 3805/8011 3738/8012 3803/8013
f 3806/8014 3737/8015 3805/8016
f 3702/8017 3918/8018 3882/8019
f 3811/8020 3742/7959 3809/7961
f 3813/8021 3745/8022 3811/8023
f 3814/8024 3743/8025 3813/8026
f 3753/8027 3822/8028 3817/8029
f 3754/8030 3817/8031 3819/8032
f 3750/8033 3819/8034 3825/8035
f 3751/8036 3821/8037 3822/8038
f 3702/8039 3825/8040 3763/8041
f 3894/8042 3849/8043 3766/8044
f 3772/8045 5193/8046 5191/8047
f 3727/8048 3931/8049 3966/8050
f 3942/8051 3836/8052 3964/8053
f 3724/8054 3945/8055 3943/8056
f 3937/8057 3827/8058 3939/8059
f 3960/8060 5175/8061 5181/8062
f 3836/8063 3960/8064 3964/8065
f 3719/8066 3936/8067 3720/8068
f 3729/8069 3973/8070 3730/8071
f 3840/8072 3981/8073 3976/8074
f 3848/8075 3979/8076 3909/8077
f 3712/8078 3949/8079 3933/8080
f 3708/8081 3918/8082 3710/8083
f 3751/8084 3990/8085 3752/8086
f 4003/8087 3862/8088 3865/8089
f 3748/8090 4006/8091 3741/8092
f 3996/8093 3853/8094 3864/8095
f 3745/8096 4023/8097 4017/8098
f 4027/8099 5177/8100 3860/8101
f 3738/8102 4008/8103 3999/8104
f 3753/8105 4038/8106 4035/8107
f 4048/8108 3866/8109 4041/8110
f 4044/8111 3874/8112 3892/8113
f 3871/8114 3993/8115 3991/8116
f 3775/8117 3919/8118 3851/8119
f 3758/8120 4047/8121 4042/8122
f 3729/8123 3966/8124 3970/8125
f 3919/8118 3766/8126 3851/8119
f 3726/8127 3895/8128 3708/8129
f 3952/8130 3826/8131 3946/8132
f 3706/8133 3913/8134 3718/8135
f 3757/8136 3987/8137 3985/8138
f 3742/8139 4017/8140 4014/8141
f 3844/8142 3927/8143 3925/8144
f 3752/8145 3994/8146 3736/8147
f 3969/8148 3846/8149 3841/8150
f 3773/8151 5200/8152 5193/8153
f 3972/8154 3841/8155 3843/8156
f 5179/8157 3902/8158 3901/8159
f 3861/8160 5183/8161 4018/8162
f 3903/8163 3905/8164 5182/8165
f 3907/8166 3843/8167 3849/8168
f 3892/8169 3774/8170 3885/8171
f 3863/8172 4018/8173 4024/8174
f 3755/8175 3886/8176 3703/8177
f 3967/8178 3845/8179 3846/8180
f 3847/8181 3925/8182 3981/8183
f 3744/8184 3999/8185 3997/8186
f 3845/8187 3934/8188 3830/8189
f 3838/8190 3957/8191 3837/8192
f 3850/8193 3898/8194 3921/8195
f 3839/8196 3946/8132 3826/8131
f 3753/8197 4033/8198 3751/8199
f 3829/8200 3939/8059 3827/8058
f 4011/8201 3852/8202 3854/8203
f 5185/8204 3881/8205 3880/8206
f 3842/8207 3976/8208 3979/8209
f 3830/8210 3948/8211 3829/8212
f 4027/8213 3862/8214 4029/8215
f 3988/8216 3870/8217 3984/8218
f 3872/8219 4036/8220 3867/8221
f 3718/8222 3955/8223 3721/8224
f 3867/8225 4039/8226 3869/8227
f 3927/8228 3828/8229 3952/8230
f 3721/8231 3958/8232 3719/8233
f 3767/8234 3909/8235 3898/8236
f 3728/8237 3933/8238 3931/8239
f 3904/8240 5188/8241 3761/8242
f 3869/8243 3888/8244 3875/8245
f 3984/8246 3873/8247 4048/8248
f 3835/8249 5180/8250 5176/8251
f 3871/8252 4032/8253 3872/8254
f 3875/8255 3883/8256 3775/8257
f 3736/8258 4008/8259 3737/8260
f 3864/8095 4024/8261 3996/8093
f 3837/8262 3954/8263 3835/8264
f 3885/8265 3850/8193 3921/8195
f 3865/8089 4005/8266 4003/8087
f 3855/8267 4000/8268 4009/8269
f 3714/8270 3949/8271 3713/8272
f 3730/8273 3906/8274 3726/8275
f 4041/8276 3868/8277 4044/8278
f 3856/8279 4009/8280 3993/8281
f 3761/8282 5190/8283 3760/8284
f 2831/8285 2764/6735 2765/6734
f 3750/8286 3882/8287 3889/8288
f 3770/8289 5172/8290 5171/8291
f 3703/8292 3922/8293 3711/8294
f 3874/8295 3775/8296 3774/8297
f 3988/8298 3854/8299 3857/8300
f 3870/8301 3872/8302 3873/8303
f 3759/8304 3891/8305 3755/8306
f 3868/8307 3875/8308 3874/8309
f 3866/8310 3869/8311 3868/8312
f 3758/8313 4045/8314 3759/8315
f 3873/8316 3867/8317 3866/8318
f 3747/8319 4002/8320 3748/8321
f 3865/8322 3863/8323 3864/8324
f 3747/8325 4026/8326 4030/8327
f 3862/8328 3861/8329 3863/8330
f 3746/8331 4026/8332 3749/8333
f 3860/8334 5178/8335 3861/8336
f 3739/8337 4012/8338 3987/8339
f 3857/8340 3855/8341 3856/8342
f 3741/8343 4012/8344 3740/8345
f 3854/8346 3853/8347 3855/8348
f 3743/8349 3997/8350 4023/8351
f 3864/8324 3852/8352 3865/8322
f 3756/8353 3985/8354 4047/8355
f 3857/8356 3871/8357 3870/8358
f 3731/8359 3897/8360 3910/8361
f 3766/8362 3848/8363 3767/8364
f 3732/8365 3924/8366 3733/8367
f 3846/8368 3844/8369 3847/8370
f 3735/8371 3910/8372 3978/8373
f 3849/8374 3842/8375 3848/8376
f 3734/8377 3978/8378 3975/8379
f 3843/8380 3840/8381 3842/8382
f 3734/8383 3982/8384 3732/8385
f 3841/8386 3847/8387 3840/8388
f 3723/8389 3943/8390 3963/8391
f 3839/8392 3837/8393 3836/8394
f 3723/8395 3961/8396 3725/8397
f 3836/8398 3835/8399 3834/8400
f 3722/8401 3961/8402 3915/8403
f 3834/8404 5176/8405 5175/8406
f 3715/8407 3951/8408 3716/8409
f 3831/8410 3829/8411 3828/8412
f 3717/8413 3951/8414 3945/8415
f 3828/8416 3827/8417 3826/8418
f 3720/8419 3940/8420 3714/8421
f 3838/8422 3826/8418 3827/8417
f 3733/8423 3928/8424 3715/8425
f 3845/8426 3831/8427 3844/8428
f 3722/8429 3903/8430 3707/8431
f 4020/8432 5201/8433 5202/8434
f 3709/8435 3922/8436 3897/8437
f 3851/8438 3767/8439 3850/8440
f 3762/8441 3755/8442 3703/8443
f 3763/8444 3824/8445 3762/8446
f 3823/8447 3757/8448 3756/8449
f 3822/8450 3820/8451 3823/8452
f 3824/8453 3759/8454 3755/8455
f 3825/8456 3818/8457 3824/8458
f 3818/8459 3758/8460 3759/8461
f 3819/8462 3816/8463 3818/8464
f 3816/8465 3756/8466 3758/8467
f 3817/8468 3823/8469 3816/8470
f 3748/8471 3812/8472 3747/8473
f 3815/8474 3813/8475 3812/8476
f 3812/8477 3749/8478 3747/8479
f 3812/8480 3811/8481 3810/8482
f 3749/8483 3808/8484 3746/8485
f 3810/8486 3809/8487 3808/8488
f 3754/8489 3889/8490 4038/8491
f 3774/8492 3851/8438 3850/8440
f 3739/8493 3804/8494 3740/8495
f 3807/8496 3805/8497 3804/8498
f 3740/8499 3802/8010 3741/8009
f 3804/8500 3803/8501 3802/8502
f 3744/8503 3803/8013 3738/8012
f 3814/8504 3802/8502 3803/8501
f 3820/8505 3739/8506 3757/8507
f 3821/8508 3807/8509 3820/8510
f 3731/8511 3769/8512 3709/8513
f 3798/8514 3768/8515 3769/8516
f 3733/8517 3797/8518 3732/8519
f 3794/8520 3796/8521 3797/8522
f 3735/8523 3798/8524 3731/8525
f 3792/8526 3799/8527 3798/8528
f 3734/8529 3792/8530 3735/8531
f 3790/8532 3793/8533 3792/8534
f 3732/8535 3790/8536 3734/8537
f 3797/8538 3791/8539 3790/8540
f 3724/7974 3786/8541 3789/7972
f 3789/8542 3787/8543 3788/8544
f 3725/8545 3786/8546 3723/8547
f 3786/8548 3785/8549 3787/8550
f 3725/8551 3782/8552 3784/8553
f 3784/8554 3783/8555 3785/8556
f 3715/8557 3778/8558 3781/8559
f 3781/8560 3779/8561 3780/8562
f 3716/8563 3776/8564 3778/8565
f 3778/8566 3777/8567 3779/8568
f 3720/7989 3777/8569 3788/7987
f 3788/8544 3776/8570 3789/8542
f 3715/8571 3794/8572 3733/8573
f 3781/8574 3795/8575 3794/8576
f 3746/8577 3880/8578 4021/8579
f 3832/8580 5197/8581 3916/8582
f 3722/8583 3771/8584 3782/8585
f 3782/8586 3770/7963 3783/7965
f 3709/8587 3800/8588 3711/8589
f 3769/8590 3801/8591 3800/8592
f 3746/8593 3764/8594 3705/8595
f 3809/8487 3764/8596 3808/8488
f 3800/8588 3703/8597 3711/8589
f 3801/8591 3762/8598 3800/8592
f 3885/8171 3893/8599 3892/8169
f 3887/8600 3891/8601 3893/8602
f 3889/8603 3884/8604 3890/8605
f 3884/8606 3888/8607 3890/8608
f 3907/8609 3896/8610 3908/8611
f 3896/8612 3906/8613 3908/8614
f 3910/8615 3899/8616 3911/8617
f 3911/8618 3898/8236 3909/8235
f 5180/8619 3902/8620 5179/8621
f 3914/8622 3901/8623 3902/8624
f 3915/8625 3905/8626 3903/8627
f 3917/8628 5182/8629 3905/8630
f 3918/8018 3884/8631 3882/8019
f 3920/8632 3883/8633 3884/8634
f 3921/8195 3887/8635 3885/8265
f 3923/8636 3886/8637 3887/8638
f 3927/8143 3926/8639 3925/8144
f 3929/8640 3924/8641 3926/8642
f 3931/8643 3935/8644 3932/8645
f 3932/8646 3934/8647 3930/8648
f 3939/8059 3938/8649 3937/8057
f 3941/8650 3936/8651 3938/8652
f 3943/8653 3947/8654 3944/8655
f 3947/8656 3942/8657 3944/8658
f 3948/8659 3941/8660 3939/8661
f 3950/8662 3940/8663 3941/8664
f 3948/8665 3935/8666 3950/8667
f 3950/8668 3933/8080 3949/8079
f 3945/8669 3953/8670 3947/8671
f 3953/8672 3946/8673 3947/8674
f 3928/8675 3953/8676 3951/8677
f 3929/8678 3952/8679 3953/8680
f 3954/8681 3914/8682 5180/8683
f 3956/8684 3913/8685 3914/8686
f 3957/8687 3956/8688 3954/8689
f 3959/8690 3955/8691 3956/8692
f 3937/8693 3959/8694 3957/8695
f 3938/8696 3958/8697 3959/8698
f 3963/8699 3962/8700 3961/8701
f 3962/8702 3964/8065 3960/8064
f 3943/8390 3965/8703 3963/8391
f 3944/8704 3964/8705 3965/8706
f 3915/8707 3962/8708 3917/8709
f 3917/8710 3960/8060 5181/8062
f 3967/8711 3971/8712 3968/8713
f 3968/8714 3970/8125 3966/8124
f 3969/8715 3974/8716 3971/8717
f 3974/8716 3970/8718 3971/8717
f 3972/8719 3908/8720 3974/8721
f 3908/8722 3973/8723 3974/8724
f 3930/8725 3968/8726 3932/8727
f 3932/8645 3966/8050 3931/8643
f 3894/8728 3920/8729 3896/8730
f 3896/8731 3918/8732 3895/8733
f 3975/8734 3983/8735 3982/8736
f 3983/8737 3976/8074 3981/8073
f 3975/8738 3980/8739 3977/8740
f 3977/8741 3979/8209 3976/8208
f 3978/8742 3911/8743 3980/8744
f 3980/8745 3909/8077 3979/8076
f 3982/8746 3926/8642 3924/8641
f 3926/8639 3981/8183 3925/8144
f 3897/8747 3923/8748 3899/8749
f 3899/8750 3921/8195 3898/8194
f 3985/8751 3989/8752 3986/8753
f 3986/8754 3988/8216 3984/8218
f 3993/8115 3992/8755 3991/8116
f 3995/8756 3990/8757 3992/8758
f 3997/8759 4001/8760 3998/8761
f 3998/8762 4000/8763 3996/8764
f 4003/8765 4007/8766 4004/8767
f 4007/8768 4002/8769 4004/8770
f 3999/8771 4010/8772 4001/8773
f 4001/8774 4009/8269 4000/8268
f 3994/8775 4010/8776 4008/8777
f 4010/8778 3993/8281 4009/8280
f 4005/8779 4013/8780 4007/8781
f 4013/8782 4006/8783 4007/8784
f 4011/8785 3989/8786 4013/8787
f 4013/8788 3987/8339 4012/8338
f 3876/8789 4016/8790 3878/8791
f 3878/8792 5183/8793 5184/8794
f 4014/8795 4019/8796 4016/8797
f 4016/8798 4018/8162 5183/8161
f 4017/8799 4025/8800 4019/8801
f 4019/8802 4024/8803 4018/8804
f 4023/8805 3998/8806 4025/8807
f 4025/8808 3996/8093 4024/8261
f 4029/8215 4028/8809 4027/8213
f 4028/8810 4030/8327 4026/8326
f 4029/8811 4004/8812 4031/8813
f 4031/8814 4002/8815 4030/8816
f 5185/8817 4022/8818 3881/8819
f 3881/8820 4021/8579 3880/8578
f 4027/8821 4022/8822 5186/8823
f 4028/8824 4021/8825 4022/8826
f 4035/8827 4034/8828 4033/8829
f 4037/8830 4032/8831 4034/8832
f 4035/8833 4040/8834 4037/8835
f 4040/8834 4036/8836 4037/8835
f 4038/8837 3890/8838 4040/8839
f 3890/8840 4039/8841 4040/8842
f 4033/8843 3992/8758 3990/8757
f 4034/8844 3991/8845 3992/8846
f 4041/8110 4049/8847 4048/8108
f 4049/8848 4042/8122 4047/8121
f 4044/8278 4043/8849 4041/8276
f 4046/8850 4042/8851 4043/8852
f 3892/8113 4046/8853 4044/8111
f 3893/8854 4045/8855 4046/8856
f 4048/8248 3986/8754 3984/8246
f 3986/8753 4047/8355 3985/8751
f 3876/8857 3878/8858 5184/8859
f 2207/5412 4064/8860 1469/3259
f 1472/8861 4068/8862 4067/8863
f 1471/8864 4065/8865 1470/8866
f 309/2131 4051/8867 310/2132
f 315/437 4050/8868 309/438
f 320/430 4058/8869 319/431
f 1473/8870 4062/8871 4068/8872
f 1478/8873 4070/8874 4071/8875
f 312/8876 4057/8877 4053/8878
f 1478/3613 4074/8879 2207/3614
f 1477/8880 4073/8881 4070/8882
f 310/8883 4060/8884 335/8885
f 1470/3058 4069/8886 1475/3056
f 1468/8887 4072/8888 4063/8889
f 314/8890 4054/8891 4055/8892
f 1536/8893 4069/8894 4073/8895
f 1472/3242 4066/8896 1471/3240
f 319/2064 4061/8897 378/2065
f 311/8898 4060/8899 4052/8900
f 314/446 4056/8901 315/447
f 2258/8902 4052/8903 4075/8904
f 378/8905 4057/8906 317/8907
f 1467/8908 4063/8909 4062/8910
f 1469/8911 4072/8912 1493/8913
f 313/8914 4053/8915 4054/8916
f 320/8917 4075/8918 4059/8919
f 2259/8920 4086/462 300/461
f 298/8921 4084/8922 4083/8923
f 307/8924 4087/8925 4080/8926
f 294/260 4087/8927 4077/261
f 2259/8928 4081/8929 4088/8930
f 336/8931 4086/5520 288/5519
f 334/450 4084/8932 299/448
f 298/8933 4078/8934 304/8935
f 302/8936 4076/8937 301/8938
f 303/8939 4082/8940 302/8941
f 4080/8926 308/8942 307/8924
f 304/8943 4079/8944 303/8945
f 301/8946 4077/2038 305/2040
f 4099/3270 2208/8947 1458/3268
f 1456/3247 4097/8948 1457/4933
f 1465/3238 4100/4846 1535/4864
f 1452/8949 4100/4863 1534/4862
f 2208/8950 4094/8951 1466/8952
f 4099/5411 1494/8953 1446/5409
f 4097/8948 1492/3258 1457/4933
f 1456/8954 4091/8955 4096/8956
f 1460/8957 4089/8958 4095/8959
f 1461/8960 4095/8961 4092/8962
f 1466/8963 4093/8964 1465/8965
f 1462/8966 4092/8967 4091/8968
f 1459/8969 4090/8970 4089/8971
f 4229/8972 4103/8973 4227/8974
f 4111/8975 4117/8976 4115/8977
f 4115/8978 4121/8979 4119/8980
f 4119/8981 4125/8982 4123/8983
f 4123/8984 4129/8985 4127/8986
f 4127/8987 4133/8988 4131/8989
f 4131/8990 4137/8991 4135/8992
f 4135/8993 4141/8994 4139/8995
f 4139/8996 4145/8997 4143/8998
f 4143/8999 4149/9000 4147/9001
f 4147/9002 4153/9003 4151/9004
f 4151/9005 4157/9006 4155/9007
f 4155/9008 4161/9009 4159/9010
f 4159/9011 4165/9012 4163/9013
f 4163/9014 4169/9015 4167/9016
f 4169/9015 4171/9017 4167/9016
f 4173/9018 4175/9019 4171/9020
f 4177/9021 4179/9022 4175/9023
f 4181/9024 4183/9025 4179/9026
f 4185/9027 4187/9028 4183/9029
f 4189/9030 4191/9031 4187/9032
f 4193/9033 4195/9034 4191/9035
f 4197/9036 4199/9037 4195/9038
f 4201/9039 4203/9040 4199/9041
f 4205/9042 4207/9043 4203/9044
f 4209/9045 4211/9046 4207/9047
f 4213/9048 4215/9049 4211/9050
f 4217/9051 4219/9052 4215/9053
f 4221/9054 4223/9055 4219/9056
f 4225/9057 4227/9058 4223/9059
f 4107/9060 4113/9061 4111/9062
f 4622/9063 4670/9064 4626/9065
f 4103/9066 4109/9067 4107/9068
f 4489/9069 4362/9070 4360/9071
f 4424/9072 4363/9073 4426/9074
f 4428/9075 4363/9076 4365/9077
f 4428/9078 4367/9079 4430/9080
f 4430/9081 4369/9082 4432/9083
f 4434/9084 4369/9085 4371/9086
f 4434/9087 4373/9088 4436/9089
f 4436/9090 4375/9091 4438/9092
f 4440/9093 4375/9094 4377/9095
f 4440/9096 4379/9097 4442/9098
f 4442/9099 4381/9100 4444/9101
f 4444/9102 4383/9103 4446/9104
f 4448/9105 4383/9106 4385/9107
f 4448/9108 4387/9109 4450/9110
f 4450/9111 4389/9112 4452/9113
f 4454/9114 4389/9115 4391/9116
f 4454/9117 4393/9118 4456/9119
f 4456/9120 4395/9121 4458/9122
f 4458/9123 4397/9124 4460/9125
f 4460/9126 4399/9127 4462/9128
f 4464/9129 4399/9130 4401/9131
f 4466/9132 4401/9133 4403/9134
f 4468/9135 4403/9136 4405/9137
f 4470/9138 4405/9139 4407/9140
f 4472/9141 4407/9142 4409/9143
f 4474/9144 4409/9145 4411/9146
f 4474/9147 4413/9148 4476/9149
f 4476/9150 4415/9151 4478/9152
f 4478/9153 4417/9154 4480/9155
f 4482/9156 4417/9157 4419/9158
f 4420/9159 4486/9160 4359/9161
f 4482/9162 4421/9163 4484/9164
f 4423/9165 4421/9166 4358/9167
f 4356/9168 4262/9169 4295/9170
f 4107/9171 4102/9172 4103/9173
f 4105/9174 4108/9175 4109/9176
f 4111/9177 4106/9178 4107/9179
f 4109/9180 4112/9181 4113/9182
f 4115/9183 4110/9184 4111/9185
f 4113/9186 4116/9187 4117/9188
f 4119/9189 4114/9190 4115/9191
f 4117/9192 4120/9193 4121/9194
f 4123/9195 4118/9196 4119/9197
f 4121/9198 4124/9199 4125/9200
f 4127/9201 4122/9202 4123/9203
f 4125/9204 4128/9205 4129/9206
f 4131/9207 4126/9208 4127/9209
f 4129/9210 4132/9211 4133/9212
f 4135/9213 4130/9214 4131/9215
f 4133/9216 4136/9217 4137/9218
f 4139/8995 4134/9219 4135/8993
f 4137/9220 4140/9221 4141/9222
f 4143/8998 4138/9223 4139/8996
f 4141/9224 4144/9225 4145/9226
f 4147/9227 4142/9228 4143/9229
f 4145/9230 4148/9231 4149/9232
f 4151/9233 4146/9234 4147/9235
f 4149/9236 4152/9237 4153/9238
f 4155/9239 4150/9240 4151/9241
f 4153/9242 4156/9243 4157/9244
f 4159/9010 4154/9245 4155/9008
f 4157/9246 4160/9247 4161/9248
f 4163/9013 4158/9249 4159/9011
f 4161/9250 4164/9251 4165/9252
f 4167/9016 4162/9253 4163/9014
f 4165/9254 4168/9255 4169/9256
f 4167/9257 4170/9258 4166/9259
f 4173/9260 4168/9261 4172/9262
f 4171/9263 4174/9264 4170/9265
f 4177/9266 4172/9267 4176/9268
f 4175/9269 4178/9270 4174/9271
f 4181/9272 4176/9273 4180/9274
f 4179/9275 4182/9276 4178/9277
f 4185/9278 4180/9279 4184/9280
f 4183/9281 4186/9282 4182/9283
f 4189/9284 4184/9285 4188/9286
f 4187/9287 4190/9288 4186/9289
f 4193/9290 4188/9291 4192/9292
f 4191/9293 4194/9294 4190/9295
f 4197/9296 4192/9297 4196/9298
f 4195/9299 4198/9300 4194/9301
f 4201/9302 4196/9303 4200/9304
f 4199/9305 4202/9306 4198/9307
f 4205/9308 4200/9309 4204/9310
f 4203/9311 4206/9312 4202/9313
f 4209/9314 4204/9315 4208/9316
f 4207/9317 4210/9318 4206/9319
f 4213/9320 4208/9321 4212/9322
f 4211/9323 4214/9324 4210/9325
f 4217/9326 4212/9327 4216/9328
f 4215/9329 4218/9330 4214/9331
f 4221/9332 4216/9333 4220/9334
f 4219/9335 4222/9336 4218/9337
f 4225/9338 4220/9339 4224/9340
f 4223/9341 4226/9342 4222/9343
f 4229/9344 4224/9345 4228/9346
f 4227/9347 4102/9348 4226/9349
f 4105/9350 4228/9351 4104/9352
f 4626/9353 4666/9354 4630/9355
f 4364/9356 4495/9357 4366/9358
f 4495/9357 4368/9359 4366/9358
f 4497/9360 4370/9361 4368/9362
f 4370/9363 4501/9364 4372/9365
f 4501/9364 4374/9366 4372/9365
f 4503/9367 4376/9368 4374/9369
f 4376/9370 4507/9371 4378/9372
f 4378/9373 4509/9374 4380/9375
f 4380/9376 4511/9377 4382/9378
f 4511/9377 4384/9379 4382/9378
f 4513/9380 4386/9381 4384/9382
f 4386/9383 4517/9384 4388/9385
f 4388/9386 4519/9387 4390/9388
f 4519/9387 4392/9389 4390/9388
f 4392/9390 4523/9391 4394/9392
f 4523/9391 4396/9393 4394/9392
f 4525/9394 4398/9395 4396/9396
f 4398/9397 4529/9398 4400/9399
f 4529/9398 4402/9400 4400/9399
f 4531/9401 4404/9402 4402/9403
f 4404/9404 4535/9405 4406/9406
f 4406/9407 4537/9408 4408/9409
f 4537/9408 4410/9410 4408/9409
f 4410/9411 4541/9412 4412/9413
f 4541/9412 4414/9414 4412/9413
f 4543/9415 4416/9416 4414/9417
f 4416/9418 4547/9419 4418/9420
f 4547/9419 4420/9421 4418/9420
f 4425/9422 4230/9423 4422/9424
f 4362/9425 4493/9426 4364/9427
f 4320/9428 4274/9429 4275/9430
f 4469/9431 4254/9432 4253/9433
f 4316/9434 4274/9435 4318/9436
f 4469/9437 4252/9438 4467/9439
f 4316/9440 4272/9441 4273/9442
f 4465/9443 4252/9444 4251/9445
f 4312/9446 4272/9447 4314/9448
f 4463/9449 4251/9450 4250/9451
f 4310/9452 4271/9453 4312/9454
f 4463/9455 4249/9456 4461/9457
f 4308/9458 4270/9459 4310/9460
f 4459/9461 4249/9462 4248/9463
f 4306/9464 4269/9465 4308/9466
f 4298/9467 4263/9468 4264/9469
f 4457/9470 4248/9471 4247/9472
f 4306/9473 4267/9474 4268/9475
f 4423/9476 4361/9477 4424/9478
f 4455/9479 4247/9480 4246/9481
f 4302/9482 4267/9483 4304/9484
f 4356/9485 4292/9486 4293/9487
f 4455/9488 4245/9489 4453/9490
f 4302/9491 4265/9492 4266/9493
f 4354/9494 4291/9495 4292/9496
f 4451/9497 4245/9498 4244/9499
f 4298/9500 4265/9501 4300/9502
f 4352/9503 4290/9504 4291/9505
f 4451/9506 4243/9507 4449/9508
f 4350/9509 4289/9510 4290/9511
f 4449/9512 4242/9513 4447/9514
f 4348/9515 4288/9516 4289/9517
f 4445/9518 4242/9519 4241/9520
f 4262/9521 4231/9522 4263/9523
f 4263/9468 4232/9524 4264/9469
f 4265/9525 4232/9526 4233/9527
f 4265/9492 4234/9528 4266/9493
f 4267/9529 4234/9530 4235/9531
f 4267/9474 4236/9532 4268/9475
f 4268/9533 4237/9534 4269/9535
f 4270/9536 4237/9537 4238/9538
f 4271/9539 4238/9540 4239/9541
f 4271/9542 4240/9543 4272/9544
f 4273/9545 4240/9546 4241/9547
f 4274/9548 4241/9520 4242/9519
f 4275/9549 4242/9550 4243/9551
f 4275/9552 4244/9553 4276/9554
f 4277/9555 4244/9499 4245/9498
f 4278/9556 4245/9557 4246/9558
f 4278/9559 4247/9560 4279/9561
f 4279/9562 4248/9563 4280/9564
f 4281/9565 4248/9463 4249/9462
f 4281/9566 4250/9567 4282/9568
f 4283/9569 4250/9451 4251/9450
f 4284/9570 4251/9445 4252/9444
f 4284/9571 4253/9572 4285/9573
f 4286/9574 4253/9433 4254/9432
f 4287/9575 4254/9576 4255/9577
f 4288/9578 4255/9579 4256/9580
f 4288/9516 4257/9581 4289/9517
f 4289/9510 4258/9582 4290/9511
f 4291/9583 4258/9584 4259/9585
f 4292/9586 4259/9587 4260/9588
f 4292/9486 4261/9589 4293/9487
f 4262/9590 4261/9591 4230/9592
f 4471/9593 4255/9577 4254/9576
f 4322/9594 4275/9552 4276/9554
f 4475/9595 4255/9596 4473/9597
f 4322/9598 4277/9599 4324/9600
f 4477/9601 4256/9602 4475/9603
f 4326/9604 4277/9605 4278/9606
f 4479/9607 4257/9608 4477/9609
f 4485/9610 4230/9592 4261/9591
f 4328/9611 4278/9559 4279/9561
f 4481/9612 4258/9613 4479/9614
f 4427/9615 4233/9527 4232/9526
f 4328/9616 4280/9617 4330/9618
f 4483/9619 4259/9620 4481/9621
f 4431/9622 4233/9623 4429/9624
f 4330/9625 4281/9626 4332/9627
f 4485/9628 4260/9629 4483/9630
f 4431/9631 4235/9531 4234/9530
f 4334/9632 4281/9566 4282/9568
f 4435/9633 4235/9634 4433/9635
f 4334/9636 4283/9637 4336/9638
f 4427/9639 4231/9640 4425/9641
f 4435/9642 4237/9643 4236/9644
f 4338/9645 4283/9646 4284/9647
f 4439/9648 4237/9649 4437/9650
f 4340/9651 4284/9571 4285/9573
f 4439/9652 4239/9541 4238/9540
f 4340/9653 4286/9654 4342/9655
f 4443/9656 4239/9657 4441/9658
f 4342/9659 4287/9660 4344/9661
f 4443/9662 4241/9547 4240/9546
f 4346/9663 4287/9664 4288/9665
f 4359/9666 4361/9667 4358/9668
f 4362/9070 4361/9669 4360/9071
f 4364/9427 4363/9670 4362/9425
f 4364/9671 4367/9672 4365/9673
f 4368/9359 4367/9674 4366/9358
f 4368/9675 4371/9086 4369/9085
f 4372/9365 4371/9676 4370/9363
f 4372/9677 4375/9678 4373/9679
f 4376/9368 4375/9680 4374/9369
f 4378/9372 4377/9681 4376/9370
f 4380/9375 4379/9682 4378/9373
f 4382/9378 4381/9683 4380/9376
f 4382/9684 4385/9107 4383/9106
f 4384/9685 4387/9686 4385/9687
f 4386/9688 4389/9689 4387/9690
f 4388/9691 4391/9116 4389/9115
f 4390/9692 4393/9693 4391/9694
f 4394/9392 4393/9695 4392/9390
f 4396/9393 4395/9696 4394/9392
f 4396/9697 4399/9698 4397/9699
f 4400/9399 4399/9700 4398/9397
f 4400/9701 4403/9134 4401/9133
f 4402/9702 4405/9137 4403/9136
f 4406/9406 4405/9703 4404/9404
f 4408/9409 4407/9704 4406/9407
f 4408/9705 4411/9146 4409/9145
f 4410/9706 4413/9707 4411/9708
f 4412/9709 4415/9710 4413/9711
f 4414/9712 4417/9713 4415/9714
f 4416/9715 4419/9158 4417/9157
f 4418/9716 4421/9717 4419/9718
f 4359/9161 4421/9719 4420/9159
f 4423/9720 4425/9422 4422/9424
f 4426/9074 4425/9721 4424/9072
f 4426/9722 4429/9723 4427/9724
f 4430/9080 4429/9725 4428/9078
f 4432/9083 4431/9726 4430/9081
f 4432/9727 4435/9633 4433/9635
f 4434/9728 4437/9729 4435/9730
f 4436/9731 4439/9648 4437/9650
f 4438/9732 4441/9733 4439/9734
f 4440/9735 4443/9656 4441/9658
f 4442/9736 4445/9737 4443/9738
f 4444/9739 4447/9740 4445/9741
f 4448/9742 4447/9743 4446/9744
f 4450/9110 4449/9745 4448/9108
f 4450/9746 4453/9747 4451/9748
f 4454/9749 4453/9750 4452/9751
f 4456/9119 4455/9752 4454/9117
f 4458/9122 4457/9753 4456/9120
f 4460/9125 4459/9754 4458/9123
f 4462/9128 4461/9755 4460/9126
f 4462/9756 4465/9757 4463/9758
f 4466/9759 4465/9760 4464/9761
f 4468/9762 4467/9763 4466/9764
f 4468/9765 4471/9766 4469/9767
f 4470/9768 4473/9769 4471/9770
f 4474/9771 4473/9772 4472/9773
f 4476/9149 4475/9774 4474/9147
f 4476/9775 4479/9607 4477/9609
f 4480/9155 4479/9776 4478/9153
f 4480/9777 4483/9619 4481/9621
f 4484/9164 4483/9778 4482/9162
f 4484/9779 4422/9780 4485/9781
f 4296/9782 4294/9783 4295/9784
f 4298/9785 4297/9786 4296/9787
f 4298/9788 4301/9789 4299/9790
f 4302/9791 4301/9792 4300/9793
f 4302/9794 4305/9795 4303/9796
f 4306/9797 4305/9798 4304/9799
f 4306/9800 4309/9801 4307/9802
f 4310/9460 4309/9803 4308/9458
f 4310/9804 4313/9805 4311/9806
f 4314/9448 4313/9807 4312/9446
f 4316/9808 4315/9809 4314/9810
f 4316/9811 4319/9812 4317/9813
f 4320/9814 4319/9815 4318/9816
f 4322/9817 4321/9818 4320/9819
f 4322/9820 4325/9821 4323/9822
f 4326/9823 4325/9824 4324/9825
f 4326/9826 4329/9827 4327/9828
f 4330/9618 4329/9829 4328/9616
f 4330/9830 4333/9831 4331/9832
f 4334/9833 4333/9834 4332/9835
f 4334/9836 4337/9837 4335/9838
f 4336/9839 4339/9840 4337/9841
f 4340/9842 4339/9843 4338/9844
f 4340/9845 4343/9846 4341/9847
f 4342/9848 4345/9849 4343/9850
f 4346/9851 4345/9852 4344/9853
f 4346/9854 4349/9855 4347/9856
f 4348/9857 4351/9858 4349/9859
f 4352/9860 4351/9861 4350/9862
f 4352/9863 4355/9864 4353/9865
f 4356/9866 4355/9867 4354/9868
f 4356/9869 4294/9870 4357/9871
f 4296/9872 4262/9521 4263/9523
f 4486/9873 4488/9874 4489/9875
f 4491/9876 4488/9877 4490/9878
f 4491/9879 4492/9880 4493/9881
f 4495/9882 4492/9883 4494/9884
f 4495/9885 4496/9886 4497/9887
f 4499/9888 4496/9889 4498/9890
f 4499/9891 4500/9892 4501/9893
f 4503/9894 4500/9895 4502/9896
f 4503/9897 4504/9898 4505/9899
f 4507/9900 4504/9901 4506/9902
f 4509/9903 4506/9904 4508/9905
f 4511/9906 4508/9907 4510/9908
f 4511/9909 4512/9910 4513/9911
f 4515/9912 4512/9913 4514/9914
f 4515/9915 4516/9916 4517/9917
f 4519/9918 4516/9919 4518/9920
f 4519/9921 4520/9922 4521/9923
f 4521/9924 4522/9925 4523/9926
f 4523/9927 4524/9928 4525/9929
f 4527/9930 4524/9931 4526/9932
f 4527/9933 4528/9934 4529/9935
f 4529/9936 4530/9937 4531/9938
f 4531/9939 4532/9940 4533/9941
f 4535/9942 4532/9943 4534/9944
f 4537/9945 4534/9946 4536/9947
f 4537/9948 4538/9949 4539/9950
f 4541/9951 4538/9952 4540/9953
f 4541/9954 4542/9955 4543/9956
f 4545/9957 4542/9958 4544/9959
f 4545/9960 4546/9961 4547/9962
f 4547/9963 4548/9964 4549/9965
f 4486/9966 4548/9967 4487/9968
f 4486/9160 4360/9969 4359/9161
f 4551/9970 4677/9971 4675/9972
f 4559/9973 4565/9974 4561/9975
f 4563/9976 4569/9977 4565/9978
f 4567/9979 4573/9980 4569/9981
f 4571/9982 4577/9983 4573/9984
f 4575/9985 4581/9986 4577/9987
f 4579/9988 4585/9989 4581/9990
f 4583/9991 4589/9992 4585/9993
f 4587/9994 4593/9995 4589/9996
f 4591/9997 4597/9998 4593/9999
f 4595/10000 4601/10001 4597/10002
f 4599/10003 4605/10004 4601/10005
f 4603/10006 4609/10007 4605/10008
f 4607/10009 4613/10010 4609/10011
f 4611/10012 4617/10013 4613/10014
f 4619/10015 4617/10016 4615/10017
f 4623/10018 4621/10019 4619/10020
f 4627/10021 4625/10022 4623/10023
f 4631/10024 4629/10025 4627/10026
f 4635/10027 4633/10028 4631/10029
f 4639/10030 4637/10031 4635/10032
f 4643/10033 4641/10034 4639/10035
f 4647/10036 4645/10037 4643/10038
f 4651/10039 4649/10040 4647/10041
f 4655/10042 4653/10043 4651/10044
f 4659/10045 4657/10046 4655/10047
f 4663/10048 4661/10049 4659/10050
f 4667/10051 4665/10052 4663/10053
f 4671/10054 4669/10055 4667/10056
f 4675/10057 4673/10058 4671/10059
f 4555/10060 4561/10061 4557/10062
f 4176/9273 4224/10063 4180/9274
f 4551/10064 4557/10065 4553/10066
f 4810/10067 4937/10068 4808/10069
f 4811/10070 4872/10071 4874/10072
f 4876/10073 4811/10070 4874/10072
f 4815/10074 4876/10075 4878/10076
f 4817/10077 4878/10078 4880/10079
f 4882/10080 4817/10077 4880/10079
f 4821/10081 4882/10082 4884/10083
f 4823/10084 4884/10085 4886/10086
f 4888/10087 4823/10084 4886/10086
f 4827/10088 4888/10089 4890/10090
f 4829/10091 4890/10092 4892/10093
f 4831/10094 4892/10095 4894/10096
f 4896/10097 4831/10094 4894/10096
f 4835/10098 4896/10099 4898/10100
f 4837/10101 4898/10102 4900/10103
f 4902/10104 4837/10101 4900/10103
f 4841/10105 4902/10106 4904/10107
f 4843/10108 4904/10109 4906/10110
f 4845/10111 4906/10112 4908/10113
f 4847/10114 4908/10115 4910/10116
f 4912/10117 4847/10114 4910/10116
f 4914/10118 4849/10119 4912/10120
f 4916/10121 4851/10122 4914/10123
f 4918/10124 4853/10125 4916/10126
f 4857/10127 4918/10128 4920/10129
f 4922/10130 4857/10127 4920/10129
f 4861/10131 4922/10132 4924/10133
f 4863/10134 4924/10135 4926/10136
f 4865/10137 4926/10138 4928/10139
f 4930/10140 4865/10137 4928/10139
f 4868/10141 4934/10142 4997/10143
f 4869/10144 4930/10145 4932/10146
f 4871/10147 4869/10144 4932/10146
f 4710/10148 4804/10149 4743/10150
f 4550/10151 4555/10152 4551/10153
f 4556/10154 4553/10066 4557/10065
f 4554/10155 4559/10156 4555/10157
f 4560/10158 4557/10062 4561/10061
f 4558/10159 4563/10160 4559/10161
f 4564/10162 4561/9975 4565/9974
f 4562/10163 4567/10164 4563/10165
f 4568/10166 4565/9978 4569/9977
f 4566/10167 4571/10168 4567/10169
f 4572/10170 4569/10171 4573/10172
f 4570/10173 4575/10174 4571/10175
f 4576/10176 4573/10177 4577/10178
f 4574/10179 4579/10180 4575/10181
f 4580/10182 4577/10183 4581/10184
f 4578/10185 4583/10186 4579/10187
f 4584/10188 4581/10189 4585/10190
f 4582/10191 4587/10192 4583/10193
f 4588/10194 4585/10195 4589/10196
f 4586/10197 4591/10198 4587/10199
f 4592/10200 4589/10201 4593/10202
f 4590/10203 4595/10204 4591/10205
f 4596/10206 4593/10207 4597/10208
f 4594/10209 4599/10210 4595/10211
f 4600/10212 4597/10213 4601/10214
f 4598/10215 4603/10216 4599/10217
f 4604/10218 4601/10219 4605/10220
f 4602/10221 4607/10222 4603/10223
f 4608/10224 4605/10225 4609/10226
f 4606/10227 4611/10228 4607/10229
f 4612/10230 4609/10231 4613/10232
f 4610/10233 4615/10234 4611/10235
f 4616/10236 4613/10237 4617/10238
f 4615/10017 4618/10239 4619/10015
f 4621/10240 4616/10236 4617/10238
f 4619/10020 4622/10241 4623/10018
f 4625/10242 4620/10243 4621/10244
f 4623/10023 4626/10245 4627/10021
f 4629/10246 4624/10247 4625/10248
f 4627/10026 4630/10249 4631/10024
f 4633/10250 4628/10251 4629/10252
f 4631/10253 4634/10254 4635/10255
f 4637/10256 4632/10257 4633/10258
f 4635/10032 4638/10259 4639/10030
f 4641/10260 4636/10261 4637/10262
f 4639/10035 4642/10263 4643/10033
f 4645/10264 4640/10265 4641/10266
f 4643/10038 4646/10267 4647/10036
f 4649/10268 4644/10269 4645/10270
f 4647/10041 4650/10271 4651/10039
f 4653/10272 4648/10273 4649/10274
f 4651/10044 4654/10275 4655/10042
f 4657/10276 4652/10277 4653/10278
f 4655/10279 4658/10280 4659/10281
f 4661/10282 4656/10283 4657/10284
f 4659/10285 4662/10286 4663/10287
f 4665/10288 4660/10289 4661/10290
f 4663/10291 4666/10292 4667/10293
f 4669/10294 4664/10295 4665/10296
f 4667/10297 4670/10298 4671/10299
f 4673/10300 4668/10301 4669/10302
f 4671/10303 4674/10304 4675/10305
f 4677/10306 4672/10307 4673/10308
f 4675/10309 4550/10151 4551/10153
f 4553/10310 4676/10311 4677/10312
f 4110/10313 4158/10314 4162/10315
f 4812/10316 4943/10317 4941/10318
f 4816/10319 4943/10320 4814/10321
f 4818/10322 4945/10323 4816/10324
f 4818/10325 4949/10326 4947/10327
f 4822/10328 4949/10329 4820/10330
f 4824/10331 4951/10332 4822/10333
f 4824/10334 4955/10335 4953/10336
f 4826/10337 4957/10338 4955/10339
f 4828/10340 4959/10341 4957/10342
f 4832/10343 4959/10344 4830/10345
f 4834/10346 4961/10347 4832/10348
f 4834/10349 4965/10350 4963/10351
f 4836/10352 4967/10353 4965/10354
f 4840/10355 4967/10356 4838/10357
f 4840/10358 4971/10359 4969/10360
f 4844/10361 4971/10362 4842/10363
f 4846/10364 4973/10365 4844/10366
f 4846/10367 4977/10368 4975/10369
f 4850/10370 4977/10371 4848/10372
f 4852/10373 4979/10374 4850/10375
f 4852/10376 4983/10377 4981/10378
f 4854/10379 4985/10380 4983/10381
f 4858/10382 4985/10383 4856/10384
f 4860/10385 4987/10386 4858/10387
f 4862/10388 4989/10389 4860/10390
f 4864/10391 4991/10392 4862/10393
f 4864/10394 4995/10395 4993/10396
f 4868/10397 4995/10398 4866/10399
f 4678/10400 4873/10401 4870/10402
f 4810/10403 4941/10404 4939/10405
f 4768/10406 4722/10407 4766/10408
f 4917/10409 4702/10410 4919/10411
f 4722/10407 4764/10412 4766/10408
f 4700/10413 4917/10414 4915/10415
f 4764/10416 4720/10417 4762/10418
f 4913/10419 4700/10413 4915/10415
f 4720/10417 4760/10420 4762/10418
f 4911/10421 4699/10422 4913/10423
f 4760/10424 4718/10425 4758/10426
f 4697/10427 4911/10428 4909/10429
f 4718/10425 4756/10430 4758/10426
f 4907/10431 4697/10427 4909/10429
f 4717/10432 4754/10433 4756/10434
f 4746/10435 4711/10436 4744/10437
f 4905/10438 4696/10439 4907/10440
f 4754/10441 4715/10442 4752/10443
f 4809/10444 4871/10445 4872/10446
f 4903/10447 4695/10448 4905/10449
f 4715/10442 4750/10450 4752/10443
f 4804/10451 4740/10452 4802/10453
f 4693/10454 4903/10455 4901/10456
f 4750/10457 4713/10458 4748/10459
f 4802/10460 4739/10461 4800/10462
f 4899/10463 4693/10454 4901/10456
f 4713/10458 4746/10464 4748/10459
f 4800/10465 4738/10466 4798/10467
f 4691/10468 4899/10469 4897/10470
f 4166/10471 4102/10472 4106/10473
f 4798/10474 4737/10475 4796/10476
f 4690/10477 4897/10478 4895/10479
f 4796/10480 4736/10481 4794/10482
f 4893/10483 4690/10477 4895/10479
f 4679/10484 4710/10485 4711/10486
f 4680/10487 4711/10488 4712/10489
f 4713/10490 4680/10487 4712/10489
f 4682/10491 4713/10492 4714/10493
f 4715/10494 4682/10491 4714/10493
f 4684/10495 4715/10496 4716/10497
f 4685/10498 4716/10499 4717/10500
f 4718/10501 4685/10498 4717/10500
f 4719/10502 4686/10503 4718/10504
f 4688/10505 4719/10506 4720/10507
f 4721/10508 4688/10505 4720/10507
f 4722/10509 4689/10510 4721/10511
f 4723/10512 4690/10513 4722/10514
f 4692/10515 4723/10516 4724/10517
f 4725/10518 4692/10515 4724/10517
f 4726/10519 4693/10520 4725/10521
f 4695/10522 4726/10523 4727/10524
f 4696/10525 4727/10526 4728/10527
f 4729/10528 4696/10525 4728/10527
f 4698/10529 4729/10530 4730/10531
f 4731/10532 4698/10529 4730/10531
f 4732/10533 4699/10534 4731/10535
f 4701/10536 4732/10537 4733/10538
f 4734/10539 4701/10536 4733/10538
f 4735/10540 4702/10541 4734/10542
f 4736/10543 4703/10544 4735/10545
f 4705/10546 4736/10547 4737/10548
f 4706/10549 4737/10550 4738/10551
f 4739/10552 4706/10549 4738/10551
f 4740/10553 4707/10554 4739/10555
f 4709/10556 4740/10557 4741/10558
f 4710/10559 4709/10556 4741/10558
f 4919/10560 4703/10561 4921/10562
f 4770/10563 4723/10564 4768/10565
f 4703/10561 4923/10566 4921/10562
f 4725/10567 4770/10568 4772/10569
f 4704/10570 4925/10571 4923/10572
f 4774/10573 4725/10567 4772/10569
f 4705/10574 4927/10575 4925/10576
f 4933/10577 4678/10400 4870/10402
f 4776/10578 4726/10579 4774/10580
f 4706/10581 4929/10582 4927/10583
f 4875/10584 4681/10585 4877/10586
f 4728/10587 4776/10588 4778/10589
f 4707/10590 4931/10591 4929/10592
f 4681/10585 4879/10593 4877/10586
f 4729/10594 4778/10595 4780/10596
f 4708/10597 4933/10598 4931/10599
f 4879/10600 4683/10601 4881/10602
f 4782/10603 4729/10594 4780/10596
f 4683/10601 4883/10604 4881/10602
f 4731/10605 4782/10606 4784/10607
f 4679/10608 4875/10609 4873/10610
f 4883/10611 4685/10612 4885/10613
f 4786/10614 4731/10605 4784/10607
f 4685/10612 4887/10615 4885/10613
f 4788/10616 4732/10617 4786/10618
f 4887/10619 4687/10620 4889/10621
f 4734/10622 4788/10623 4790/10624
f 4687/10620 4891/10625 4889/10621
f 4735/10626 4790/10627 4792/10628
f 4891/10629 4689/10630 4893/10631
f 4794/10632 4735/10626 4792/10628
f 4807/10633 4809/10634 4808/10635
f 4809/10634 4810/10067 4808/10635
f 4811/10636 4812/10637 4810/10638
f 4812/10639 4815/10640 4814/10641
f 4815/10640 4816/10319 4814/10641
f 4816/10324 4819/10642 4818/10322
f 4819/10642 4820/10643 4818/10322
f 4820/10330 4823/10644 4822/10328
f 4823/10644 4824/10331 4822/10328
f 4825/10645 4826/10646 4824/10647
f 4827/10648 4828/10649 4826/10650
f 4829/10651 4830/10652 4828/10653
f 4830/10345 4833/10654 4832/10343
f 4832/10348 4835/10655 4834/10346
f 4834/10656 4837/10657 4836/10658
f 4836/10659 4839/10660 4838/10661
f 4839/10660 4840/10355 4838/10661
f 4841/10662 4842/10663 4840/10664
f 4842/10363 4845/10665 4844/10361
f 4844/10366 4847/10666 4846/10364
f 4847/10666 4848/10667 4846/10364
f 4849/10668 4850/10370 4848/10372
f 4850/10375 4853/10669 4852/10373
f 4853/10669 4854/10670 4852/10373
f 4855/10671 4856/10672 4854/10673
f 4856/10384 4859/10674 4858/10382
f 4858/10387 4861/10675 4860/10385
f 4860/10390 4863/10676 4862/10388
f 4862/10393 4865/10677 4864/10391
f 4864/10678 4867/10679 4866/10680
f 4866/10399 4869/10681 4868/10397
f 4869/10681 4807/10682 4868/10397
f 4871/10445 4873/10683 4872/10446
f 4873/10683 4874/10072 4872/10446
f 4874/10072 4877/10684 4876/10073
f 4877/10684 4878/10076 4876/10073
f 4878/10078 4881/10685 4880/10079
f 4880/10079 4883/10686 4882/10080
f 4882/10082 4885/10687 4884/10083
f 4884/10085 4887/10688 4886/10086
f 4886/10086 4889/10689 4888/10087
f 4888/10089 4891/10690 4890/10090
f 4890/10092 4893/10691 4892/10093
f 4892/10095 4895/10692 4894/10096
f 4895/10692 4896/10097 4894/10096
f 4897/10693 4898/10100 4896/10099
f 4898/10102 4901/10694 4900/10103
f 4901/10694 4902/10104 4900/10103
f 4903/10695 4904/10107 4902/10106
f 4905/10696 4906/10110 4904/10109
f 4907/10697 4908/10113 4906/10112
f 4909/10698 4910/10116 4908/10115
f 4910/10116 4913/10699 4912/10117
f 4913/10699 4914/10118 4912/10117
f 4915/10700 4916/10121 4914/10123
f 4916/10126 4919/10701 4918/10124
f 4918/10128 4921/10702 4920/10129
f 4921/10702 4922/10130 4920/10129
f 4923/10703 4924/10133 4922/10132
f 4924/10135 4927/10704 4926/10136
f 4927/10704 4928/10139 4926/10136
f 4928/10139 4931/10705 4930/10140
f 4931/10705 4932/10146 4930/10140
f 4932/10146 4870/10706 4871/10147
f 4742/10707 4744/10708 4743/10709
f 4745/10710 4746/10435 4744/10437
f 4746/10464 4749/10711 4748/10459
f 4749/10711 4750/10457 4748/10459
f 4750/10450 4753/10712 4752/10443
f 4753/10712 4754/10441 4752/10443
f 4754/10433 4757/10713 4756/10434
f 4757/10713 4758/10426 4756/10434
f 4758/10426 4761/10714 4760/10424
f 4761/10714 4762/10418 4760/10424
f 4763/10715 4764/10416 4762/10418
f 4764/10412 4767/10716 4766/10408
f 4767/10716 4768/10406 4766/10408
f 4769/10717 4770/10563 4768/10565
f 4770/10568 4773/10718 4772/10569
f 4773/10718 4774/10573 4772/10569
f 4774/10580 4777/10719 4776/10578
f 4777/10719 4778/10589 4776/10578
f 4778/10595 4781/10720 4780/10596
f 4781/10720 4782/10603 4780/10596
f 4782/10606 4785/10721 4784/10607
f 4784/10607 4787/10722 4786/10614
f 4787/10722 4788/10616 4786/10614
f 4788/10623 4791/10723 4790/10624
f 4790/10627 4793/10724 4792/10628
f 4793/10724 4794/10632 4792/10628
f 4794/10482 4797/10725 4796/10480
f 4796/10476 4799/10726 4798/10474
f 4799/10726 4800/10465 4798/10474
f 4800/10462 4803/10727 4802/10460
f 4803/10727 4804/10451 4802/10460
f 4804/10149 4742/10707 4743/10150
f 4744/10708 4710/10148 4743/10709
f 4936/10728 4934/10729 4937/10730
f 4939/10731 4936/10728 4937/10730
f 4940/10732 4939/10405 4941/10404
f 4943/10317 4940/10732 4941/10318
f 4944/10733 4943/10734 4945/10735
f 4947/10736 4944/10733 4945/10735
f 4948/10737 4947/10327 4949/10326
f 4951/10738 4948/10737 4949/10326
f 4952/10739 4951/10740 4953/10741
f 4955/10335 4952/10739 4953/10336
f 4957/10338 4954/10742 4955/10339
f 4958/10743 4957/10342 4959/10341
f 4960/10744 4959/10745 4961/10746
f 4963/10747 4960/10744 4961/10746
f 4964/10748 4963/10351 4965/10350
f 4967/10353 4964/10748 4965/10354
f 4968/10749 4967/10750 4969/10751
f 4970/10752 4969/10360 4971/10359
f 4972/10753 4971/10754 4973/10755
f 4975/10756 4972/10753 4973/10755
f 4976/10757 4975/10369 4977/10368
f 4978/10758 4977/10759 4979/10760
f 4980/10761 4979/10762 4981/10763
f 4983/10377 4980/10761 4981/10378
f 4985/10380 4982/10764 4983/10381
f 4986/10765 4985/10766 4987/10767
f 4989/10768 4986/10765 4987/10767
f 4990/10769 4989/10770 4991/10771
f 4993/10772 4990/10769 4991/10771
f 4994/10773 4993/10396 4995/10395
f 4996/10774 4995/10775 4997/10776
f 4934/10142 4996/10774 4997/10143
f 4808/10635 4934/10777 4807/10633
f 5059/10778 5004/10779 5005/10780
f 5052/10781 5002/10782 4999/10783
f 5058/10784 5012/10785 5057/10786
f 5055/10787 5010/10788 5056/10789
f 5056/10790 5013/10791 5058/10792
f 5053/10793 5005/4733 5002/4732
f 1692/10794 5006/10795 5009/10796
f 2242/5359 5011/10797 1691/5357
f 2243/10798 5012/10799 5013/10800
f 1695/4736 5007/10801 1696/4734
f 534/10802 4998/10803 535/10804
f 1691/10805 5057/10806 5040/10807
f 2293/10808 5003/10809 5000/10810
f 535/773 5052/10811 5020/771
f 537/10812 4999/10783 5002/10782
f 5023/10813 5004/10814 5054/10815
f 533/10816 5054/10817 5003/10818
f 5020/10819 4999/10820 538/10821
f 5040/4788 5012/10822 1694/4786
f 5001/10823 5059/10824 5053/10825
f 5009/10826 5058/10827 5008/10828
f 5006/10795 5056/10829 5009/10796
f 5008/10830 5057/10831 5011/10832
f 4998/10833 5053/10834 5052/10835
f 5000/10836 5054/10837 5059/10838
f 952/10839 5051/10840 5014/10841
f 1016/10842 5050/10843 3636/10844
f 2111/10845 5049/10846 3601/10847
f 1016/10848 5048/10849 5030/10850
f 1691/4791 5039/10851 1664/4789
f 2098/10852 5048/10853 3604/10854
f 1711/10855 5031/10856 2111/10857
f 1663/10858 5046/10859 2098/10860
f 5044/10861 1663/10862 1662/10863
f 1662/10863 5043/10864 5044/10861
f 1660/3553 5043/10865 1661/3554
f 1665/10866 5042/10867 1660/10868
f 5101/10869 5095/10870 5097/10871
f 1693/10872 5055/10873 5006/10874
f 1664/3561 5038/4466 1408/3560
f 1696/3591 5036/10875 1710/3589
f 1710/10876 5035/10877 1713/10878
f 1713/10879 5034/10880 1714/10881
f 1712/10882 5034/3565 5033/3567
f 1712/10883 5032/10884 1711/10885
f 3601/10886 5047/10887 1027/10888
f 533/10889 5022/1994 5023/1996
f 5050/10843 939/10890 3636/10844
f 552/10891 5014/10892 5015/10893
f 5029/10894 505/10895 939/10896
f 505/744 5027/10897 504/745
f 504/10898 5026/10899 503/10900
f 5026/10899 502/10901 503/10900
f 507/1670 5025/10902 5024/1671
f 5062/10903 5066/1674 5064/1673
f 5021/10904 506/10905 250/10906
f 538/10821 5019/10907 5020/10819
f 5018/10908 551/10909 554/10910
f 5017/10911 554/10912 555/10913
f 553/10914 5017/10911 555/10913
f 5015/10893 553/10915 552/10891
f 3633/10916 5047/10917 5051/10918
f 508/10919 5065/10920 5071/10921
f 5026/10922 5069/10923 5025/10924
f 510/10925 5073/10926 5075/10927
f 5027/10928 5077/10929 5026/10930
f 1666/4471 5088/10931 1671/4469
f 1667/10932 5094/10933 1666/10934
f 1668/10935 5096/10936 1667/10937
f 1668/10938 5107/10939 5098/10940
f 5041/10941 5085/10942 5090/10943
f 513/10944 5063/10945 5065/10946
f 5089/10947 5093/10948 5091/10949
f 1671/4468 5086/10950 1190/3656
f 509/10951 5071/10952 5073/10953
f 5044/10954 5100/10955 5102/10956
f 5076/10957 5070/10958 5068/10959
f 5021/849 5063/10960 32/847
f 5025/10902 5067/10961 5024/1671
f 5042/10962 5090/10963 5092/10964
f 1669/10965 5104/10966 5107/10967
f 5087/10968 5091/10969 5084/10970
f 5103/4506 5097/10971 5099/4504
f 5078/10972 5072/10973 5076/10974
f 5044/10975 5104/10976 5045/10977
f 5038/10978 5086/10979 5085/10980
f 5062/10981 5061/10982 5060/10983
f 5065/10984 5062/10903 5064/1673
f 5071/10985 5064/10986 5070/10987
f 5070/10987 5073/10953 5071/10985
f 5072/10988 5075/10927 5073/10926
f 5081/10989 5082/10990 5080/10991
f 5075/10992 5082/10993 5083/10994
f 5085/10995 5087/10968 5084/10970
f 5087/10996 5088/10997 5089/10998
f 5089/10999 5094/11000 5095/11001
f 5096/11002 5095/11001 5094/11000
f 5098/11003 5097/11004 5096/11005
f 5106/11006 5104/11007 5105/11008
f 5106/11009 5098/10940 5107/10939
f 5105/4505 5102/11010 5103/4506
f 5101/11011 5102/10956 5100/10955
f 5093/11012 5100/1753 5092/1752
f 5091/11013 5092/10964 5090/10963
f 5090/10963 5084/10970 5091/11013
f 5080/10991 5079/1716 5081/10989
f 5076/10974 5079/11014 5078/10972
f 5068/10959 5077/11015 5076/10957
f 5066/1674 5069/11016 5068/1672
f 5067/11017 5060/10983 5061/10982
f 5024/1671 5061/11018 5021/1669
f 5169/11019 5108/11020 5122/11021
f 5111/11022 5139/11023 5112/11024
f 5139/11023 5113/11025 5112/11024
f 5142/11026 5114/11027 5113/11028
f 5145/11029 5115/11030 5114/11031
f 5115/11032 5151/11033 5116/11034
f 5151/11033 5117/11035 5116/11034
f 5117/11036 5157/11037 5118/11038
f 5157/11037 5119/11039 5118/11038
f 5119/11040 5163/11041 5120/11042
f 5163/11041 5121/11043 5120/11042
f 5166/11044 5122/11045 5121/11046
f 5108/11047 5127/11048 5109/11049
f 5109/11050 5130/11051 5110/11052
f 5127/11053 5125/11054 5128/11055
f 5125/11054 5228/11056 5128/11055
f 5130/11057 5128/11058 5131/11059
f 5128/11058 5229/11060 5131/11059
f 5133/11061 5131/11062 5134/11063
f 5134/11064 5229/11065 5230/11066
f 5136/11067 5134/11068 5137/11069
f 5134/11068 5231/11070 5137/11069
f 5139/11071 5137/11072 5140/11073
f 5137/11072 5232/11074 5140/11073
f 5139/11075 5143/11076 5142/11077
f 5140/11078 5233/11079 5143/11080
f 5145/11081 5143/11082 5146/11083
f 5143/11082 5234/11084 5146/11083
f 5148/11085 5146/11086 5149/11087
f 5149/11088 5234/11089 5235/11090
f 5148/11091 5152/11092 5151/11093
f 5149/11094 5236/11095 5152/11096
f 5151/11097 5155/11098 5154/11099
f 5155/11100 5236/11101 5237/11102
f 5157/11103 5155/11104 5158/11105
f 5158/11106 5237/11107 5238/11108
f 5157/11109 5161/11110 5160/11111
f 5161/11112 5238/11113 5239/11114
f 5160/11115 5164/11116 5163/11117
f 5164/11118 5239/11119 5240/11120
f 5163/11121 5167/11122 5166/11123
f 5164/11124 5241/11125 5167/11126
f 5166/11127 5170/11128 5169/11129
f 5170/11130 5241/11131 5242/11132
f 5169/11133 5125/11134 5124/11135
f 5170/11136 5227/11137 5125/11138
f 3771/11139 5182/11140 5172/11141
f 3760/11142 5172/11143 3761/11144
f 3773/11145 5173/11146 5174/11147
f 3833/11148 5175/8406 5176/8405
f 3858/11149 5178/11150 5177/11151
f 3900/11152 5180/8619 5179/8621
f 3904/11153 5181/11154 3916/11155
f 3877/11156 5183/11157 4015/11158
f 3879/11159 5186/11160 5185/11161
f 3877/11162 5174/11163 5184/11164
f 4015/11165 5178/11166 3859/11167
f 4020/11168 5177/11169 5186/11170
f 3879/11171 5173/11172 3772/11173
f 3900/11174 5171/11175 3760/11176
f 3912/11177 5176/8251 5180/8250
f 3916/11178 5175/11179 3832/11180
f 3904/11181 5172/11182 5182/11183
f 5197/11184 5188/11185 5198/11186
f 5202/11187 5191/11188 5192/11189
f 5193/11190 5199/11191 5194/11192
f 5196/11193 5190/11194 5189/11195
f 5187/11196 5190/11197 5188/11198
f 5191/11188 5194/11199 5192/11189
f 4015/11200 5194/11201 5199/11202
f 3833/11203 5187/11204 3832/11205
f 3858/11206 5202/11207 5192/11208
f 3859/11209 5192/11210 5194/11211
f 3879/11212 5191/11213 5201/11214
f 3912/11215 5195/11216 5196/11217
f 3760/11218 5195/11219 3900/11220
f 3916/11221 5198/11222 3904/11223
f 3912/11224 5189/11225 3833/11226
f 4015/11227 5200/11228 3877/11229
f 2327/11230 5204/11231 5203/11232
f 2313/11233 5206/11234 2309/11235
f 2350/11236 5208/11237 5207/11238
f 2380/11239 5209/11240 2383/11241
f 2391/11242 5210/11243 2380/11244
f 2384/11245 5209/11246 5212/11247
f 2340/11248 5207/5672 5213/5674
f 2347/11249 5208/11250 2348/11251
f 2340/11252 5204/11253 1703/11254
f 2327/2238 5214/11255 2347/2236
f 2391/11256 5206/4779 5211/4781
f 2313/11257 5212/4772 5205/4771
f 5215/11258 5226/11259 5216/11260
f 5225/2144 5216/11261 5221/2145
f 5217/11262 5223/11263 5222/11264
f 5218/11265 5224/11266 5220/11267
f 2380/11268 5217/11262 5222/11264
f 2309/11269 5223/11270 5218/11271
f 1703/11272 5219/11273 5215/11274
f 2348/11251 5226/11275 2347/11249
f 2380/11244 5223/11276 2391/11242
f 2384/11277 5220/11267 5224/11266
f 2309/11235 5220/11278 2313/11233
f 1703/11254 5225/11279 2340/11252
f 5244/11280 5227/11281 5243/11282
f 5245/11283 5228/11284 5244/11285
f 5246/11286 5229/11287 5245/11288
f 5247/11289 5230/11290 5246/11291
f 5247/11292 5232/11293 5231/11294
f 5248/11295 5233/11296 5232/11297
f 5250/11298 5233/11299 5249/11300
f 5251/11301 5234/11302 5250/11303
f 5252/11304 5235/11305 5251/11306
f 5253/11307 5236/11308 5252/11309
f 5254/11310 5237/11311 5253/11312
f 5255/11313 5238/11314 5254/11315
f 5255/11316 5240/11120 5239/11119
f 5257/11317 5240/11318 5256/11319
f 5258/11320 5241/11321 5257/11322
f 5258/11323 5227/11324 5242/11325
f 5144/11326 5283/11327 5282/11328
f 5255/11329 5272/11330 5256/11331
f 5141/11332 5282/11333 5281/11334
f 5254/11315 5271/11335 5255/11313
f 5141/11336 5280/11337 5138/11338
f 5253/11312 5270/11339 5254/11310
f 5135/11340 5280/11341 5279/11342
f 5252/11309 5269/11343 5253/11307
f 5135/11344 5278/11345 5132/11346
f 5252/11347 5267/11348 5268/11349
f 5129/11350 5278/11351 5277/11352
f 5250/11303 5267/11353 5251/11301
f 5123/11354 5290/11355 5168/11356
f 5129/11357 5276/11358 5126/11359
f 5250/11360 5265/11361 5266/11362
f 5165/11363 5290/11364 5289/11365
f 5275/11366 5260/11367 5259/11368
f 5276/11369 5261/11370 5260/11371
f 5277/11372 5262/11373 5261/11374
f 5278/11375 5263/11376 5262/11377
f 5280/11341 5263/11378 5279/11342
f 5281/11379 5264/11380 5280/11381
f 5282/11333 5265/11382 5281/11334
f 5283/11327 5266/11383 5282/11328
f 5284/11384 5267/11385 5283/11386
f 5284/11387 5269/11388 5268/11389
f 5285/11390 5270/11391 5269/11392
f 5286/11393 5271/11394 5270/11395
f 5288/11396 5271/11397 5287/11398
f 5289/11399 5272/11400 5288/11401
f 5290/11364 5273/11402 5289/11365
f 5275/11403 5274/11404 5290/11405
f 5256/11319 5273/11406 5257/11317
f 5150/11407 5283/11408 5147/11409
f 5244/11410 5259/11368 5260/11367
f 5257/11322 5274/11411 5258/11320
f 5153/11412 5284/11413 5150/11414
f 5245/11415 5260/11371 5261/11370
f 5258/11416 5259/11417 5243/11418
f 5153/11419 5286/11420 5285/11421
f 5246/11422 5261/11374 5262/11373
f 5159/11423 5286/11424 5156/11425
f 5247/11426 5262/11377 5263/11376
f 5159/11427 5288/11396 5287/11398
f 5247/11428 5264/11429 5248/11430
f 5165/11431 5288/11432 5162/11433
f 5249/11434 5264/11435 5265/11436
f 5123/11437 5276/11438 5275/11439
f 3770/11440 5179/11441 3706/11442
f 1097/11443 1157/2802 1153/2801
f 3105/11444 2956/11445 2825/11446
f 1085/11447 1033/11448 1089/11449
f 1037/11450 1077/11451 1041/11452
f 1145/2786 1141/2785 1137/2779
f 1133/2773 1145/2546 1137/2774
f 1133/2768 1129/2767 1117/11453
f 1129/2762 1125/2761 1121/2755
f 1117/2749 1129/2767 1121/2750
f 1117/2744 1113/2743 1133/2768
f 1113/2738 1109/2737 1133/2768
f 1105/2726 1101/2725 1149/11454
f 1085/11455 1081/11456 1037/11457
f 3266/11458 2896/11459 2906/11460
f 1077/11461 1073/11462 1053/11463
f 1073/11462 1069/11464 1053/11463
f 1069/11465 1065/11466 1057/11467
f 1065/11466 1061/11468 1057/11467
f 1057/11467 1053/11463 1069/11465
f 1053/11469 1049/11470 1041/11471
f 1049/11470 1045/11472 1041/11471
f 1053/11463 1041/11471 1077/11461
f 1157/11473 1089/11449 1033/11448
f 1095/2710 1155/11474 1091/2711
f 1099/2716 1151/11475 1095/2717
f 1107/2728 1147/11476 1103/2729
f 1043/11477 1047/11478 1051/11479
f 1071/11480 1043/11477 1051/11479
f 1051/11481 1055/11482 1067/11483
f 1071/11480 1051/11479 1067/11483
f 1055/11484 1059/11485 1063/11486
f 1063/11486 1067/11483 1055/11484
f 1079/11487 1083/11488 1035/11489
f 3015/11490 2818/11491 3018/11492
f 1099/2723 1103/2722 1147/11476
f 1075/11493 1043/11477 1071/11480
f 1139/11494 1111/11495 1131/11496
f 1111/2741 1115/2740 1131/11496
f 1115/2747 1119/2746 1127/11497
f 1131/2764 1115/2740 1127/2765
f 1119/2753 1123/2752 1127/11497
f 1131/2771 1135/2770 1139/11494
f 2428/5802 2424/5801 2420/11498
f 2420/11498 2544/11499 2428/5802
f 2544/11500 2540/5787 2432/5786
f 2428/5807 2544/11499 2432/5808
f 2540/5964 2536/5963 2436/5785
f 2536/5958 2532/5957 2440/11501
f 2634/11502 2594/11503 2590/11504
f 2574/11505 2654/11506 2650/11507
f 2652/11508 2580/11509 2648/11510
f 2582/11511 2646/11512 2642/11513
f 2588/11514 2644/11515 2584/11516
f 2640/11517 2592/11518 2636/11519
f 2636/11520 2596/11521 2632/11522
f 2504/11523 2500/11524 2472/11525
f 2472/11525 2500/11524 2476/11526
f 2500/11524 2496/11527 2476/11526
f 2496/11528 2492/11529 2480/11530
f 2476/11526 2496/11527 2480/11530
f 2492/11531 2488/11532 2484/11533
f 2484/11533 2480/11530 2492/11531
f 2472/11525 2468/11534 2504/11523
f 2440/5818 2436/5817 2536/5958
f 2542/11535 2418/11536 2426/11537
f 2418/11536 2422/11538 2426/11537
f 2426/11537 2430/11539 2542/11535
f 2430/11540 2434/5979 2538/5978
f 2434/5979 2438/11541 2534/5977
f 2430/11539 2538/5978 2542/11535
f 2658/11542 2570/11543 2566/11544
f 4624/11545 4672/11546 4676/11547
f 2438/11541 2530/11548 2534/5977
f 2452/11549 2524/11550 2520/11551
f 3765/11552 5173/11553 3764/11554
f 2516/11555 2460/5848 2456/5847
f 2590/11504 2638/11556 2634/11502
f 2468/11534 2508/11557 2504/11523
f 2466/11558 2470/11559 2502/11560
f 2470/11561 2474/11562 2498/11563
f 2474/11564 2478/11565 2494/11566
f 2470/11559 2498/11563 2502/11560
f 2478/11567 2482/11568 2490/11569
f 2482/11568 2486/11570 2490/11569
f 2490/11569 2494/11566 2478/11567
f 2494/11566 2498/11563 2474/11564
f 2548/11571 2552/11572 2556/11573
f 2556/11574 2560/6075 2672/6074
f 2560/6075 2564/11575 2668/6073
f 2556/11573 2672/6074 2548/11571
f 2564/11576 2568/11577 2664/11578
f 2532/5957 2444/5824 2440/11501
f 2528/11579 2448/5830 2444/5829
f 3764/11580 5185/11581 3705/11582
f 2456/5847 2520/11583 2516/11555
f 2650/11507 2578/11584 2574/11505
f 2462/11585 2510/11586 2458/11587
f 4180/9279 4220/11588 4184/9280
f 2596/11521 2600/11589 2632/11522
f 2600/11590 2604/11591 2628/11592
f 2604/11593 2608/11594 2624/11595
f 2608/11596 2612/11597 2620/11598
f 2624/11595 2608/11594 2620/11598
f 2612/11597 2616/11599 2620/11598
f 2624/11595 2628/11592 2604/11593
f 2628/11592 2632/11522 2600/11590
f 2660/11600 2664/11578 2568/11577
f 2664/11578 2668/6073 2564/11576
f 2550/11601 2546/11602 2554/11603
f 2546/11602 2670/6213 2554/11603
f 2670/6213 2666/11604 2558/6211
f 2666/11605 2662/11606 2562/11607
f 2558/6211 2666/11604 2562/11607
f 2662/11608 2658/11542 2566/11544
f 2572/11609 2660/11600 2568/11577
f 2526/11610 2446/11611 2522/11612
f 2522/11613 2450/11614 2518/11615
f 2518/11616 2454/11617 2514/11618
f 2514/11619 2458/11587 2510/11586
f 2656/11620 2576/11621 2652/11622
f 2506/11623 2466/11558 2502/11560
f 2630/11624 2626/11625 2598/11626
f 2626/11627 2622/11628 2602/11629
f 2598/11626 2626/11625 2602/11629
f 2622/11630 2618/11631 2606/11632
f 2618/11633 2614/11634 2610/11635
f 2606/11632 2618/11631 2610/11635
f 2606/11632 2602/11629 2622/11630
f 2598/11626 2594/11636 2630/11624
f 2566/11544 2562/11607 2662/11608
f 2915/11637 2960/11638 3213/11639
f 2960/11640 2823/11641 3145/11642
f 3169/11643 2960/11644 3139/11645
f 3257/7086 2928/11646 3325/7084
f 2928/11646 2932/11647 3325/7084
f 3321/7080 3325/7082 2932/11647
f 2642/11513 2586/11648 2582/11511
f 3043/11649 2822/6678 3038/6677
f 2942/11650 2783/6578 2773/6580
f 3119/6886 2959/11651 3125/6887
f 2878/11652 3344/7143 3259/7145
f 2877/11653 3153/11654 2870/11655
f 3329/11656 2893/11657 3200/11658
f 3155/11659 2928/11646 3257/7086
f 2882/11660 3275/11661 2895/11662
f 3232/11663 3291/11664 2915/11665
f 3054/11666 2824/11667 3050/11668
f 3168/11669 3213/11639 2960/11638
f 3213/11639 3232/11663 2915/11637
f 3169/11643 3168/11669 2960/11644
f 3058/11670 3145/11642 2823/11641
f 3145/11642 3139/11645 2960/11640
f 3054/11671 3058/11670 2823/11641
f 3295/11672 2918/11673 2914/11674
f 2530/5948 2442/11675 2526/5949
f 2916/11676 3305/11677 3179/11678
f 2898/11679 3301/11680 3305/11681
f 3252/11682 2917/11683 3177/11684
f 3179/11678 2917/11685 2916/11676
f 3206/6972 2913/11686 3207/6970
f 3207/11687 2963/11688 3252/11689
f 3317/7074 2931/11690 3311/7072
f 3311/7065 2943/11691 3206/7063
f 3014/6807 3021/6806 2806/11692
f 3321/7078 2933/11693 3317/7076
f 2810/6699 3011/6701 3014/6800
f 2806/11692 2810/6699 3014/6807
f 3076/6932 2833/11694 3101/6933
f 3094/6758 3093/6757 2860/11695
f 3030/6822 2794/11696 3032/6823
f 3008/6788 2850/11697 2990/6789
f 3337/11698 3341/11699 2888/11700
f 3341/11701 3333/11702 2884/11703
f 3333/11704 3331/11705 2890/11706
f 2998/6778 2853/11707 2995/6779
f 2813/11708 3062/6847 3060/6849
f 2750/11709 2808/11710 2753/11711
f 3125/11712 2851/11713 3123/11714
f 2946/11715 3093/6757 3344/7117
f 2971/11716 2856/11717 2843/11718
f 2902/11719 3279/11720 3263/11721
f 3267/7015 3270/7014 2879/11722
f 3270/7126 3347/7125 2879/11722
f 3333/11702 2890/11706 2884/11703
f 2884/11703 2888/11700 3341/11701
f 3347/7122 3271/7121 2879/11722
f 3271/7018 3219/7017 2872/11723
f 3219/6978 3221/6977 2872/11723
f 3221/6977 3157/11724 2872/11723
f 3157/11725 3141/11726 2866/11727
f 2872/11723 3157/11724 2866/11727
f 3141/6905 3090/6907 2866/11727
f 3090/6870 2983/6768 2866/11727
f 2979/11728 2975/11729 2859/11730
f 2975/6871 3086/6867 2859/11730
f 2983/11731 2979/11728 2859/11730
f 2866/11727 2983/6768 2859/11730
f 2879/11722 3271/7121 2872/11723
f 3267/7022 2895/11662 3275/7023
f 3192/6963 2887/11732 3189/6964
f 3262/11733 2920/11734 2923/11735
f 2966/11736 3196/11737 3246/11738
f 3193/11739 2886/11740 2885/11741
f 2780/11742 2897/11743 2781/11744
f 2998/6795 3003/6794 2848/11745
f 3003/6783 2987/6782 2854/11746
f 2987/6773 2990/6772 2850/11697
f 1083/11488 1031/11747 1035/11489
f 2850/11697 2854/11746 2987/6773
f 3003/6794 2854/11746 2848/11745
f 3096/11748 3092/11749 3017/11750
f 3092/6756 3094/6758 3017/11750
f 3017/6406 3016/6755 3096/11748
f 2795/11751 3028/6826 3034/6825
f 3223/7035 2935/11752 3289/7036
f 3022/11753 2800/11754 3026/11755
f 3026/6819 2811/11756 3030/6820
f 2936/11757 2768/11758 2776/11759
f 3032/6915 2819/11760 3103/6916
f 2874/11761 3307/11762 2947/11763
f 3094/6758 2815/6404 3017/11750
f 2817/11764 3036/6927 3111/6929
f 2906/11460 3263/11765 3266/11458
f 1139/11494 1107/2735 1111/11495
f 3299/11766 3297/11767 2922/11768
f 3050/11769 2820/11770 3045/11771
f 2846/11772 3056/11773 3052/11774
f 3229/6984 3227/6982 2891/11775
f 3227/6982 3165/11776 2891/11775
f 3165/6943 3163/6945 2961/6438
f 3137/11777 3147/11778 2847/11779
f 3147/6899 3056/6898 2847/11779
f 3048/11780 2846/11772 3052/11774
f 2892/11781 3297/11782 3293/11783
f 3048/11784 3046/11785 2816/11786
f 3299/11787 2899/11788 3303/11789
f 3303/11790 2945/11791 3184/11792
f 2887/11732 3246/7138 3189/6964
f 3250/11793 2921/11794 2964/11795
f 3202/6521 2964/11796 2919/6519
f 3116/11797 2791/11798 2958/11799
f 2944/11800 3313/7066 3203/7068
f 2512/11801 2464/5852 2460/5851
f 2855/11802 2973/11803 2838/11804
f 2937/11805 3323/11806 3319/11807
f 2833/11694 3098/11808 3101/6933
f 2891/11775 3165/11776 2961/6438
f 2847/11779 2961/6438 3137/11777
f 2876/11809 3173/11810 2868/11811
f 3283/11812 2939/11813 3281/11814
f 3289/7041 2925/11815 3285/7042
f 3285/7032 2926/11816 3283/7033
f 2885/11741 3331/11817 3193/11739
f 2753/11818 2804/11819 2752/11820
f 3211/11821 2901/11822 3209/11823
f 3152/11824 2905/11825 3149/11826
f 3175/11827 2905/11828 2904/11829
f 3099/11830 3098/11831 2837/11832
f 3018/11833 2801/11834 3022/11835
f 3315/11836 2927/11837 2938/11838
f 3229/11839 2892/11781 3293/11783
f 3291/11664 2914/11840 2915/11665
f 3080/11841 3074/11842 2835/11843
f 3074/11842 3133/11844 2835/11843
f 3133/11845 3135/11846 2948/11847
f 2835/11843 3133/11844 2948/11847
f 3135/7111 3287/7113 2948/11847
f 3287/7113 3215/7147 2948/11847
f 3215/7147 3217/11848 2948/11847
f 3217/11849 3234/11850 2903/11851
f 3234/11850 3279/11852 2903/11851
f 3080/11853 2836/11854 3078/11855
f 2832/11856 3078/11855 2836/11854
f 3084/6865 2842/11857 3082/6859
f 2834/11858 3082/6859 2842/11857
f 3184/6957 2921/11859 3181/6958
f 3152/11860 3209/11823 2901/11822
f 3034/6825 2825/11861 2795/11751
f 2814/11862 3065/6850 3072/6855
f 3066/11863 2799/11864 2812/11865
f 1075/11866 1035/2655 1039/2654
f 3060/6849 2812/11867 2813/11708
f 3070/11868 2803/11869 2797/11870
f 2903/11851 2948/11847 3217/11849
f 2967/11871 2851/11872 2856/11873
f 2867/6530 3130/7114 3309/6528
f 3309/7116 3239/7146 2871/6529
f 3153/11654 2861/11874 2870/11655
f 3113/11875 2817/11764 3111/6929
f 2969/11876 2791/11877 3121/11878
f 2991/11879 2993/11880 2790/11881
f 2993/6786 3005/6785 2844/6391
f 3327/7089 2954/11882 3329/7087
f 3200/11883 2950/11884 3197/11885
f 3277/11886 2904/11887 2896/11888
f 3068/6648 2797/11889 2862/6646
f 3247/11890 2951/11891 3185/11892
f 3187/11893 2951/11894 2883/11895
f 2883/11895 3273/11896 3187/11893
f 2900/11897 3254/11898 3273/11899
f 3088/11900 2977/11901 2858/11902
f 2782/11903 2908/11904 2779/11905
f 2981/11906 2985/6729 2857/6731
f 2985/6729 3127/11907 2865/6730
f 3127/6901 3143/6903 2865/6730
f 3143/6903 3159/11908 2865/6730
f 3159/11909 3162/11910 2873/11911
f 3162/6940 3226/6980 2873/11911
f 3226/6980 3244/11912 2873/11911
f 3244/11913 3345/6418 2881/6417
f 2857/6731 2977/11914 2981/11906
f 3255/11915 3254/11916 2880/11917
f 2843/11718 3086/11918 2971/11716
f 2826/11919 2761/6482 2762/6481
f 2923/11735 3259/11920 3262/11733
f 2760/11921 2828/11922 2841/11923
f 3117/11924 2958/11925 2792/11926
f 2999/11927 2792/11928 2845/11929
f 2845/11929 3001/11930 2999/11927
f 3088/11931 2838/11804 2973/11803
f 3327/7097 3339/7099 2894/11932
f 3339/11933 3335/11934 2952/11935
f 3009/6638 2790/11936 2789/6636
f 2952/11935 2894/11932 3339/11933
f 3159/11908 2873/11911 2865/6730
f 2873/11911 3244/11912 2881/6417
f 2844/6391 2790/11881 2993/6786
f 3021/6806 2805/11937 2806/11692
f 3236/11938 2953/11939 3237/11940
f 1101/2725 1153/2796 1149/11454
f 3197/11941 2965/11942 3247/11943
f 2752/6464 2796/11944 2756/6465
f 2756/11945 2831/8285 2765/6734
f 1087/11946 1155/11947 1031/11948
f 2955/11949 2763/6494 2764/6493
f 3242/11950 2888/11951 2889/11952
f 3130/11953 2849/11954 3008/11955
f 2762/6481 2841/11956 2826/11919
f 2840/11957 3045/11771 2820/11770
f 2758/11958 2830/11959 2829/11960
f 2782/11961 2777/11962 2909/11963
f 2777/11962 2775/11964 2909/11963
f 2775/11965 2774/11966 2949/11967
f 2909/11963 2775/11964 2949/11967
f 2774/11966 2785/11968 2949/11967
f 2766/11969 2757/11970 2829/11971
f 2757/6509 2758/6508 2829/11971
f 2912/11972 2779/11905 2908/11904
f 2995/6919 2852/11973 3119/6920
f 2781/11974 2910/11975 2770/11976
f 2770/6556 2911/6527 2771/6554
f 2907/11977 2773/11978 2772/11979
f 2778/6565 2907/11977 2772/6563
f 2837/11832 3072/11980 3099/11830
f 3237/11981 2952/11935 3335/11934
f 2784/11982 2934/11983 2930/11984
f 2786/11985 2930/11986 2929/11987
f 2929/11987 2787/11988 2786/11985
f 2776/11759 2940/11989 2936/11757
f 2767/11990 2766/11991 2949/11992
f 2829/11971 2949/11992 2766/11969
f 2767/11990 2949/11992 2785/11968
f 3901/8159 3706/11442 5179/8157
f 3765/11993 5184/11994 5174/11995
f 2751/11996 2809/11997 2750/11998
f 3707/11999 3903/8163 5182/8165
f 3880/8206 3705/11582 5185/8204
f 4556/12000 4612/12001 4616/12002
f 2807/12003 3025/6817 3028/6816
f 3704/12004 3876/8857 5184/8859
f 4170/12005 4226/9349 4102/9348
f 4616/12002 4552/12006 4556/12000
f 4620/12007 4676/12008 4552/12009
f 4608/12010 4560/12011 4564/12012
f 4668/12013 4628/12014 4632/12015
f 4220/9334 4216/9333 4184/9280
f 4216/9328 4212/9327 4188/12016
f 4212/9322 4208/9321 4192/12017
f 4188/9291 4212/9327 4192/9292
f 4208/12018 4204/9310 4200/9309
f 4200/9304 4196/9303 4208/12018
f 4196/9298 4192/9297 4208/12018
f 4188/9286 4184/9285 4216/9328
f 4178/12019 4218/9337 4222/9336
f 4156/12020 4152/12021 4120/12022
f 4152/12023 4148/12024 4124/12025
f 4148/12026 4144/12027 4128/12028
f 4124/12025 4148/12024 4128/12028
f 4144/12029 4140/12030 4136/12031
f 4136/12031 4132/12032 4144/12029
f 4132/12032 4128/12028 4144/12029
f 4124/12025 4120/12022 4152/12023
f 4674/12033 4618/12034 4550/12035
f 4614/12036 4550/12035 4618/12034
f 2938/11838 3319/12037 3315/11836
f 4604/12038 4564/12039 4568/12040
f 4118/12041 4122/12042 4154/12043
f 4122/12044 4126/12045 4146/12046
f 4126/12045 4130/12047 4146/12046
f 4130/12048 4134/12049 4138/12050
f 4138/12050 4142/12051 4130/12048
f 4142/12051 4146/12046 4130/12048
f 4146/12046 4150/12052 4122/12044
f 4150/12052 4154/12043 4122/12044
f 4606/12053 4558/12054 4610/12055
f 4182/9283 4186/9282 4218/12056
f 4186/12057 4190/12058 4210/12059
f 4190/12058 4194/12060 4210/12059
f 4194/12061 4198/12062 4202/12063
f 4202/12063 4206/12064 4194/12061
f 4206/9319 4210/9318 4194/12061
f 4210/9325 4214/9324 4186/12057
f 4214/9331 4218/9330 4186/12057
f 2648/12065 2584/11516 2644/11515
f 4108/12066 4164/12067 4112/12068
f 4160/12069 4112/12068 4164/12067
f 4116/12070 4156/12020 4120/12022
f 4568/12071 4572/12072 4600/12073
f 4572/12072 4576/12074 4600/12073
f 4576/12075 4580/12076 4592/12077
f 4580/12076 4584/12078 4592/12077
f 4584/12078 4588/12079 4592/12077
f 4592/12077 4596/12080 4576/12075
f 4596/12080 4600/12073 4576/12075
f 4600/12073 4604/12038 4568/12071
f 4610/12081 4554/12082 4614/12083
f 4562/12084 4602/12085 4566/12086
f 4632/12087 4636/12088 4664/12089
f 4636/12088 4640/12090 4664/12089
f 4640/12091 4644/12092 4656/12093
f 4644/12092 4648/12094 4656/12093
f 4648/12094 4652/12095 4656/12093
f 4656/12093 4660/12096 4640/12091
f 4660/12096 4664/12089 4640/12091
f 4664/12089 4668/12013 4632/12087
f 4168/9261 4104/12097 4172/9262
f 4172/9267 4228/12098 4176/9268
f 4174/12099 4222/9343 4226/9342
f 3046/11785 2839/12100 2816/11786
f 4666/12101 4662/12102 4634/12103
f 4662/12102 4658/12104 4634/12103
f 4658/12105 4654/12106 4642/12107
f 4654/12106 4650/12108 4642/12107
f 4650/12108 4646/12109 4642/12107
f 4642/12107 4638/12110 4658/12105
f 4638/12110 4634/12103 4658/12105
f 4634/12103 4630/9355 4666/12101
f 4106/10473 4162/12111 4166/10471
f 4154/12043 4114/12112 4118/12041
f 4602/12113 4598/12114 4570/12115
f 4598/12114 4594/12116 4570/12115
f 4594/12117 4590/12118 4578/12119
f 4590/12118 4586/12120 4578/12119
f 4586/12120 4582/12121 4578/12119
f 4578/12119 4574/12122 4594/12117
f 4574/12122 4570/12115 4594/12117
f 4570/12115 4566/12086 4602/12113
f 4777/12123 4773/12124 4779/12125
f 5147/11409 5144/12126 5150/11407
f 1109/2732 1105/2731 1149/2552
f 3255/11915 2880/11917 2881/6417
f 5123/11354 5168/11356 5126/12127
f 1037/11457 1081/11456 1077/11451
f 3094/6758 2860/11695 2815/6404
f 2857/6731 2858/11902 2977/11914
f 17/6 18/5 25/2
f 10/9 11/8 18/5
f 3/12 4/11 11/8
f 41/141 42/140 4/11
f 3349/18 31/17 30/14
f 3351/16 53/2239 31/17
f 350/70 349/545 345/20
f 345/548 337/547 66/22
f 3627/7948 3628/7955 1012/24
f 20/31 21/30 27/27
f 13/34 14/33 21/30
f 6/37 7/36 14/33
f 44/147 45/146 7/36
f 26/28 27/27 904/39
f 59/1449 58/1448 63/42
f 63/44 58/12128 57/45
f 62/46 57/45 56/48
f 70/50 67/12129 66/51
f 344/541 283/540 868/54
f 72/1310 73/1313 70/50
f 23/217 59/216 64/58
f 80/60 64/43 63/61
f 79/63 63/44 62/64
f 62/47 61/49 77/66
f 84/153 80/152 79/68
f 350/19 351/538 88/71
f 83/73 79/63 78/74
f 82/75 78/74 77/77
f 92/79 84/67 83/80
f 91/82 83/73 82/83
f 90/84 82/83 81/86
f 171/88 85/1551 890/89
f 92/79 91/81 124/92
f 124/94 91/82 90/95
f 126/96 90/95 89/98
f 131/1476 134/1903 44/101
f 101/1331 100/1330 108/104
f 104/1541 105/1543 112/107
f 100/1254 99/1253 107/110
f 99/1209 98/1208 106/113
f 109/105 108/104 115/116
f 111/108 112/107 119/119
f 108/111 107/110 114/122
f 107/114 106/113 113/125
f 6/37 4/11 42/102
f 4/11 6/37 13/128
f 11/129 13/128 20/131
f 967/133 237/7212 260/134
f 18/132 20/131 26/137
f 132/1474 131/1476 42/140
f 3628/7954 3629/7953 1011/143
f 134/1906 133/1905 45/146
f 16/59 64/58 80/149
f 1/2091 9/2090 80/152
f 84/67 92/79 39/154
f 129/2095 39/2094 92/91
f 46/1334 101/1333 109/157
f 116/117 36/12130 33/158
f 886/159 357/2073 345/160
f 971/1801 906/1800 213/163
f 964/164 213/163 217/166
f 217/7220 226/7221 966/168
f 226/7222 237/7224 967/170
f 147/7395 148/5504 159/173
f 143/7386 142/7385 153/176
f 153/176 142/7385 141/179
f 138/7380 144/7379 155/182
f 959/184 29/7225 30/185
f 144/7383 143/7382 154/188
f 153/178 152/180 163/191
f 149/183 155/182 166/194
f 155/189 154/188 165/197
f 159/173 169/12131 168/199
f 154/177 153/176 164/201
f 962/1452 171/1451 172/204
f 961/205 172/204 173/207
f 888/209 174/2235 173/210
f 970/544 352/543 175/213
f 191/2372 864/2374 59/216
f 866/1458 57/1457 58/219
f 3650/1828 3651/7951 2182/222
f 1009/25 1014/2344 3630/224
f 164/192 163/191 197/226
f 160/195 166/194 200/229
f 260/7226 248/7228 968/231
f 888/232 402/539 344/233
f 166/198 165/197 199/236
f 203/284 168/286 169/239
f 165/202 164/201 198/242
f 174/2235 888/209 295/245
f 135/1426 394/1425 343/248
f 50/1346 55/1345 639/251
f 3352/537 342/536 28/254
f 301/8946 305/2040 317/257
f 4076/259 289/264 294/260
f 278/262 282/2035 294/263
f 282/2035 278/262 267/266
f 225/2025 224/2024 235/269
f 239/2050 228/2049 229/272
f 224/2022 223/2021 234/275
f 234/275 223/2021 222/278
f 219/2044 225/2043 236/281
f 256/289 261/288 271/267
f 203/2294 368/2296 367/285
f 244/287 249/2028 261/288
f 1957/290 1963/6309 2722/291
f 251/293 239/271 240/294
f 235/276 234/275 245/297
f 234/277 233/279 244/300
f 230/282 236/281 247/303
f 249/2028 244/287 233/306
f 167/308 367/285 368/309
f 233/279 222/278 227/311
f 783/317 12/316 19/313
f 767/331 5/333 12/316
f 236/270 235/269 246/319
f 245/301 244/300 256/322
f 253/324 241/304 247/325
f 366/327 158/174 168/286
f 228/328 215/2297 216/329
f 767/331 751/12132 379/332
f 247/320 246/319 258/334
f 262/2054 251/2052 252/336
f 246/298 245/297 257/339
f 264/341 253/324 259/342
f 367/285 167/308 156/344
f 719/360 359/362 360/346
f 259/326 258/334 269/348
f 273/2055 262/2057 263/350
f 258/340 257/339 268/353
f 257/323 256/322 267/356
f 158/174 366/327 365/358
f 201/310 197/226 163/359
f 719/360 703/12133 358/361
f 270/343 269/348 280/364
f 284/2058 273/2060 274/367
f 269/354 268/353 279/370
f 268/357 267/356 278/373
f 275/2127 264/2126 270/363
f 167/308 163/359 152/377
f 281/365 280/364 291/380
f 284/366 285/368 297/383
f 280/371 279/370 290/386
f 279/374 278/373 289/389
f 286/2128 275/2127 281/379
f 156/378 152/377 141/393
f 366/327 156/344 145/396
f 3451/398 118/120 119/399
f 362/401 111/118 118/402
f 292/381 291/380 4079/405
f 296/384 297/383 4081/408
f 291/387 290/386 4082/411
f 290/390 289/389 4076/414
f 286/391 292/381 4078/417
f 3440/7394 3438/7393 147/172
f 3452/420 3453/12134 117/421
f 106/423 110/12135 117/424
f 104/106 111/108 362/427
f 307/8924 308/8942 320/430
f 303/8939 302/8941 313/433
f 313/433 302/8941 301/256
f 298/8933 304/8935 315/437
f 110/12135 106/423 98/440
f 113/425 117/424 3453/443
f 304/8943 303/8945 314/446
f 299/2130 310/2132 335/449
f 334/450 335/449 311/452
f 4085/454 336/12136 287/455
f 276/457 287/455 336/458
f 4085/460 334/451 300/461
f 381/459 336/458 288/464
f 277/5516 266/5515 380/466
f 265/467 276/457 381/463
f 382/485 380/484 266/469
f 383/491 382/490 255/472
f 384/494 383/493 243/475
f 385/477 384/474 232/478
f 369/480 215/2297 228/481
f 254/2124 265/2123 380/484
f 214/2293 369/2292 370/487
f 242/2120 254/2121 382/490
f 231/2118 242/2120 383/493
f 384/474 385/477 220/495
f 209/2290 214/2289 227/497
f 210/2287 209/2286 222/500
f 332/565 333/567 196/503
f 355/510 338/509 337/506
f 354/1309 339/1308 338/509
f 687/1972 671/1971 202/512
f 272/912 50/911 625/515
f 611/517 597/12137 130/518
f 532/520 146/12138 137/521
f 500/846 501/845 218/524
f 872/833 410/832 346/527
f 418/839 426/838 318/530
f 410/836 418/835 306/533
f 3354/535 29/2252 342/536
f 136/21 135/830 351/538
f 402/1480 872/1500 283/540
f 959/542 174/244 352/543
f 87/1508 95/1540 349/545
f 357/2074 356/2076 337/547
f 331/571 332/573 162/550
f 330/577 331/579 151/553
f 114/126 113/125 3454/556
f 115/123 114/122 3455/559
f 328/588 329/587 38/562
f 35/5499 48/5498 327/564
f 332/573 161/572 195/566
f 327/564 48/5498 132/569
f 331/579 150/578 161/572
f 326/570 132/569 41/575
f 330/577 139/2105 150/578
f 116/117 115/116 3456/581
f 36/12130 116/117 3457/584
f 34/2097 37/2098 329/587
f 3/12 324/597 325/576
f 328/561 327/564 47/589
f 324/597 3/12 10/591
f 128/593 47/589 327/568
f 326/574 325/576 40/594
f 2/2089 40/2092 325/596
f 869/606 405/605 404/599
f 283/528 346/527 408/602
f 871/1512 406/1520 405/605
f 405/615 413/614 412/608
f 346/534 306/533 416/611
f 406/1556 414/1555 413/614
f 413/624 421/623 420/617
f 306/531 318/530 424/620
f 414/1559 422/1558 421/623
f 454/655 459/654 442/626
f 445/633 444/632 184/629
f 449/631 448/659 444/632
f 442/626 459/654 186/635
f 460/637 456/12139 461/638
f 3651/7947 3652/7946 2181/641
f 187/1479 441/1478 892/644
f 183/656 455/658 461/647
f 323/592 10/591 17/650
f 185/630 186/1519 459/652
f 449/631 445/633 459/654
f 183/1403 184/1402 444/657
f 448/2430 460/2433 455/658
f 430/1735 477/1734 476/661
f 429/662 476/661 475/664
f 428/665 475/664 438/667
f 347/669 341/2418 434/668
f 341/2418 347/669 465/671
f 463/1925 464/1924 446/674
f 458/676 453/2429 450/675
f 452/2432 453/2431 458/678
f 451/680 452/677 457/681
f 439/842 447/841 451/680
f 478/684 484/12140 472/685
f 468/698 480/697 479/688
f 472/685 484/12140 485/691
f 483/1264 478/1263 470/694
f 471/692 485/691 480/697
f 473/695 470/694 446/700
f 494/796 493/797 489/703
f 493/803 492/802 488/706
f 458/676 446/674 470/686
f 348/525 218/524 487/710
f 527/870 526/869 521/713
f 521/713 526/869 525/716
f 137/521 146/12138 530/719
f 1024/721 1025/7878 3632/722
f 517/1809 523/1808 522/725
f 522/714 521/713 515/727
f 5051/10918 5047/10917 2200/729
f 3634/731 1028/3536 1027/732
f 521/715 520/717 514/735
f 519/1677 514/1678 520/738
f 1022/740 1016/10842 3636/741
f 498/743 499/1813 505/744
f 504/10898 503/10900 497/746
f 497/746 503/10900 502/748
f 496/749 502/748 507/751
f 157/805 575/752 507/754
f 157/753 250/755 506/757
f 547/1747 548/1746 5016/760
f 548/1722 550/1721 5017/763
f 550/1719 549/1718 5018/766
f 549/1668 546/1667 5019/769
f 5020/10819 5019/10907 546/772
f 552/10891 553/10915 558/775
f 553/10914 555/10913 560/778
f 555/10913 554/10912 559/781
f 554/10910 551/10909 556/784
f 551/786 538/1933 541/787
f 43/1675 519/1677 529/522
f 137/718 524/720 518/790
f 1015/791 1022/740 3635/792
f 495/1816 499/1815 498/795
f 498/743 497/746 493/797
f 123/1206 127/1205 89/799
f 497/747 496/749 492/802
f 501/804 492/802 496/750
f 157/805 218/524 501/804
f 218/524 157/805 576/807
f 320/430 308/8942 2259/810
f 4081/408 297/383 2260/813
f 297/383 285/368 2261/816
f 285/368 274/367 2262/819
f 255/470 266/469 2262/822
f 243/473 255/472 2263/825
f 93/800 89/799 81/828
f 66/51 67/12129 135/830
f 878/600 404/599 410/832
f 404/609 412/608 418/835
f 412/618 420/617 426/838
f 910/1819 911/1818 447/841
f 471/696 457/843 458/708
f 468/687 436/1652 457/843
f 488/706 492/802 501/845
f 32/852 512/851 5022/848
f 43/789 518/790 512/851
f 529/739 520/738 525/853
f 565/1763 564/1762 580/855
f 545/2135 581/2134 563/857
f 583/2142 582/2141 562/859
f 564/1682 562/1681 582/862
f 585/1783 584/1785 588/865
f 830/1316 829/1315 585/864
f 592/1306 593/1305 526/869
f 594/883 608/882 612/872
f 103/519 130/518 598/873
f 596/2133 599/2136 613/876
f 252/295 240/294 2265/879
f 595/902 609/901 608/882
f 604/2177 603/2176 617/885
f 240/273 229/272 2266/888
f 599/2139 601/2138 615/891
f 831/2174 604/2173 618/894
f 610/2514 614/2517 600/896
f 616/2506 615/2505 601/898
f 607/1303 621/1302 609/901
f 848/2523 847/2522 631/904
f 849/2526 848/2525 632/907
f 833/908 633/1377 850/909
f 855/910 626/1344 50/911
f 208/913 221/12141 2266/914
f 2268/916 2267/5511 216/917
f 2269/5509 162/550 196/920
f 169/12131 159/173 2270/923
f 670/1975 675/1974 691/926
f 140/554 151/553 2270/929
f 669/950 685/949 684/932
f 680/2202 679/2201 695/935
f 3447/937 140/928 2271/938
f 691/926 675/1974 677/941
f 836/2197 680/2196 696/944
f 686/957 692/956 676/946
f 678/1947 694/1946 693/942
f 683/1298 699/1300 685/949
f 668/933 684/932 688/952
f 205/513 202/512 672/953
f 702/979 708/978 692/956
f 708/1234 711/1233 695/959
f 696/936 695/935 711/962
f 837/945 696/944 712/965
f 697/967 837/964 838/968
f 713/1235 714/1237 698/970
f 715/1238 699/1240 698/972
f 838/966 712/965 728/975
f 718/1007 724/1026 708/978
f 726/1029 725/1028 709/981
f 715/983 731/1030 717/984
f 700/986 716/1031 720/987
f 358/1250 704/1245 720/989
f 702/955 707/1969 723/990
f 35/563 38/562 2272/992
f 717/1013 716/1012 700/994
f 712/963 711/962 727/996
f 2273/5500 112/5502 105/999
f 707/1968 709/1967 725/1002
f 359/362 720/989 736/1005
f 718/977 723/990 739/1008
f 105/1543 120/1542 2275/1010
f 733/2444 732/2446 716/1012
f 728/997 727/996 743/1015
f 2275/1010 120/1542 96/1018
f 723/1003 725/1002 741/1021
f 839/976 728/975 744/1024
f 734/2465 740/2464 724/1026
f 742/2436 741/2435 725/1028
f 731/1295 747/1294 733/1011
f 716/1012 732/2446 736/1032
f 96/1510 97/1509 2277/1034
f 2278/1040 387/1039 52/1036
f 3405/1038 3389/1910 387/1039
f 2279/7152 316/7154 957/1042
f 2280/1043 957/1042 176/1045
f 755/2469 757/2468 773/1048
f 841/2456 760/2455 776/1051
f 766/1106 772/1108 756/1054
f 758/1958 774/1957 773/1057
f 763/1059 779/1076 765/1060
f 748/1072 764/1071 768/1063
f 5/333 379/332 752/1064
f 750/2463 755/2466 771/1066
f 2282/1067 879/1914 177/1068
f 749/1061 765/1060 764/1071
f 760/2459 759/2458 775/1074
f 779/1076 795/1130 781/1077
f 764/1093 780/1092 784/1080
f 5/1065 768/1063 784/1083
f 766/1053 771/1066 787/1086
f 2282/1088 880/2015 401/1089
f 765/1078 781/1077 780/1092
f 792/1105 776/1104 775/1095
f 2284/5478 873/5480 395/1098
f 771/1049 773/1048 789/1101
f 843/1103 842/1052 776/1104
f 766/1085 782/1087 788/1107
f 790/1129 789/1128 773/1110
f 808/1123 792/1122 791/1113
f 893/2012 409/2011 2285/1116
f 787/1102 789/1101 805/1119
f 844/1121 843/1103 792/1122
f 798/1124 804/1212 788/1125
f 806/1127 805/1119 789/1128
f 795/1130 811/12142 797/1131
f 780/1145 796/1144 800/1134
f 12/1084 784/1083 800/1137
f 782/1087 787/1086 803/1139
f 411/1140 403/12143 2285/1141
f 781/1132 797/1131 796/1144
f 810/1146 809/6340 2705/1147
f 1978/6355 2735/6354 2734/1150
f 1960/1152 2247/12144 2749/1153
f 814/1155 820/3980 2701/1156
f 1975/1278 2733/1280 2713/1159
f 419/1161 411/1140 2286/1162
f 1985/1164 1984/1169 2741/1165
f 2004/6364 2738/6363 2741/1168
f 803/6318 2681/6317 2683/1171
f 1976/6377 2745/6376 2746/1174
f 1177/1176 1958/6371 2714/1177
f 433/2007 437/2006 2289/1180
f 2289/1180 437/2006 467/1183
f 2290/1184 467/1183 481/1186
f 481/2000 577/1999 2292/1188
f 534/1929 579/1928 2292/1190
f 2003/1275 2720/1277 2717/1193
f 534/1189 2293/1191 5000/1196
f 2294/5354 536/5356 539/1199
f 824/1201 845/6350 2700/1202
f 102/441 98/440 127/1205
f 126/97 127/99 98/1208
f 807/1114 791/1113 788/1211
f 810/1284 794/1283 793/1214
f 777/1288 793/1287 794/1217
f 788/1211 791/1113 775/1219
f 772/1108 775/1219 759/1221
f 761/1291 777/1290 778/1224
f 746/1226 730/12145 729/1227
f 740/2462 743/2461 727/1230
f 724/1231 727/1230 711/1233
f 713/1235 729/1227 730/1236
f 715/983 701/985 685/1239
f 685/1239 701/985 700/1242
f 684/1243 700/1242 704/1245
f 692/960 695/959 679/1248
f 358/1250 205/954 688/1246
f 682/2192 681/2194 697/967
f 124/94 126/96 99/1253
f 539/1990 542/1989 2296/1255
f 614/2520 617/2519 603/1257
f 581/1259 588/865 584/1260
f 578/1262 569/12146 478/1263
f 494/702 490/704 491/1265
f 619/2528 620/2472 606/1267
f 591/1269 587/12147 586/1270
f 862/1837 74/1839 71/1273
f 2003/1275 1968/5446 2743/1276
f 1975/1278 1971/6312 2732/1279
f 843/1103 844/1121 809/1215
f 811/12142 795/1130 794/1283
f 795/1130 779/1076 778/1218
f 842/1052 843/1103 793/1287
f 841/1050 842/1052 777/1290
f 779/1076 763/1059 762/1225
f 730/12145 746/1226 747/1294
f 731/1030 715/983 714/1237
f 205/954 358/1250 703/1296
f 705/1297 689/1970 687/511
f 683/1298 682/1251 698/1299
f 606/1267 620/2472 621/1302
f 587/12147 591/1269 593/1305
f 353/1842 340/1841 339/1308
f 72/1310 339/1308 340/1311
f 75/1616 76/1846 73/1313
f 590/1271 586/1270 829/1315
f 832/895 619/1266 605/1317
f 859/2513 858/2512 629/1319
f 860/2516 859/2515 627/1322
f 837/964 697/967 681/1324
f 839/1023 729/1325 713/969
f 840/1025 745/1228 729/1325
f 662/2182 678/2181 677/1327
f 125/93 124/92 100/1330
f 129/155 125/93 101/1333
f 624/1323 627/1322 643/1336
f 627/1320 629/1319 645/1339
f 645/1339 629/1319 630/1342
f 626/1344 640/12148 55/1345
f 640/12148 626/1344 622/1348
f 636/1349 622/1348 623/1351
f 637/1352 623/1351 635/1354
f 650/1356 651/1355 635/1357
f 634/1375 633/1377 649/1359
f 633/1377 833/908 834/1361
f 833/908 632/907 648/1364
f 632/905 631/904 647/1367
f 644/1369 647/1367 631/1370
f 638/2544 644/2543 628/1372
f 624/1335 628/1372 846/1373
f 847/1374 846/1373 628/1371
f 634/1358 851/1378 850/1376
f 635/1381 852/1380 851/1378
f 623/1384 853/1383 852/1380
f 622/1387 854/1386 853/1383
f 626/1344 855/910 854/1386
f 324/590 323/592 8/1388
f 323/649 322/651 15/1390
f 19/2083 2677/2085 2676/1393
f 629/1319 858/2512 857/1396
f 874/1580 875/1579 899/1399
f 876/1586 877/1585 184/1402
f 322/651 321/1430 22/1405
f 22/1405 321/1430 861/1408
f 76/1849 391/1848 390/1411
f 3407/1413 390/1411 391/1414
f 86/829 81/828 77/1417
f 61/1599 68/1601 65/1418
f 389/1423 70/1422 73/1412
f 388/1421 67/12129 70/1422
f 67/12129 388/1421 394/1425
f 351/249 343/248 392/1428
f 17/1 24/3 321/1430
f 321/1430 24/3 192/1432
f 2299/5440 785/2214 801/1435
f 786/1437 770/12149 2300/1438
f 133/1907 440/1909 188/1441
f 189/1443 7/36 45/1442
f 7/36 189/1443 190/1445
f 864/2369 865/2371 58/1448
f 963/1855 170/1854 171/1451
f 908/1822 904/1821 27/1454
f 867/1604 56/1603 57/1457
f 85/1551 171/88 170/1460
f 753/1961 769/1960 2300/1463
f 916/1583 874/1582 898/1466
f 882/1562 885/1561 187/1469
f 397/1489 869/1488 878/1472
f 132/569 48/5498 49/1475
f 885/1530 884/1529 441/1478
f 402/539 888/232 889/1481
f 60/1595 876/1594 183/646
f 97/1484 88/1429 392/1485
f 398/1487 871/604 869/1488
f 398/1490 85/1459 94/1491
f 352/246 295/245 887/1494
f 172/90 890/89 889/211
f 883/1576 882/1575 901/1498
f 396/1473 878/1472 872/1500
f 21/1504 180/1503 181/1455
f 14/1446 190/1445 180/1503
f 3390/1598 188/1597 440/1506
f 87/72 88/71 97/1509
f 899/1399 875/1579 883/1497
f 871/604 398/1487 399/1513
f 184/1402 877/1585 891/1515
f 915/1589 60/1588 182/1517
f 891/1573 881/645 186/1519
f 870/1637 407/1862 406/1520
f 738/1521 722/12150 2303/1522
f 881/645 892/644 443/636
f 914/1655 469/1654 479/1526
f 178/2251 179/2250 884/1529
f 95/1531 104/426 361/1532
f 705/1297 721/1965 2303/1535
f 689/1970 705/1297 2304/1538
f 96/1018 120/1542 95/1540
f 104/426 95/1531 120/1542
f 295/234 344/233 400/1545
f 3409/1547 394/1425 388/1548
f 890/1553 397/1552 396/1482
f 85/1459 398/1490 397/1552
f 407/1865 415/1864 414/1555
f 415/1868 423/1867 422/1558
f 894/2224 178/2223 885/1561
f 3391/1563 190/1445 189/1564
f 180/1503 190/1445 3391/1567
f 3393/1572 181/1571 180/1566
f 3394/1832 908/1831 181/1571
f 891/1592 901/1591 187/643
f 895/2234 894/2233 882/1575
f 875/1577 896/2230 895/1574
f 897/2228 896/2230 875/1579
f 918/2225 897/2227 874/1582
f 899/1511 900/1499 877/1585
f 919/1467 898/1466 60/1588
f 877/1585 900/1499 901/1591
f 898/1400 899/1399 876/1594
f 3413/1565 189/1564 188/1597
f 61/49 56/48 71/1600
f 863/1274 71/1273 56/1603
f 349/545 95/1540 364/1605
f 337/506 338/509 69/52
f 339/1308 72/1310 69/1608
f 2186/1610 2169/12151 3655/1611
f 2176/1613 2175/12152 3657/1614
f 75/1312 340/1311 922/1617
f 2170/1619 2171/1622 3659/1620
f 2171/1622 2177/12153 3660/1623
f 3411/1415 391/1414 925/1626
f 2188/1628 2172/12154 3662/1629
f 94/1461 170/1460 927/1632
f 2205/1634 2193/12155 3664/1635
f 870/1514 399/1513 929/1638
f 2206/1640 2178/1643 3666/1641
f 2178/1643 2194/12156 3667/1644
f 3667/1644 2194/12156 2195/1647
f 2196/1649 2197/7861 3670/1650
f 469/689 439/683 436/1652
f 910/840 439/842 469/1654
f 2198/1656 1015/791 3637/1657
f 484/12140 478/684 569/1660
f 485/691 484/12140 566/1663
f 569/12146 578/1262 535/773
f 566/1661 569/1660 546/1667
f 5021/10904 250/10906 507/1670
f 5068/10959 5070/10958 5064/1673
f 43/850 32/852 513/1676
f 513/1676 508/1710 514/1678
f 544/860 562/859 556/788
f 559/785 556/784 562/1681
f 943/1688 528/1687 523/1684
f 944/1686 531/1768 528/1687
f 2199/1689 2203/12157 3673/1690
f 946/1692 573/1774 574/1693
f 2204/1696 2202/7872 3675/1698
f 949/1704 571/1703 572/1700
f 950/1707 561/1706 571/1703
f 951/1705 557/1787 561/1706
f 509/1713 515/1712 514/1709
f 510/1759 516/1758 515/1712
f 5027/1714 5028/4543 5081/1715
f 567/1664 566/1663 549/1718
f 570/1723 567/1664 550/1721
f 570/1726 480/1725 485/1662
f 568/1897 479/1526 480/1725
f 348/709 486/711 465/1728
f 348/1727 347/1729 438/1730
f 500/523 438/1730 475/1731
f 475/664 476/661 489/707
f 476/661 477/1734 490/704
f 431/1871 474/1870 477/1734
f 477/1734 474/1870 491/1737
f 936/1873 491/1265 474/1740
f 3676/1742 2201/4534 2184/1743
f 568/1724 570/1726 548/1746
f 954/1748 568/1745 547/1749
f 5043/1751 5042/10962 5092/1752
f 940/1754 511/4541 5028/1755
f 511/1757 517/724 516/1758
f 3631/7904 3639/7903 1023/1760
f 560/782 559/781 564/1762
f 558/779 560/778 565/854
f 528/1770 527/1769 522/1766
f 531/1773 592/1772 527/1769
f 574/1776 587/1775 592/1772
f 573/1774 586/1270 587/1775
f 586/1270 573/1774 828/1778
f 829/1779 828/1778 572/1781
f 585/1782 572/1781 571/1784
f 561/1789 563/1788 584/1785
f 557/776 558/775 563/1788
f 24/3 25/2 903/1791
f 905/40 904/39 3640/1794
f 25/138 26/137 905/1797
f 3678/7900 3679/7899 906/1800
f 182/648 461/647 912/1802
f 902/7950 909/7949 192/1803
f 461/638 456/12139 913/1805
f 941/7902 942/7944 523/1808
f 5015/10893 5014/10892 953/1750
f 557/1787 951/1705 952/1810
f 938/7939 939/7938 505/1812
f 937/7936 938/7935 499/1815
f 3680/7897 3681/7896 911/1818
f 3641/7894 3640/7893 904/1821
f 3643/1833 916/1583 919/1824
f 3682/1836 915/1835 907/1827
f 3677/1744 3683/7890 914/1525
f 3692/1830 3641/1820 908/1831
f 3643/7888 3684/7887 918/1581
f 3642/1825 919/1824 915/1835
f 862/2302 920/2304 917/1838
f 921/7857 922/7932 340/1841
f 923/1618 922/1617 3657/1844
f 923/1843 924/7931 76/1846
f 924/7930 925/7929 391/1848
f 3414/1627 925/1626 3660/1851
f 972/7927 927/7926 170/1854
f 928/1633 927/1632 3662/1857
f 928/1856 929/7924 399/1492
f 930/1639 929/1638 3664/1860
f 930/1859 931/7923 407/1862
f 931/7922 932/7921 415/1864
f 932/7919 933/7918 423/1867
f 934/7840 935/7916 474/1870
f 3683/7881 3680/7880 910/1653
f 936/7915 937/7914 495/794
f 3644/1879 943/1878 942/1875
f 3672/7910 944/7912 943/1878
f 531/1768 944/1686 945/1694
f 946/1692 945/1694 3673/1881
f 573/1774 946/1692 947/1884
f 828/1885 947/1884 948/1701
f 3645/1892 949/1891 948/1888
f 3646/1895 950/1894 949/1891
f 3634/1893 951/1705 950/1894
f 3670/7863 3671/7862 936/1739
f 568/1745 954/1748 955/1527
f 3653/1898 3676/12158 954/1748
f 3639/1899 940/1754 5029/1900
f 517/724 511/1757 940/1902
f 49/5495 51/5494 134/1903
f 51/5494 52/5493 133/1905
f 133/1905 52/5493 387/1908
f 3389/1910 3412/1507 440/1909
f 968/2269 956/2268 177/1912
f 879/1914 884/1529 179/1913
f 884/1529 879/1914 395/1916
f 873/1918 892/644 441/1917
f 892/644 873/1918 403/1920
f 403/12143 411/1140 442/634
f 411/1140 419/1161 462/627
f 427/5422 435/5471 464/1924
f 464/1924 435/5471 466/1926
f 473/699 466/1926 482/1927
f 483/693 482/1927 579/1928
f 534/10802 535/10804 578/1262
f 1692/10794 5009/10796 5008/1931
f 538/1933 537/5459 540/1934
f 540/5458 543/5457 544/1679
f 524/720 530/719 2354/1937
f 2331/4123 2332/5605 2411/1940
f 5203/1942 2331/1939 2344/1943
f 674/1945 690/1948 694/1946
f 690/2146 706/5433 710/1949
f 694/1950 710/1949 709/1952
f 706/5436 722/5435 726/980
f 726/980 722/5435 738/1955
f 754/5439 770/5438 774/1957
f 751/12132 767/331 769/1960
f 721/1962 719/345 735/1963
f 703/12133 719/360 721/1965
f 691/940 693/942 709/1967
f 686/927 691/926 707/1969
f 689/1537 673/5432 671/1971
f 654/2542 659/2545 675/1974
f 2336/1976 2416/12159 2412/1977
f 2333/1978 2412/1977 2408/1980
f 2296/1982 2342/12160 2341/1983
f 2338/4740 2324/4739 2325/1986
f 518/790 524/720 542/1989
f 512/851 518/790 539/1992
f 5022/848 512/851 536/1995
f 506/757 533/5461 577/1997
f 487/808 576/807 577/1999
f 486/711 487/710 481/2002
f 437/2004 465/1728 486/2001
f 432/672 465/671 437/2006
f 425/5474 417/5473 416/621
f 417/5477 409/5476 408/612
f 868/603 408/602 409/2011
f 893/1115 401/5481 400/55
f 887/1546 400/1545 401/2014
f 880/5483 176/1045 175/1495
f 958/214 175/213 176/2017
f 3388/2019 3410/5488 393/1486
f 211/2284 210/2283 223/2021
f 212/2281 211/2280 224/2024
f 227/488 370/487 371/2026
f 238/307 371/2026 372/2027
f 249/305 372/2027 373/2029
f 261/2030 373/2029 374/2032
f 271/2033 374/2032 375/2034
f 282/265 375/2034 376/2036
f 4077/2038 4087/12161 377/2039
f 377/2063 378/2065 317/2041
f 206/2277 212/2278 225/2043
f 206/2042 219/2044 220/2046
f 371/2026 370/487 228/2049
f 371/2048 239/2050 251/2052
f 262/2057 373/2056 372/2053
f 273/2060 374/2059 373/2056
f 284/382 375/2061 374/2059
f 296/407 376/2062 375/2061
f 4080/409 4087/12162 376/2062
f 377/2063 307/429 319/2064
f 3448/2066 3446/7378 138/2067
f 363/422 117/421 110/2069
f 362/401 110/2069 102/2070
f 361/428 102/2070 123/2071
f 364/1533 123/2071 93/2072
f 93/827 86/829 357/2073
f 357/2073 86/829 65/2075
f 68/1601 355/2078 356/2076
f 71/1600 354/508 355/2078
f 354/508 71/1600 74/2079
f 917/1838 921/1840 353/1307
f 3656/7859 3655/7858 2169/2080
f 770/12149 786/1437 790/1109
f 790/1109 786/1437 802/2082
f 19/2083 800/3965 2689/2084
f 22/1407 193/1409 191/215
f 15/1406 22/1405 23/57
f 8/1391 15/1390 16/148
f 2/595 8/1388 9/2090
f 1/151 39/154 40/2092
f 128/593 40/594 39/2094
f 47/589 128/593 129/1332
f 34/586 47/589 46/156
f 33/158 36/12130 37/2098
f 3461/2099 38/562 329/2100
f 3448/2066 139/2068 330/2103
f 139/2068 138/2067 149/2106
f 150/2107 149/2106 160/2109
f 161/2110 160/2109 194/2112
f 207/2047 220/2046 385/2115
f 221/12141 208/913 386/2116
f 230/282 231/492 220/2117
f 231/492 230/282 241/2119
f 241/304 253/324 254/2121
f 253/324 264/341 265/2123
f 276/457 265/467 264/2126
f 286/416 287/2129 276/2125
f 4083/418 4084/456 287/2129
f 299/2130 298/436 309/2131
f 596/875 600/896 581/2134
f 545/856 580/855 599/2136
f 580/863 582/862 601/2138
f 602/899 601/898 582/2141
f 2350/2143 2340/11252 5225/2144
f 690/1948 674/1945 2306/2147
f 2306/2149 2307/2494 657/2150
f 2363/2152 2364/12163 2415/2153
f 146/2155 130/518 597/2156
f 130/518 146/2155 532/2159
f 525/2163 594/2162 598/2160
f 526/2166 595/2165 594/2162
f 593/2169 607/2168 595/2165
f 591/2170 606/1267 607/2168
f 591/1269 590/1271 605/1268
f 590/1314 830/1316 831/893
f 830/867 589/866 604/2173
f 589/866 588/865 603/2176
f 588/865 581/1259 600/1258
f 675/1974 659/2545 661/1328
f 658/2180 674/1945 678/2181
f 202/512 671/1971 655/2184
f 668/951 672/953 656/2187
f 667/2205 683/2204 669/2190
f 682/2192 666/2203 665/2193
f 835/2535 664/2534 680/2196
f 663/2541 660/2540 676/1249
f 670/925 676/946 660/2199
f 664/2538 663/2537 679/2201
f 665/2532 835/2531 836/943
f 666/2203 682/2192 683/2204
f 669/931 668/933 652/2206
f 202/2183 121/2185 656/2208
f 673/2151 657/2150 655/2211
f 767/315 783/317 785/2214
f 785/2214 783/317 799/2217
f 821/2219 819/6378 2696/2220
f 967/133 969/135 178/2223
f 918/2263 971/2262 964/2226
f 897/2227 964/2226 965/2229
f 965/167 966/168 895/2231
f 966/171 967/170 894/2233
f 174/244 959/542 960/208
f 2347/11249 5226/11275 5219/2237
f 53/2257 962/2256 961/2240
f 31/2241 961/2240 960/186
f 342/2254 970/2253 958/2244
f 2359/2246 2360/2487 2335/2247
f 969/135 968/231 179/2250
f 29/7225 959/184 970/2253
f 54/2266 963/2265 962/2256
f 2168/2258 2188/1628 3661/2259
f 3684/7855 3678/7854 971/2262
f 926/7205 972/7856 963/2265
f 248/2267 293/5485 956/2268
f 28/2245 958/2244 957/2271
f 207/2114 386/2116 333/567
f 208/2274 196/503 333/2275
f 206/2045 207/2047 195/2113
f 194/230 200/229 212/2278
f 200/237 199/236 211/2280
f 199/243 198/242 210/2283
f 198/227 197/226 209/2286
f 197/226 201/310 214/2289
f 201/310 368/309 369/2292
f 203/2294 215/2297 369/2295
f 215/2297 203/2294 204/918
f 920/2304 977/2303 3686/2299
f 866/218 975/2395 976/2301
f 862/1272 973/2306 977/2303
f 867/1456 976/2301 974/2305
f 863/1602 974/2305 973/2306
f 3686/2299 977/2303 982/2308
f 975/2394 980/2393 981/2311
f 973/2318 978/2317 982/2314
f 974/2321 979/2320 978/2317
f 976/2312 981/2311 979/2320
f 982/2328 987/2327 3688/2322
f 980/2389 985/2391 986/2324
f 978/2331 983/2330 987/2327
f 979/2334 984/2333 983/2330
f 981/2325 986/2324 984/2333
f 909/7850 991/7849 988/2336
f 193/1409 861/1408 990/2339
f 861/1433 192/1432 988/2342
f 1014/2344 1019/12164 3647/2345
f 991/7847 995/7846 992/2348
f 3647/2345 1019/12164 1020/2351
f 989/2340 990/2339 994/2354
f 988/2349 992/2348 994/2356
f 993/2355 994/2354 998/2358
f 994/2356 992/2348 996/2361
f 992/2348 995/7846 999/2364
f 3648/7629 3699/7631 3700/2367
f 864/2374 1001/2373 1002/2370
f 191/2372 1000/12165 1001/2373
f 1001/2378 1004/2380 1005/2376
f 1001/2373 1000/12165 1003/2379
f 1005/2376 1004/2380 1007/2382
f 1004/2380 1003/2379 1006/2385
f 1000/12165 191/2372 193/2338
f 993/2357 1003/2388 1000/2387
f 997/2359 1006/2385 1003/2388
f 980/2389 1005/12166 1008/2390
f 1002/2392 1005/12166 980/2393
f 865/220 1002/2392 975/2395
f 447/2401 456/2400 460/2397
f 911/2399 913/1805 456/2400
f 3652/7845 3681/7844 2180/2403
f 3669/7842 3668/7841 2195/2405
f 933/2406 934/1869 431/2407
f 423/2408 431/2407 430/2410
f 422/2411 430/2410 429/2413
f 421/2414 429/2413 428/2416
f 434/2420 426/2419 420/2417
f 341/2418 318/530 426/2419
f 318/530 341/2418 432/2422
f 424/2423 432/2422 433/2424
f 2288/1181 2287/5472 425/2008
f 419/2425 427/1923 463/2426
f 462/2427 463/2426 450/2428
f 453/2429 449/653 454/625
f 448/659 449/631 453/2431
f 452/677 451/680 460/2433
f 758/1056 757/1058 741/2435
f 738/1521 754/2437 758/2434
f 2302/1523 2301/5437 754/2437
f 737/1964 735/1963 751/1959
f 379/332 751/12132 735/347
f 379/2439 360/346 736/2441
f 732/2446 748/2445 752/2442
f 733/2449 749/2448 748/2445
f 747/2447 763/1059 749/2448
f 763/1059 747/2447 746/2451
f 745/2453 761/1291 762/2452
f 745/1228 840/1025 841/1289
f 840/1025 744/1024 760/2455
f 744/1016 743/1015 759/2458
f 756/1222 759/1221 743/2461
f 750/1055 756/1054 740/2464
f 734/1009 739/1008 755/2466
f 739/1022 741/1021 757/2468
f 667/2205 651/1355 650/2470
f 852/2471 621/1302 620/2472
f 621/1302 852/2471 853/2475
f 651/1355 667/2205 653/2477
f 653/2191 652/2206 636/1350
f 609/2476 853/2475 854/2479
f 636/1350 652/2206 656/2481
f 121/2482 55/1345 640/1347
f 608/2480 854/2479 855/2484
f 272/912 103/874 612/2485
f 103/874 272/912 856/2486
f 2360/2487 2363/2152 2334/2488
f 55/1345 121/2482 655/2491
f 657/2496 641/2495 639/2492
f 2307/2494 2308/5615 641/2495
f 2355/5631 2356/5681 2328/2498
f 602/2140 583/2142 2349/2501
f 662/2182 646/12167 642/2503
f 857/1396 858/2512 615/2505
f 646/12167 662/2182 661/2507
f 643/1340 645/1339 661/2509
f 613/892 615/891 858/2512
f 610/877 613/876 859/2515
f 860/1321 846/1373 614/2517
f 846/1373 847/1374 617/2519
f 618/886 617/885 847/2522
f 832/895 618/894 848/2525
f 619/1266 832/895 849/906
f 619/2527 850/909 851/2473
f 650/1356 649/1359 665/2529
f 649/1362 834/1361 835/2531
f 834/1365 648/1364 664/2534
f 648/1368 647/1367 663/2537
f 647/1367 644/1369 660/2540
f 654/1973 660/2199 644/2543
f 638/1337 643/1336 659/2545
f 1038/2555 1036/2554 1032/2550
f 1042/2558 1040/2557 1036/2554
f 1046/2561 1044/2560 1040/2557
f 1050/2564 1048/2563 1044/2560
f 1054/2567 1052/2566 1048/2563
f 1058/2570 1056/2569 1052/2566
f 1062/2573 1060/2572 1056/2569
f 1066/2576 1064/2575 1060/2572
f 1070/2579 1068/2578 1064/2575
f 1074/2582 1072/2581 1068/2578
f 1078/2585 1076/2584 1072/2581
f 1082/2588 1080/2587 1076/2584
f 1086/2591 1084/2590 1080/2587
f 1090/2594 1088/2593 1084/2590
f 1094/2592 1092/2705 1088/2593
f 1096/2595 1092/2705 1094/2596
f 1100/2598 1096/2595 1098/2599
f 1104/2601 1100/2598 1102/2602
f 1108/2604 1104/2601 1106/2605
f 1112/2607 1108/2604 1110/2608
f 1116/2610 1112/2607 1114/2611
f 1120/2613 1116/2610 1118/2614
f 1124/2616 1120/2613 1122/2617
f 1128/2619 1124/2616 1126/2620
f 1132/2622 1128/2619 1130/2623
f 1136/2625 1132/2622 1134/2626
f 1140/2628 1136/2625 1138/2629
f 1144/2631 1140/2628 1142/2632
f 1148/2787 1144/2789 1146/2635
f 1152/2637 1148/2634 1150/2638
f 1156/2640 1152/2637 1154/2641
f 1032/2651 1031/2650 1155/2644
f 1158/2800 1157/2802 1033/2647
f 1036/2653 1035/2655 1031/2650
f 1034/2648 1033/2647 1037/2652
f 1036/2554 1040/2557 1039/2654
f 1038/2549 1037/2652 1041/2656
f 1044/2663 1043/2662 1039/2658
f 1042/2553 1041/2656 1045/2660
f 1048/2667 1047/2666 1043/2662
f 1046/2556 1045/2660 1049/2664
f 1052/2671 1051/2670 1047/2666
f 1050/2559 1049/2664 1053/2668
f 1056/2675 1055/2674 1051/2670
f 1054/2562 1053/2668 1057/2672
f 1060/2679 1059/2678 1055/2674
f 1058/2565 1057/2672 1061/2676
f 1064/2683 1063/2682 1059/2678
f 1062/2568 1061/2676 1065/2680
f 1068/2687 1067/2686 1063/2682
f 1066/2571 1065/2680 1069/2684
f 1072/2691 1071/2690 1067/2686
f 1070/2574 1069/2684 1073/2688
f 1076/2695 1075/2694 1071/2690
f 1074/2577 1073/2688 1077/2692
f 1080/2699 1079/2698 1075/2694
f 1078/2580 1077/2692 1081/2696
f 1084/2703 1083/2702 1079/2698
f 1082/2583 1081/2696 1085/2700
f 1088/2707 1087/2706 1083/2702
f 1086/2586 1085/2700 1089/2704
f 1092/2709 1091/2711 1087/2706
f 1090/2589 1089/2704 1093/2708
f 1092/2705 1096/2595 1095/2710
f 1098/2597 1094/2596 1093/2713
f 1096/2595 1100/2598 1099/2716
f 1102/2600 1098/2599 1097/2719
f 1100/2598 1104/2601 1103/2722
f 1106/2603 1102/2602 1101/2725
f 1104/2601 1108/2604 1107/2728
f 1110/2606 1106/2605 1105/2731
f 1108/2604 1112/2607 1111/2734
f 1114/2609 1110/2608 1109/2737
f 1112/2607 1116/2610 1115/2740
f 1118/2612 1114/2611 1113/2743
f 1116/2610 1120/2613 1119/2746
f 1122/2615 1118/2614 1117/2749
f 1120/2613 1124/2616 1123/2752
f 1126/2618 1122/2617 1121/2755
f 1124/2616 1128/2619 1127/2758
f 1130/2621 1126/2620 1125/2761
f 1128/2619 1132/2622 1131/2764
f 1134/2624 1130/2623 1129/2767
f 1132/2622 1136/2625 1135/2770
f 1138/2627 1134/2626 1133/2773
f 1136/2625 1140/2628 1139/2776
f 1142/2630 1138/2629 1137/2779
f 1140/2628 1144/2631 1143/2782
f 1146/2633 1142/2632 1141/2785
f 1148/2791 1147/2793 1143/2788
f 1150/2636 1146/2635 1145/2546
f 1148/2634 1152/2637 1151/2792
f 1154/2639 1150/2638 1149/2795
f 1152/2637 1156/2640 1155/2798
f 1158/2642 1154/2641 1153/2801
f 1034/2551 1032/2550 1156/2640
f 1183/2803 1176/2806 1175/2804
f 1176/2806 1169/2809 1168/2807
f 1169/2809 1162/2812 1161/2810
f 1162/2933 1200/2932 1199/2813
f 3366/7200 3367/7199 1188/2816
f 3368/7197 3366/7196 1189/2819
f 1508/2821 1294/12168 1503/2822
f 1503/2822 1294/12168 1224/2825
f 3595/3024 1009/3023 1012/2828
f 1185/2830 1179/2833 1178/2831
f 1179/2833 1172/2836 1171/2834
f 1172/2836 1165/2839 1164/2837
f 1165/4250 1203/4249 1202/2840
f 2063/4258 1185/4257 1184/2843
f 1221/2845 1216/12169 1217/2846
f 1221/2869 1220/2868 1215/2849
f 1220/2851 1219/12170 1214/2852
f 1224/3633 1225/3635 1228/2855
f 1502/4351 1558/4350 2027/2858
f 1230/4108 1227/4402 1228/2861
f 1222/2847 1217/2846 1181/2864
f 1238/2875 1237/2874 1221/2845
f 1237/2881 1236/2880 1220/2868
f 1235/2870 1219/12170 1220/2871
f 1242/2885 1241/2884 1237/2874
f 1508/2876 1245/12171 1246/2877
f 1241/2888 1240/2887 1236/2880
f 1240/2891 1239/2890 1235/2870
f 1250/2883 1249/12172 1241/2884
f 1249/2900 1248/2899 1240/2887
f 1248/2903 1247/2902 1239/2890
f 1329/3003 1330/3002 2049/2893
f 1282/2895 1249/12172 1250/2896
f 1282/2898 1284/2901 1248/2899
f 1284/2901 1285/3603 1247/2902
f 1289/2904 1200/12173 1202/2905
f 1266/2907 1258/4132 1259/2908
f 1262/2910 1269/2922 1270/2911
f 1265/2918 1257/2917 1258/2914
f 1264/3231 1256/3249 1257/2917
f 1273/2919 1266/2907 1267/2920
f 1269/3209 1276/3208 1277/2923
f 1272/2930 1265/2929 1266/2926
f 1271/2928 1264/2916 1265/2929
f 1164/2841 1202/2840 1200/2932
f 1162/2812 1169/2809 1171/2838
f 1169/2809 1176/2806 1178/2835
f 2126/2935 2128/3033 1418/2936
f 1176/2806 1183/2803 1184/2832
f 1200/12173 1289/2904 1290/2940
f 3596/2829 1012/2828 1011/2943
f 1203/2945 1291/4696 1292/2906
f 1238/2866 1222/2847 1174/2947
f 1159/2949 1242/2873 1238/2946
f 1242/2873 1159/2949 1197/2950
f 1287/2951 1283/2897 1250/2883
f 1267/2909 1259/2908 1204/2953
f 1191/2954 1194/12174 1274/2921
f 1503/2824 1515/3354 2045/2955
f 2130/5021 2123/5020 1371/2957
f 2123/5024 2124/5023 1375/2960
f 2125/2967 1384/2966 1375/2963
f 2126/2935 1395/2937 1384/2966
f 1305/2968 1316/2997 1317/2969
f 1311/2974 1300/2976 1301/2972
f 1311/2974 1310/3200 1299/2975
f 1313/2985 1302/2984 1296/2978
f 2118/3348 2119/5029 1188/2981
f 1312/2983 1301/7349 1302/2984
f 1321/3182 1310/3181 1311/2987
f 1324/2994 1313/2993 1307/2990
f 1323/2992 1312/2983 1313/2993
f 1326/3042 1327/3041 1317/2996
f 1322/2988 1311/2987 1312/2999
f 2121/5035 2120/5034 1330/3002
f 2120/5038 2119/5037 1331/3005
f 2047/3034 2048/4283 1331/3008
f 2129/5041 2117/5040 1333/3011
f 1349/4899 1181/4901 1217/3014
f 1216/2850 1215/2849 2025/3017
f 3555/7746 2173/7748 2182/3020
f 3598/5134 1014/5133 1009/3023
f 1355/3161 1321/3160 1322/3026
f 1358/3039 1324/3038 1318/3029
f 2127/3031 1406/12175 1418/3032
f 2047/3007 1453/3046 1502/3035
f 1357/3037 1323/2992 1324/3038
f 1361/5086 1362/5087 1327/3041
f 1356/3027 1322/3026 1323/3044
f 1332/3350 1510/3349 1453/3046
f 1293/3344 1509/3343 1501/3048
f 1798/3050 1213/4147 1208/3051
f 3369/7194 3370/7193 1186/3054
f 1475/4847 1463/4849 1459/3057
f 4089/3059 4090/12176 1452/3060
f 1452/3060 1440/12177 1436/3062
f 1425/3063 1436/3062 1440/3064
f 1393/3066 1382/4823 1383/3067
f 1397/3093 1398/3092 1387/3070
f 1392/3075 1381/3077 1382/3073
f 1392/3075 1391/12178 1380/3076
f 1394/3068 1383/3067 1377/3079
f 1429/3065 1419/3085 1414/3081
f 1361/3040 1326/3042 1525/3083
f 1419/3085 1407/3103 1402/3086
f 1970/6308 2724/6307 2742/3089
f 1409/3135 1410/3134 1398/3092
f 1403/3099 1392/3098 1393/3095
f 1402/3105 1391/3104 1392/3098
f 1405/3118 1394/3117 1388/3101
f 1407/3103 1396/3109 1391/3104
f 1325/3106 1359/12179 1526/3084
f 1385/3302 1380/3304 1391/3108
f 1177/3948 1170/3947 1942/3111
f 1170/3904 1163/3903 1926/3114
f 1404/3116 1393/3066 1394/3117
f 1414/3087 1402/3086 1403/3120
f 1411/3141 1417/3140 1405/3100
f 1524/3123 1525/3083 1326/2995
f 1386/3071 1387/3070 1374/3125
f 1926/3114 1163/3903 1537/3128
f 1416/3130 1404/3116 1405/3131
f 1420/3151 1421/3150 1410/3134
f 1415/3121 1403/3120 1404/3137
f 1422/3179 1428/3178 1417/3140
f 1525/3083 1524/3123 1314/3142
f 1518/3820 1517/3819 1878/3144
f 1427/3146 1416/3130 1417/3147
f 1431/3170 1432/3169 1421/3150
f 1426/3157 1415/3156 1416/3153
f 1425/3063 1414/3081 1415/3156
f 1316/2997 1305/2968 1523/3158
f 1359/12179 1325/3106 1321/3160
f 1878/3144 1517/3819 1516/3163
f 1438/3165 1427/3146 1428/3166
f 1442/3168 1443/12180 1432/3169
f 1437/3176 1426/3175 1427/3172
f 1436/3062 1425/3063 1426/3175
f 1433/3197 1439/3196 1428/3178
f 1325/3106 1314/3142 1310/3181
f 1449/3183 1438/3165 1439/3184
f 1455/3186 1443/12180 1442/3187
f 1448/3194 1437/3193 1438/3190
f 1447/3061 1436/3062 1437/3193
f 1444/3195 1450/3185 1439/3196
f 1314/3203 1303/3202 1299/3199
f 1524/3123 1523/3158 1303/3202
f 3464/3204 3474/7433 1277/3205
f 1520/3207 1521/7425 1276/3208
f 4092/3210 1449/3183 1450/3211
f 4094/3213 1455/3186 1454/3214
f 4095/3221 1448/3220 1449/3217
f 4089/3059 1447/3061 1448/3220
f 4091/3212 1450/3211 1444/3223
f 3427/3225 1523/3158 1305/3226
f 3465/3228 1521/4868 1275/3229
f 1264/2916 1271/2928 1275/3232
f 1520/3207 1269/3209 1262/3235
f 1478/3237 1466/8963 1465/3238
f 1471/3243 1460/3245 1461/3241
f 1471/8864 1470/8866 1459/3244
f 1473/3255 1462/3254 1456/3247
f 1268/4871 1260/4870 1256/3249
f 3466/3230 1275/3229 1271/3251
f 1472/3253 1461/12181 1462/3254
f 1493/3256 1468/12182 1457/3257
f 1469/8911 1493/8913 1492/3260
f 1445/3262 1494/12183 4098/3263
f 1494/12183 1445/3262 1434/3266
f 1458/3261 1492/3260 4098/3269
f 1446/5409 1494/8953 1539/3272
f 1538/3274 1424/5405 1435/3273
f 1539/3267 1434/3266 1423/3275
f 1424/5405 1538/3274 1540/3277
f 1413/3278 1540/3277 1541/3280
f 1401/3281 1541/3280 1542/3283
f 1390/3284 1542/3283 1543/3286
f 1527/3294 1528/3293 1386/3124
f 1538/3274 1423/3275 1412/3290
f 1372/3292 1385/4826 1528/3293
f 1540/3291 1412/3290 1400/3296
f 1541/3297 1400/3296 1389/3299
f 1378/4853 1543/4917 1542/3300
f 1385/4826 1372/3292 1367/3303
f 1380/3304 1367/3303 1368/3305
f 1354/5068 1491/5067 1490/3307
f 1513/4884 1514/4883 1495/3310
f 1512/4887 1513/4886 1496/3313
f 1846/3315 1363/3764 1360/3316
f 1784/3052 1208/3051 1430/3319
f 1770/3321 1261/3680 1288/3322
f 1295/3521 1304/3523 1690/3325
f 1658/3327 1506/3512 1376/3328
f 2031/3347 1441/3346 1504/3331
f 1576/3338 1464/3337 1476/3334
f 1568/3332 1504/3331 1464/3337
f 3371/7191 3369/7190 1500/3340
f 1294/12168 1508/2821 1509/3343
f 1560/3036 1502/3035 1441/3346
f 2118/2980 2129/5046 1510/3349
f 1245/12171 1508/2876 1507/3352
f 1495/3310 1514/4883 1515/3354
f 1320/3308 1490/3307 1489/3356
f 1309/3357 1489/3356 1488/3359
f 3467/3252 1271/3251 1272/3362
f 3468/3363 1272/3362 1273/3365
f 1196/4912 1487/4911 1486/3368
f 1485/3370 1206/12184 1193/3369
f 1490/3307 1491/5067 1353/3372
f 1290/4277 1206/4279 1485/3375
f 1489/3356 1490/3307 1319/3378
f 1484/3376 1483/12185 1199/2941
f 1488/3359 1489/3356 1308/3381
f 3469/3383 1273/2919 1274/3384
f 3470/3385 1274/3384 1194/3387
f 1487/3389 1195/4909 1192/3390
f 1161/2814 1199/2813 1483/3393
f 1205/3398 1485/3397 1486/3391
f 1482/3394 1481/3452 1168/2811
f 1286/3401 1484/3400 1485/3397
f 1198/3399 1483/12185 1484/3400
f 1483/12185 1198/3399 1160/3402
f 2028/4276 2037/4275 1562/3404
f 1441/2859 2027/2858 1566/3407
f 2030/4292 2028/4291 1563/3410
f 1563/3405 1562/3404 1570/3413
f 1504/3408 1566/3407 1574/3416
f 1564/3411 1563/3410 1571/3419
f 1571/3414 1570/3413 1578/3422
f 1464/3417 1574/3416 1582/3425
f 1572/3420 1571/3419 1579/3428
f 1600/3439 1617/3441 1612/3431
f 1342/3457 1602/3456 1603/3434
f 1602/3460 1606/3459 1607/3437
f 1600/4716 1601/4718 1344/3440
f 1619/4581 1614/4583 1618/3443
f 3556/3021 2182/3020 2181/3446
f 2051/4714 1599/4713 1345/3449
f 1341/4284 1340/4286 1619/3442
f 1481/3452 1480/4235 1175/2808
f 1343/3435 1603/3434 1617/3441
f 1607/5211 1612/5210 1617/3454
f 1341/3451 1613/3444 1602/3456
f 1613/3444 1618/3443 1606/3459
f 1588/5194 1587/5193 1634/3462
f 1587/5197 1586/5196 1633/3465
f 1596/4522 1633/4521 1586/3468
f 1505/3470 1596/4519 1592/3471
f 1499/5199 1590/5200 1623/3473
f 1621/5208 1608/5207 1604/3475
f 1616/3477 1604/3475 1608/3478
f 1616/3477 1611/3479 1610/3481
f 1615/3482 1610/3481 1609/3484
f 1597/4447 1594/4446 1609/3487
f 1630/3495 1642/3497 1636/3490
f 1626/3492 1627/12186 1637/3493
f 1630/3495 1629/3501 1643/3496
f 1628/3491 1636/3490 1641/3499
f 1629/3501 1626/3492 1638/3502
f 1604/3475 1628/3498 1631/3504
f 1647/3510 1651/3509 1652/3506
f 1646/3650 1650/3609 1651/3509
f 1628/3498 1604/3475 1616/3511
f 1506/3512 1644/12187 1645/3513
f 1679/3518 1684/3520 1685/3516
f 1679/3518 1678/12188 1683/3519
f 1295/3521 1682/5544 1688/3522
f 3600/3524 1025/7878 1024/3525
f 1680/3527 1681/4584 1675/3528
f 1673/3539 1679/3538 1680/3527
f 5049/7797 3558/7796 2200/3532
f 3602/4677 3601/7794 1027/3535
f 1672/3542 1678/3541 1679/3538
f 1677/3540 1687/12189 1678/3541
f 3604/3543 1016/10842 1022/3544
f 1656/3551 1662/3550 1663/3547
f 1655/3552 1661/3554 1662/3550
f 1655/3552 1654/12190 1660/3553
f 1665/10866 1660/10868 1654/3556
f 1665/3555 1734/3557 1315/3559
f 1315/3610 1735/3611 1664/3561
f 5033/3567 1707/3566 1706/3563
f 5034/3570 1709/3569 1707/3566
f 5035/3573 1708/3572 1709/3569
f 5036/3576 1705/3575 1708/3572
f 5037/3574 1693/12191 1705/3575
f 1717/3582 1712/3581 1711/3578
f 1719/3585 1714/3584 1712/3581
f 1718/3588 1713/3587 1714/3584
f 1715/3586 1710/10876 1713/3587
f 1710/10876 1715/3586 1699/3590
f 1687/12189 1677/3540 1201/3592
f 1676/3593 1682/5544 1295/3324
f 3603/3545 1022/3544 1015/3595
f 1656/3546 1657/3548 1653/3598
f 1651/3606 1655/3605 1656/3597
f 1281/4875 1251/4874 1247/3602
f 1650/3609 1654/3608 1655/3605
f 1659/3607 1734/3557 1654/3608
f 1315/3559 1734/3557 1659/3329
f 1376/3514 1645/3513 1735/3611
f 2208/8950 1466/8952 1478/3613
f 2209/3620 1455/3619 4094/3616
f 2210/3623 1443/3622 1455/3619
f 2211/3621 1432/3169 1443/3622
f 2211/3624 1424/3276 1413/3625
f 2212/3626 1413/3625 1401/3628
f 1251/3630 1244/4219 1239/3631
f 1224/2825 1294/12168 1293/3634
f 2037/4305 2031/4304 1568/3637
f 1562/3638 1568/3637 1576/3640
f 1570/3641 1576/3640 1584/3643
f 2069/3645 1597/3486 1605/3646
f 1629/3501 1630/3495 1616/3480
f 1626/3492 1629/3501 1615/3483
f 1646/3650 1658/3327 1659/3607
f 5039/3651 1670/3654 1190/3652
f 1670/3654 1676/3593 1201/3655
f 1683/3519 1678/12188 1687/3326
f 1739/3667 1723/3666 1724/3659
f 1722/4072 1740/4071 1704/3660
f 1721/3662 1741/4941 1742/3663
f 1741/4941 1721/3662 1723/3666
f 1747/3668 1743/12192 1744/3669
f 1989/3671 1748/3670 1744/3672
f 1751/4558 1685/4557 1684/3675
f 1753/4958 1757/4957 1771/3678
f 1261/5271 1771/5270 1757/3681
f 1772/3700 1758/3699 1755/3684
f 2214/3697 1398/3696 1410/3687
f 1754/4961 1753/4960 1767/3690
f 1776/3692 1762/4972 1763/3693
f 2215/3695 1387/3070 1398/3696
f 1774/3698 1760/4938 1758/3699
f 1777/3694 1763/3693 1990/3702
f 1759/4069 1773/4068 1769/3685
f 1760/4938 1774/3698 1775/3706
f 1766/4964 1754/4963 1768/3709
f 2007/3716 1791/3715 1790/3712
f 2008/3719 1992/3718 1791/3715
f 2009/3717 1792/4163 1992/3718
f 1208/4149 1785/4148 2014/3721
f 2215/3723 1379/4918 1366/3724
f 2217/3726 1362/12193 1374/3727
f 2218/3729 2217/12194 1354/3306
f 2219/3730 1317/2996 1327/3731
f 1850/3748 1834/3750 1829/3734
f 2219/3736 1309/3358 1298/3737
f 1828/3739 1827/3761 1843/3740
f 1854/3742 1838/4997 1839/3743
f 2220/3738 1298/3737 3434/3746
f 1850/3748 1852/12195 1836/3749
f 1855/3744 1839/3743 1995/3752
f 1835/4051 1851/4050 1845/3735
f 1837/4131 1836/4130 1852/3756
f 1842/4988 1828/4987 1844/3759
f 1827/3761 1831/12196 1847/3762
f 1363/4054 1847/4053 1831/3765
f 1851/3767 1867/3789 1861/3768
f 1867/3789 1851/3767 1854/3771
f 1870/3772 1854/3771 1855/3774
f 1871/3775 1855/3774 1996/3777
f 1856/3780 1872/3782 1997/3778
f 1856/4055 1857/4057 1873/3781
f 1857/4102 1858/3760 1874/3784
f 1887/3813 1871/3812 1997/3787
f 1867/3770 1883/4040 1877/3790
f 1868/3792 1884/3843 1885/3793
f 1874/4044 1860/4043 1876/3796
f 1859/4048 1863/4047 1879/3799
f 1879/3799 1863/4047 1516/3802
f 1882/3817 1866/3816 1861/3791
f 2221/7428 1196/7427 1193/3806
f 1859/3798 1875/3800 1876/3809
f 1886/3811 1870/3773 1871/3812
f 2222/3814 2223/3826 1263/2912
f 1884/3843 1868/3792 1866/3816
f 1895/3818 1879/3801 1517/3819
f 1898/3838 1882/3837 1877/3822
f 2224/3833 1278/3835 1263/3825
f 1875/3849 1891/3851 1892/3828
f 1902/3830 1886/3811 1887/3831
f 2224/3833 2225/3854 1254/3834
f 1900/3836 1884/3815 1882/3837
f 1903/3832 1887/3831 1998/3840
f 1883/4039 1899/4038 1893/3823
f 1884/3815 1900/3836 1901/3844
f 1890/3797 1876/3796 1892/3847
f 1875/3800 1879/3799 1895/3850
f 2226/5383 1255/5385 1254/3853
f 1210/4701 1545/4700 2227/3856
f 3424/3858 2227/3856 1545/3859
f 2116/5060 1474/5062 2228/3862
f 2229/3863 2230/5374 1334/3864
f 1932/3865 1916/5251 1914/3866
f 1935/3895 1919/3894 2000/3869
f 1915/4030 1931/4029 1925/3872
f 1917/3874 1916/5251 1932/3875
f 1922/5233 1908/5232 1924/3878
f 1907/5227 1911/5226 1927/3881
f 1163/3883 1927/3881 1911/3884
f 1930/3867 1914/3866 1909/3873
f 1335/3887 2038/12197 2231/3888
f 1908/5230 1907/5229 1923/3891
f 1934/3893 1918/5241 1919/3894
f 1938/3879 1924/3878 1940/3897
f 1923/3882 1927/3881 1943/3900
f 1943/3900 1927/3881 1163/3903
f 1946/3920 1930/3919 1925/3906
f 1559/4812 2039/4814 2231/3909
f 1924/3892 1923/3891 1939/3912
f 1951/3926 1950/3925 1934/3893
f 2233/3915 2232/5373 1553/3916
f 1948/3918 1932/3865 1930/3919
f 2002/3935 1951/3934 1935/3868
f 1925/3872 1931/4029 1947/3922
f 1932/3865 1948/3918 1949/3923
f 1967/3924 1966/4018 1950/3925
f 2234/3927 1567/4808 2052/3928
f 1964/3930 1948/3918 1946/3931
f 2003/3933 1967/3924 1951/3934
f 1947/3922 1963/12198 1957/3936
f 1948/3918 1964/3930 1965/3938
f 1954/3898 1940/3897 1956/3941
f 1939/3901 1943/3900 1959/3944
f 1959/3944 1943/3900 1170/3947
f 1962/3932 1946/3931 1941/3907
f 2234/3950 1561/12199 1569/3951
f 1940/3913 1939/3912 1955/3954
f 1280/1160 2713/1159 2712/3957
f 1986/3959 1985/1164 2740/3960
f 122/3962 815/6356 2675/3963
f 800/3965 796/6291 2688/3966
f 1964/3968 1962/6368 2719/3969
f 2235/3952 1569/3951 1577/3972
f 1972/3974 1986/3959 2730/3975
f 823/3977 824/1201 2699/3978
f 820/3980 823/3977 2698/3981
f 812/6346 2694/6345 2693/3984
f 804/6381 2684/6380 2678/3987
f 2238/3992 1595/3994 1591/3990
f 2238/3992 2239/3995 1625/3993
f 2239/3995 2240/4000 1639/3996
f 2241/3998 1736/4792 1639/3999
f 2241/4001 1738/12200 1692/1930
f 797/4002 811/6329 2686/4003
f 5037/4005 1696/4734 5007/4006
f 2243/4008 2244/4063 1697/4009
f 1981/4086 2728/4088 2729/4012
f 1285/3603 1256/3249 1260/4014
f 1256/3249 1285/3603 1284/4016
f 1966/4018 1963/12198 1947/4019
f 1969/4021 1968/12201 1952/4022
f 1936/4033 1937/4032 1953/4023
f 1934/3893 1950/3925 1947/4026
f 1918/5241 1934/3893 1931/4029
f 1920/5236 1921/5235 1937/4032
f 1905/4034 1904/12202 1888/4035
f 1886/3811 1902/3830 1899/4038
f 1870/3773 1886/3811 1883/4040
f 1872/3782 1873/3781 1889/4036
f 1858/3760 1844/3759 1860/4043
f 1844/3741 1843/3740 1859/3808
f 1843/3763 1847/3762 1863/4047
f 1838/4997 1854/3742 1851/4050
f 1516/3802 1863/4047 1847/4053
f 1856/4055 1840/12203 1841/4056
f 1257/4017 1284/4016 1282/4059
f 2245/4061 1700/4782 1697/4062
f 2343/4064 2325/12204 5204/4065
f 1762/4972 1776/3692 1773/4068
f 1743/12192 1747/3668 1740/4071
f 1636/4073 1728/4460 1737/4074
f 1649/4526 1648/4528 1652/3599
f 1765/4103 1779/4105 1778/4078
f 1750/4080 1749/4112 1745/4081
f 2021/5096 2022/5095 1229/4084
f 1981/4086 1977/6322 2747/4087
f 1965/6299 2723/6249 2748/4090
f 2002/3921 1952/4095 1968/4092
f 1970/3942 1969/4021 1953/4093
f 1954/3940 1953/4093 1937/4094
f 2001/3870 1936/4096 1952/4095
f 2000/5237 1920/5236 1936/4096
f 1938/3896 1937/4094 1921/4097
f 1889/4036 1890/3846 1906/4098
f 1890/3846 1889/4036 1873/3785
f 1363/3764 1846/3315 1862/3164
f 1846/3315 1848/4766 1864/4100
f 1857/4057 1841/4056 1842/3758
f 1765/4967 1766/4966 1780/4104
f 1746/4561 1751/4560 1752/4106
f 1497/4110 1498/4109 1511/4107
f 1230/2860 1233/4111 1498/4109
f 1231/2862 1234/4628 1233/4111
f 1749/4112 1989/3671 1988/4113
f 1764/4079 1778/4078 1991/3703
f 2018/4121 1786/4120 1788/4117
f 2019/4119 1783/4138 1786/4120
f 1840/12203 1856/4055 1996/3753
f 2331/1939 5203/1942 2326/4124
f 2326/4126 2325/1986 2324/2499
f 1872/4041 1888/4035 1998/3788
f 1888/4035 1904/12202 1999/3841
f 1821/5285 1820/5291 1836/4130
f 1258/4132 1282/2895 1283/4133
f 1259/4134 1283/4133 1287/4136
f 1783/4138 1797/12205 1802/4139
f 1786/4140 1802/4139 1804/4142
f 1789/4202 1788/4201 1804/4145
f 1213/5265 1799/5264 1785/4148
f 1781/4192 1785/4191 1799/4151
f 1782/4189 1781/4188 1795/4154
f 1794/4183 1782/4186 1796/4157
f 1809/4159 1793/12206 1794/4156
f 1793/12206 1809/4159 1808/4161
f 1792/4162 1808/4161 1993/4164
f 1992/4165 1993/4164 1807/4167
f 1791/4168 1807/4167 1806/4170
f 1803/4175 1787/4174 1790/4171
f 1797/12205 1783/4138 1787/4174
f 1783/4138 2019/4119 2005/4177
f 1787/4178 2005/4177 2006/3713
f 1793/4160 1792/4162 2009/4181
f 1794/4156 1793/12206 2010/4184
f 2011/5255 2012/5256 1782/4186
f 2012/5261 2013/5260 1781/4188
f 2013/5268 2014/5267 1785/4191
f 1166/4196 1481/4195 1482/3394
f 1173/4209 1480/4208 1481/4195
f 806/6385 2685/6241 2680/4198
f 2016/4200 2017/4118 1788/4201
f 2058/4316 2034/4318 2033/4204
f 1342/4322 2036/4324 2035/4206
f 1180/4207 1479/4233 1480/4208
f 2020/4210 1479/4233 1180/4211
f 1234/4628 1231/2862 1548/4214
f 3420/4420 1549/4419 1548/4217
f 1244/4881 1223/4880 1235/4220
f 1219/12170 1235/2870 1223/4223
f 1547/4225 1548/4214 1231/2862
f 1546/4226 1547/4225 1228/4227
f 1225/3635 1293/3634 1552/4229
f 1509/2878 1246/2877 1550/4231
f 1479/4236 1182/4238 1175/4234
f 1479/4233 2020/4210 1350/4237
f 2248/4239 2247/12207 1960/4240
f 2249/4242 1929/12208 1945/4243
f 1291/4696 1203/2945 1346/4246
f 1347/4395 1346/4394 1203/4249
f 1165/2839 1172/2836 1348/4251
f 2023/3015 1217/3014 1216/4253
f 1329/3003 1328/4633 2122/4255
f 2067/4369 1339/4368 1185/4257
f 1215/2853 1214/2852 2026/4260
f 1328/4633 1329/3003 1243/4263
f 2249/4265 1928/4757 1912/4266
f 2057/4205 2033/4204 2075/4269
f 1345/4282 2044/4281 2041/4272
f 1555/4355 1554/4354 2037/4275
f 1290/2940 1289/2904 1207/4278
f 1599/4280 2043/4338 2044/4281
f 1560/3036 1554/12209 2048/4283
f 1341/3455 2035/4206 1218/4285
f 1255/5385 1551/5384 1550/4288
f 1556/4293 1555/4356 2028/4291
f 1556/4293 1557/4639 1252/4264
f 1510/3012 1333/3011 2046/4295
f 1330/3006 1331/3005 2048/4298
f 2060/4273 2041/4272 2042/4301
f 1554/12209 1560/3036 2031/4304
f 1179/2833 1185/2830 1339/4307
f 1172/2836 1179/2833 1338/4310
f 3398/4312 3421/4704 1598/4247
f 1255/4287 1246/4289 1245/4314
f 2058/4316 2059/4302 2042/4317
f 1557/4639 1556/4293 2030/4320
f 1342/3433 1343/3435 2050/4323
f 1340/4286 1218/4285 2074/4326
f 1344/4334 2040/4333 2050/4328
f 1564/3418 1565/4357 2029/4321
f 2252/4329 1881/12210 1897/4330
f 1601/4332 2051/3448 2040/4333
f 1637/3493 1627/12186 2073/4336
f 2043/4710 1337/4709 1336/4339
f 1253/3353 1522/4400 1519/3236
f 2252/4342 1880/4761 1864/4343
f 2253/4344 1864/4343 1848/4346
f 1253/4341 1278/4348 1254/4315
f 1262/2910 1263/2912 1278/4348
f 1453/4296 2046/4295 1558/4350
f 3418/4352 3395/12211 1546/4226
f 2049/4299 2048/4298 1554/4354
f 1243/2894 2049/2893 1555/4356
f 1572/3427 1573/4358 1565/4357
f 1580/3429 1581/4647 1573/4358
f 2044/4340 1336/4339 2053/4360
f 3399/4362 3422/4393 1347/4248
f 3399/4362 1348/4251 1338/4364
f 3401/4366 3400/4365 1338/4308
f 3402/4367 3401/4366 1339/4368
f 2050/4328 2040/4333 1345/4271
f 2041/4361 2053/4360 2054/4372
f 2034/4318 2042/4317 2054/4375
f 2034/4374 2055/4376 2056/4378
f 2033/4379 2056/4378 2077/4381
f 2036/4389 2059/4302 2058/4384
f 1218/4392 2057/4391 2078/4387
f 2036/4324 2050/4323 2060/4300
f 2035/4385 2058/4384 2057/4391
f 3422/4393 3398/4312 1346/4394
f 1229/4396 1214/2852 1219/4222
f 1214/2852 1229/4396 2022/4398
f 1507/2823 2045/2955 1522/4400
f 1495/2826 1224/2825 1227/4401
f 1497/3314 1496/3313 1227/4402
f 3560/4891 2169/4890 2186/4404
f 3562/4406 2175/12152 2176/4407
f 2081/4409 1498/4109 1233/4410
f 3564/4417 2171/4416 2170/4413
f 3565/4415 2177/12153 2171/4416
f 3423/4632 2084/4631 1549/4419
f 3567/4421 2172/12154 2188/4422
f 2086/4424 1328/4262 1252/4425
f 3569/4427 2193/12155 2205/4428
f 2088/4430 1557/4319 2029/4431
f 3571/4438 2178/4437 2206/4434
f 3572/4441 2194/4440 2178/4437
f 3573/5189 2195/5188 2194/4440
f 3575/4442 2197/7861 2196/4443
f 1627/12186 1626/3492 1594/4446
f 1627/4445 1597/4447 2069/4449
f 3605/3596 1015/3595 2198/4452
f 1728/4460 1636/4073 1642/4455
f 1725/4456 1642/4455 1643/4458
f 1728/4460 1705/3575 1693/4461
f 1705/3575 1728/4460 1725/4464
f 5038/4466 5041/12212 1665/3558
f 510/10925 5075/10927 5083/4467
f 1201/3592 1677/3540 1671/4468
f 1671/4468 1677/3540 1672/4470
f 1715/4472 1721/3662 1702/4473
f 1721/3662 1715/4472 1718/4476
f 2102/4659 2101/4658 1681/4479
f 2103/4662 2102/4661 1686/4482
f 3578/4484 2203/12157 2199/4485
f 2105/4487 2104/12213 1733/4488
f 3579/4666 3580/7765 2204/1696
f 3581/4490 2202/7872 2204/4491
f 2108/4673 2107/4672 1731/4494
f 2109/4676 2108/4675 1730/4497
f 2110/4679 2109/4678 1720/4500
f 1667/10932 1666/10934 1672/3537
f 1668/10935 1667/10937 1673/3530
f 5099/4504 5106/11006 5105/4505
f 5080/10991 5082/10990 5074/4508
f 1708/4465 1725/4464 1726/4511
f 1709/4512 1726/4511 1729/4514
f 1729/4514 1726/4511 1643/3503
f 1727/4517 1729/4516 1638/3494
f 1623/4798 1644/4797 1506/4518
f 1506/3512 1658/3327 1596/4519
f 1658/3327 1646/3650 1633/4521
f 1647/3505 1634/4524 1633/4523
f 1648/4528 1635/4527 1634/4524
f 1635/3463 1632/4650 1589/4525
f 1649/4526 1632/4650 1635/4527
f 1632/4650 1649/4526 2095/4530
f 3582/4688 3583/7763 2184/4533
f 1707/4515 1729/4514 1727/4536
f 1706/4537 1727/4536 2113/4539
f 511/1757 5083/4467 5081/4542
f 5045/4544 1669/4694 2099/4545
f 1674/3529 1675/3528 1669/4547
f 3599/3526 1024/3525 1023/4549
f 1723/4477 1718/4476 1719/4552
f 1724/4553 1719/4552 1717/4554
f 1686/4480 1681/4479 1680/3517
f 1689/4483 1686/4482 1685/4557
f 1733/4559 1689/4556 1751/4560
f 1732/4489 1733/4488 1746/4082
f 1745/4114 1988/4113 1987/4563
f 1988/3673 1744/3672 1731/4565
f 1744/3669 1743/12192 1730/4495
f 1720/4498 1730/4497 1743/4070
f 1722/3661 1717/4554 1716/4501
f 1182/4238 2061/4580 2062/4569
f 3607/4600 2063/4599 2064/4571
f 1183/2803 2062/4569 2064/2844
f 3584/5053 2130/5052 2065/4575
f 1340/4325 2066/4327 2071/4578
f 1350/5129 2068/5128 2061/4580
f 1619/4579 2071/4578 2072/4582
f 1681/4479 2101/4658 2100/4585
f 5032/3564 1706/3563 2112/4588
f 1716/3579 1711/3578 2111/4590
f 1663/10858 2098/10860 2097/4591
f 1657/3548 2097/4591 2096/4593
f 3586/4655 2069/4654 2070/4596
f 3608/4612 2067/4611 2063/4599
f 2078/4270 2075/4269 3610/4602
f 2066/4327 2074/4326 3588/4605
f 3583/4607 2114/4337 2073/4608
f 3620/4610 3402/4367 2067/4611
f 3610/4602 2075/4269 2077/4614
f 2074/4388 2078/4387 3609/4617
f 2021/4083 1232/4085 2076/4620
f 1498/4109 2081/4409 2080/4623
f 3562/4625 2081/4409 2082/4626
f 1234/4213 2083/4629 2082/4411
f 1549/4419 2084/4631 2083/4629
f 3619/7732 3565/7731 2084/4631
f 1328/4262 2086/4424 2131/4634
f 3567/4636 2086/4424 2087/4637
f 1557/4319 2088/4430 2087/4426
f 3569/4640 2088/4430 2089/4641
f 1565/4646 2090/4645 2089/4432
f 1573/4649 2091/4648 2090/4645
f 1581/4647 2092/7770 2091/4648
f 1632/4529 2094/4531 2093/4651
f 3589/4609 2073/4608 2069/4654
f 1653/4594 2096/4593 2095/4656
f 3611/7724 3600/7723 2101/4658
f 3577/4486 3611/7721 2102/4661
f 1689/4556 1733/4559 2104/4663
f 3578/4664 2104/12213 2105/4665
f 1732/4562 1987/4563 2106/4667
f 1987/4566 1731/4565 2107/4669
f 3612/7717 3581/7716 2107/4672
f 3613/7714 3612/7713 2108/4675
f 3602/3534 3613/7711 2109/4678
f 3575/4680 2094/4531 2095/4681
f 1727/4517 1637/3493 2114/4684
f 3558/4686 2112/4540 2113/4687
f 5046/4546 2099/4545 3606/4690
f 1675/4586 2100/4585 2099/4693
f 1292/4698 1209/4697 1207/4695
f 1291/4699 1210/4701 1209/4697
f 1291/4245 1598/4247 1545/4700
f 3397/3860 1545/3859 1598/4703
f 2127/4705 1337/12214 1335/4706
f 2038/12197 1335/3887 1337/4709
f 2043/4338 1599/4280 1553/4711
f 2032/3917 1553/3916 1599/4713
f 2051/3448 1601/4332 1561/4715
f 1600/3430 1569/4719 1561/4717
f 1620/3432 1577/3972 1569/4719
f 1622/4721 1593/4723 1585/4720
f 1622/3476 1631/3504 1624/4722
f 1631/3500 1641/3499 1640/4725
f 1641/4075 1737/4074 1738/4728
f 1692/1930 1738/12200 1737/4462
f 2294/4731 537/10812 5002/4732
f 1696/3591 1699/3590 1698/4735
f 1702/4473 1701/5348 1698/4737
f 2352/5629 2355/5631 2324/4739
f 2394/5347 2319/5346 2318/4742
f 2311/5525 2310/5524 2393/4745
f 2350/2143 5221/2145 5216/4748
f 1853/4753 1849/4752 1833/4750
f 1869/3794 1865/4754 1849/4752
f 1853/3757 1852/3756 1868/3792
f 1885/3845 1881/4755 1865/4754
f 1901/3844 1897/4330 1881/4755
f 1933/3876 1929/4892 1913/4756
f 1928/5011 1926/5010 1910/4758
f 1880/5333 1896/5335 1894/3145
f 1880/4760 1878/3144 1862/4101
f 1868/3792 1852/3756 1850/4763
f 1866/4764 1850/4763 1845/3769
f 1830/3317 1832/5328 1848/4766
f 1834/4976 1818/4978 1813/4768
f 2387/4770 2317/12215 5205/4771
f 2376/4773 2310/12216 2314/4774
f 2402/4776 2366/12217 2369/4777
f 5206/5568 2311/5567 2388/4780
f 1700/5540 1682/5542 1676/4783
f 1697/4784 1676/4783 1670/4785
f 1694/4010 1670/4785 5039/4787
f 1664/3561 1735/3611 1736/4790
f 1736/4790 1735/3611 1645/4793
f 1639/4794 1645/4793 1644/4795
f 1595/3994 1625/3993 1644/4797
f 1595/4796 1623/4798 1590/4800
f 1574/4807 1575/4806 1583/4803
f 1566/4805 1567/5369 1575/4806
f 1567/5369 1566/4805 2027/4809
f 1558/4811 1559/5372 2052/4810
f 1559/5372 1558/4811 2046/4813
f 1333/4815 1334/5376 2039/4814
f 1334/5376 1333/4815 2117/4816
f 3396/4817 1550/4288 1551/4818
f 1381/3077 1368/3305 1369/4821
f 1382/4823 1369/5073 1370/4824
f 1385/3107 1396/3109 1529/4827
f 1396/3109 1407/3103 1530/4830
f 1407/3103 1419/3085 1531/4833
f 1419/3085 1429/3065 1532/4836
f 1429/3065 1440/3064 1533/4839
f 1440/12177 1452/3060 1534/4842
f 4090/4844 1463/4849 1535/4845
f 1475/4847 1536/12218 1535/4848
f 1383/4825 1370/4824 1364/4851
f 1378/4853 1377/4852 1364/4854
f 1386/3124 1528/3293 1529/4856
f 1529/4831 1530/4830 1409/3091
f 1420/3133 1409/3135 1530/4834
f 1431/3149 1420/3151 1531/4837
f 1442/3168 1431/3170 1532/4840
f 1454/3188 1442/3187 1533/4843
f 4093/3215 1454/3214 1534/4862
f 1535/4848 1536/12218 1477/3239
f 3435/4913 1297/3382 1296/4866
f 1521/7425 1520/3207 1268/3233
f 1520/3234 1519/3236 1260/4870
f 1519/3236 1522/4400 1281/3601
f 1522/4400 2045/2955 1251/4874
f 1515/4879 1244/4881 1251/4877
f 1515/3354 1514/4883 1223/4880
f 1226/4224 1223/4223 1514/4883
f 1229/4396 1226/4224 1513/4886
f 1512/3312 1511/4107 1232/4085
f 2076/4620 1232/4085 1511/4624
f 3561/4408 2176/4407 2169/4890
f 1949/4893 1945/4895 1929/4892
f 1949/3939 1965/3938 1961/4894
f 1955/6337 2726/6336 2725/4897
f 1349/5170 1351/5169 1180/4900
f 1181/4901 1180/4900 1173/4902
f 1174/2865 1173/4902 1166/4903
f 1167/2948 1166/4903 1160/4904
f 1198/4905 1197/2950 1159/2949
f 1197/2950 1198/4905 1286/4906
f 1287/2951 1286/4906 1205/4907
f 1204/4137 1205/4907 1192/4908
f 1195/7431 1194/7430 1191/2954
f 3475/4910 3476/12219 1487/4911
f 3435/7340 3436/7339 1488/3380
f 1297/3382 1308/3381 1307/2979
f 1308/3379 1319/3378 1318/2991
f 1319/3373 1353/3372 1352/3030
f 1365/4855 1544/12220 1543/4917
f 1379/3287 1543/3286 1544/4919
f 1388/3080 1377/3079 1378/3301
f 1389/3299 1400/3296 1399/3102
f 1412/4927 1411/4926 1399/4923
f 1423/4925 1422/3139 1411/4926
f 1422/3139 1423/4925 1434/4928
f 1444/3195 1433/3197 1434/4930
f 4096/3224 1444/3223 1445/3262
f 1457/3257 1468/12182 1467/3248
f 1740/4934 1759/3704 1755/4935
f 1758/4940 1739/4939 1704/4936
f 1760/4938 1741/3665 1739/4939
f 1741/3665 1760/4938 1761/4942
f 2372/4944 2315/5560 2321/4945
f 2255/4947 1833/4750 1849/4948
f 2255/4950 1832/5006 1816/4951
f 2320/4778 2369/4777 2371/4946
f 1304/3523 1688/3522 1756/3323
f 1288/3682 1757/3681 1690/4955
f 1683/3657 1690/3325 1757/4957
f 1684/3520 1683/3519 1753/4960
f 1752/3676 1684/3675 1754/4963
f 1750/4080 1752/4106 1766/4966
f 1764/4115 1749/4968 1750/4965
f 1990/4971 1989/4970 1749/4968
f 1763/4974 1748/4973 1989/4970
f 1762/4067 1747/4975 1748/4973
f 1759/3704 1740/4934 1747/4975
f 1834/3750 1836/3749 1820/4977
f 1817/4979 1821/4129 1837/3755
f 1814/4980 1830/3317 1360/4981
f 1815/4983 1831/12196 1827/4984
f 1826/5254 1812/5257 1828/4987
f 1841/4056 1840/12203 1824/4990
f 1839/4999 1823/4998 1994/4993
f 1835/4051 1819/5312 1822/4995
f 1819/5312 1835/4051 1829/4769
f 1838/4049 1822/4995 1823/4998
f 1995/4994 1994/4993 1824/5000
f 1825/4991 1826/4986 1842/5001
f 1811/4985 1827/4984 1828/5003
f 1360/3766 1831/3765 1815/5005
f 1832/5328 1830/3317 1814/5007
f 1944/5012 1942/3111 1926/5010
f 1944/4241 1960/4240 1958/3112
f 822/6300 2690/6302 2709/5014
f 1336/5045 2128/5044 2126/5017
f 2077/4381 2056/4378 2123/5020
f 2056/4378 2055/4376 2124/5023
f 2054/5028 2125/5027 2124/5025
f 2053/5018 2126/5017 2125/5027
f 1332/3009 1331/3008 2119/5029
f 2310/12216 2376/4773 2378/5031
f 1211/2820 1189/2819 2120/5034
f 1189/2817 1188/2816 2119/5037
f 1500/3055 1186/3054 2117/5040
f 1784/3318 2368/5533 2367/5042
f 1337/12214 2127/4705 2128/5044
f 1187/3341 1500/3340 2129/5046
f 2121/3001 2122/4255 1212/5047
f 3566/4423 2188/4422 2168/5049
f 3590/4615 2077/4614 2130/5052
f 2122/4635 2131/4634 2085/5055
f 1406/12175 2127/3031 2115/5058
f 2116/3861 2117/4816 1186/5061
f 1491/5063 1544/12220 1365/5064
f 1366/4920 1544/4919 1491/5067
f 1353/5065 1365/5064 1364/5070
f 1370/5075 1358/5074 1352/5071
f 1369/5073 1357/3037 1358/5074
f 1368/5081 1356/5080 1357/5077
f 1367/5084 1355/5083 1356/5080
f 1372/3292 1359/5085 1355/5083
f 1527/3294 1526/3084 1359/5085
f 1361/3082 1526/3084 1527/3288
f 1373/3126 1374/3125 1362/5087
f 3592/5099 2136/5098 2079/5089
f 2135/5102 2134/5101 2025/4261
f 2136/5105 2132/5104 2021/4619
f 2133/5111 2135/5110 2026/4399
f 2132/5108 2133/5107 2022/5095
f 3593/5114 2141/5113 2136/5098
f 2140/5117 2139/5116 2134/5101
f 2141/5120 2137/5119 2132/5104
f 2137/5123 2138/5122 2133/5107
f 2138/5126 2140/5125 2135/5110
f 3594/5112 2146/5118 2141/5113
f 2145/5115 2144/12221 2139/5116
f 2146/5118 2142/5121 2137/5119
f 2142/5121 2143/5124 2138/5122
f 2143/5124 2145/5115 2140/5125
f 2147/5137 2150/5136 2068/5128
f 1351/4212 2148/5141 2149/5130
f 2020/4210 2149/5130 2147/5127
f 3614/5138 1019/5140 1014/5133
f 2151/5151 2154/5153 2150/5136
f 3614/7690 3615/7689 1020/5139
f 2148/5141 2152/5145 2153/5142
f 2153/5148 2151/5150 2147/5144
f 2152/5145 2156/7461 2157/5146
f 2153/5147 2157/5146 2155/5149
f 2151/5150 2155/5149 2158/5152
f 2161/5158 2160/5157 2023/4252
f 2160/5159 2159/5161 1349/3013
f 2164/5162 2163/5164 2160/5157
f 2160/5157 2163/5164 2162/5160
f 2164/5162 2167/7485 2166/5163
f 2163/5164 2166/5163 2165/5166
f 2159/5168 2148/5141 1351/5169
f 2152/5145 2148/5141 2159/5161
f 2156/7461 2152/5145 2162/5167
f 2139/5116 2144/12221 2167/5174
f 2139/5173 2164/5175 2161/5177
f 2024/3018 2025/3017 2134/5178
f 1605/3488 1609/3487 1618/5181
f 2070/3647 1605/3646 1614/4583
f 3557/3447 2181/3446 2180/5185
f 3574/4444 2196/4443 2195/5188
f 2092/7770 1581/4647 1589/4652
f 1581/4647 1580/3429 1588/3461
f 1580/3429 1579/3428 1587/5193
f 1579/3423 1578/3422 1586/5196
f 1592/3469 1586/3468 1578/3644
f 1499/3472 1592/3471 1584/3335
f 1476/3426 1582/3425 1590/5200
f 1582/4804 1583/4803 1591/4801
f 2237/3991 1591/3990 1583/5203
f 1577/3972 1620/3432 1621/3474
f 1620/3432 1612/3431 1608/5207
f 1611/3479 1608/3478 1612/5210
f 1611/5209 1607/5211 1606/5213
f 1618/5181 1609/3487 1610/5214
f 1900/5216 1916/5251 1917/5217
f 1897/4330 1901/3844 1917/3874
f 2251/4331 1897/4330 1913/5221
f 1910/4758 1894/3145 1896/5223
f 1894/3145 1910/4758 1537/5224
f 1537/3885 1911/3884 1895/3818
f 1891/3851 1895/3850 1911/5226
f 1892/3828 1891/3851 1907/5229
f 1906/3848 1892/3847 1908/5232
f 1922/3877 1921/4097 1905/4034
f 1904/12202 1905/4034 1921/5235
f 2000/5240 1999/5239 1904/5234
f 1919/5243 1903/5242 1999/5239
f 1918/5241 1902/3830 1903/5242
f 1902/3830 1918/5241 1915/5245
f 1899/5246 1915/5245 1909/5248
f 1914/5253 1898/5252 1893/5249
f 1916/5251 1900/5216 1898/5252
f 1826/4986 1825/4991 1809/4159
f 2011/4185 2010/4184 1779/4105
f 1780/3710 1768/3709 2012/5256
f 1810/4158 1796/4157 1812/5257
f 1795/5262 1811/4985 1812/5258
f 1768/3691 1767/3690 2013/5260
f 1795/4152 1799/4151 1815/4983
f 1279/4982 1815/5005 1799/5264
f 1767/3679 1771/3678 2014/5267
f 1430/3722 2014/3721 1771/5270
f 1261/3680 1770/3321 2015/3320
f 2317/12215 2387/4770 2398/4743
f 1213/4147 1798/3050 1814/4980
f 1816/5008 1814/5007 1798/5274
f 2256/4952 1816/4951 1800/5277
f 2401/5279 2405/12222 2322/5280
f 1801/5320 2257/5319 2404/5283
f 1821/4129 1817/4979 1801/5286
f 1774/5288 2017/4118 2016/5289
f 1805/4146 1804/4145 1820/5291
f 1820/5291 1804/4145 1802/5292
f 2017/4118 1774/5288 1772/5293
f 2018/4116 1772/5293 1769/5294
f 1773/5298 2005/5297 2019/4119
f 1776/5296 2006/3713 2005/5297
f 2006/3713 1776/5296 1777/5299
f 2007/3711 1777/5299 1991/5300
f 2008/3714 1991/5300 1778/5301
f 1778/4078 1779/4105 2010/4182
f 1824/5305 1808/5304 1809/5302
f 1994/5308 1993/5307 1808/5304
f 1823/5311 1807/5310 1993/5307
f 1822/5314 1806/5313 1807/5310
f 1819/5312 1803/4172 1806/5313
f 1803/4172 1819/5312 1813/5315
f 1818/4978 1802/5292 1797/4173
f 1742/4943 2382/5529 2381/5317
f 1817/4979 2256/5327 2257/5319
f 1896/5335 2251/5334 2250/4267
f 1585/5365 2237/5367 2236/3973
f 2383/5321 2384/11277 5224/5322
f 2405/5324 2402/4776 2320/5325
f 1833/4750 2255/4947 2256/5327
f 1832/5006 2255/4950 2254/4347
f 1865/5332 2253/5331 2254/4949
f 1881/12210 2252/4329 2253/5331
f 1880/4761 2252/4342 2251/5334
f 1929/12208 2249/4242 2250/5222
f 1928/4757 2249/4265 2248/4239
f 1945/4895 1961/4894 2247/5337
f 1966/5338 1967/1194 2717/5339
f 1701/5348 1702/4473 2381/5342
f 2315/5560 2372/4944 2375/4775
f 2396/5661 2401/5663 2319/5346
f 1701/5348 2245/12223 2244/5349
f 1695/4736 1698/4735 2244/5352
f 2294/5354 5005/10780 5004/5355
f 1691/4791 1736/4790 2241/5358
f 1738/12200 2241/4001 2240/5360
f 1624/4726 1640/4725 2240/5362
f 1624/5361 2239/5363 2238/5364
f 1585/4720 1593/4723 2238/5366
f 1575/5371 2235/5370 2236/5204
f 1567/4808 2234/3927 2235/5370
f 1561/12199 2234/3950 2233/3915
f 1559/3908 2232/3910 2233/3929
f 2232/5373 2231/3888 2038/4708
f 2230/5374 2231/3909 2039/5375
f 2115/4707 1335/4706 2230/5378
f 2229/5379 2228/7188 1451/5059
f 3419/4819 1551/4818 2227/5381
f 2226/5383 2227/5381 1551/5384
f 1210/3855 2226/3857 2225/5387
f 1207/4695 1209/4697 2225/5390
f 1207/5389 2224/5391 2223/5392
f 1193/3369 1206/12184 2223/5393
f 1277/7435 2221/7434 2222/3814
f 1306/2970 2220/5397 3437/5395
f 1317/2996 2219/3730 2220/5397
f 1309/3358 2219/3736 2218/3729
f 1362/12193 2217/3726 2218/3732
f 1354/3306 2217/12194 2216/3725
f 1387/3070 2215/3695 2216/3728
f 1379/4918 2215/3723 2214/5400
f 1390/3285 2214/5400 2213/3629
f 1421/5404 2212/5403 2213/3688
f 1432/3169 2211/3621 2212/5403
f 1424/3276 2211/3624 2210/5406
f 1435/5407 2210/5406 2209/5408
f 1446/3271 2209/5408 4101/5410
f 1458/3268 2208/8947 2207/5412
f 530/2157 597/2156 2357/5414
f 658/2180 642/2503 2308/5417
f 737/2438 753/1961 2301/5420
f 427/1923 419/2425 2287/5423
f 1800/5275 1798/5274 2367/5426
f 856/5602 2361/5604 2358/5428
f 674/1945 658/2180 2307/5430
f 2305/1539 2306/2149 673/5432
f 2305/2148 2304/5434 706/5433
f 2304/5434 2303/1522 722/5435
f 2302/5421 2303/1535 721/1962
f 2301/5437 2300/1438 770/5438
f 2299/5440 2300/1463 769/2215
f 786/1437 2299/1439 2298/5442
f 1969/3090 2742/3089 2743/5445
f 2334/2154 2415/2153 2416/5448
f 630/1397 857/1396 2410/5451
f 642/5578 2413/5580 2417/5454
f 2295/5456 2296/1982 543/5457
f 537/10812 2294/4731 2295/5456
f 2243/5353 5013/12224 5010/5460
f 533/5461 2293/12225 2292/5462
f 2291/5464 2292/1190 579/5465
f 466/5470 2290/5469 2291/5464
f 435/5468 2289/12226 2290/5469
f 2288/5424 2289/12226 435/5471
f 2287/5472 2286/5475 417/5473
f 2286/5475 2285/1116 409/5476
f 2284/5478 2285/1141 403/5479
f 2284/1117 2283/1090 401/5481
f 879/1914 2282/1067 2283/1099
f 880/2015 2282/1088 2281/1046
f 956/5487 2280/5486 2281/1069
f 293/7230 2279/7232 2280/5486
f 3410/5488 3405/12227 2278/5489
f 393/5490 2278/5489 2277/5491
f 2276/5492 2277/1037 52/5493
f 49/5495 2275/12228 2276/5492
f 2274/5496 2275/12228 49/5497
f 35/991 2273/993 2274/5496
f 2273/5500 2272/7404 119/5501
f 3450/5503 2271/5506 148/5504
f 2271/5506 2270/923 159/5507
f 2269/5509 2270/929 151/551
f 2269/924 2268/916 204/240
f 196/503 208/2274 2267/5510
f 2267/5511 2266/888 229/330
f 2265/5512 2266/914 221/479
f 2264/826 2265/5512 232/476
f 2264/880 2263/5513 263/337
f 2263/5513 2262/819 274/351
f 2261/5514 2262/822 266/5515
f 2260/5517 2261/5514 277/465
f 4088/5518 2260/5517 288/5519
f 2258/5521 2259/8920 300/453
f 1805/5287 2397/5531 2395/5522
f 2312/5523 2314/4774 2310/5524
f 2312/5526 5205/4771 2317/5527
f 1761/3707 2385/5543 2382/5529
f 2016/4200 2399/5532 2386/5530
f 1801/5282 2400/5284 2397/5531
f 1789/4144 2395/5522 2399/5532
f 2015/5534 2370/5536 2368/5533
f 2015/3320 1770/3321 2373/5535
f 1688/5546 2377/5545 2374/5538
f 1700/5569 2392/5571 2379/5541
f 1775/5290 2386/5530 2385/5543
f 1682/5542 2379/5541 2377/5545
f 2332/5614 2333/5613 2406/5548
f 2322/5326 2320/5325 2321/5551
f 1756/5539 2374/5538 2373/5553
f 2316/5528 2317/5527 2318/5555
f 2245/12223 1701/5348 2390/5558
f 2315/5344 2316/5565 2323/5552
f 2319/5281 2322/5280 2323/5556
f 2257/5278 1800/5277 2403/5563
f 2314/4774 2312/5523 2316/5565
f 5205/4771 2312/5526 2311/5567
f 1700/4782 2245/4061 2389/5570
f 616/897 602/899 2346/5573
f 646/1343 630/1342 2407/5576
f 642/2503 646/12167 2409/5579
f 641/5617 2414/5616 2365/5582
f 625/252 639/251 2365/5585
f 597/12137 611/517 2358/5588
f 542/5691 2339/5693 2342/5591
f 583/858 544/860 2351/5594
f 2356/5596 2359/2246 2329/5597
f 2335/2489 2334/2488 2336/5600
f 856/516 625/515 2362/5603
f 2330/4125 2337/5612 2332/5605
f 857/2504 616/2506 2345/5607
f 2329/2248 2335/2247 2337/5610
f 2337/5612 2336/1976 2333/5613
f 2308/5615 2417/5688 2414/5616
f 2330/5611 2326/4126 2328/5598
f 5203/11232 5204/11231 2325/5619
f 543/1984 2341/1983 2351/5622
f 2411/5549 2406/5548 2407/5452
f 2408/1980 2409/5577 2407/5625
f 5213/5674 2341/5673 2342/5626
f 5214/1944 2344/1943 2345/5574
f 5207/11238 5208/11237 2349/5595
f 2352/5629 2353/1938 2354/5630
f 2359/2246 2356/5596 2357/5589
f 2363/2152 2360/2487 2361/5604
f 2364/12163 2363/2152 2362/5586
f 2368/5640 2369/5639 2366/5636
f 2370/5536 2371/5669 2369/5639
f 2374/5641 2375/4775 2372/5642
f 2377/5545 2379/5541 2378/5645
f 2382/5667 5209/5666 5210/5648
f 2386/5650 2387/4770 5212/5651
f 2389/5559 2390/5558 5211/4781
f 2395/5522 2397/5531 2396/5345
f 2395/5654 2394/5347 2398/5656
f 2390/5343 2381/5342 5210/5659
f 2396/5345 2397/5531 2400/5662
f 2366/12217 2402/4776 2403/5427
f 2378/5645 2379/5541 2392/5664
f 2385/5652 5212/5651 5209/5666
f 2375/4775 2374/5641 2377/5644
f 2405/12222 2401/5279 2400/5284
f 2373/5643 2372/5642 2371/5669
f 2387/4770 2386/5650 2399/5657
f 2392/5571 2389/5570 2388/4746
f 2402/4776 2405/5324 2404/5564
f 5207/5628 2351/5594 2341/5673
f 2413/5580 2409/5579 2408/5676
f 2414/5690 2415/5689 2364/5634
f 2339/5693 2353/5692 2352/4738
f 5208/5680 5214/5627 2346/2502
f 2354/5415 2357/5414 2356/5681
f 2413/5675 2412/5677 2416/5683
f 2360/2487 2359/2246 2358/5686
f 2410/5608 2345/5607 2344/1941
f 2343/1987 2342/5591 2339/5679
f 2417/5688 2416/5448 2415/5689
f 542/1989 524/720 2353/5692
f 2545/5694 2421/5788 2419/5695
f 2429/5697 2433/5700 2431/5698
f 2433/5700 2437/12229 2435/5701
f 2437/5703 2441/5706 2439/5704
f 2441/5706 2445/5709 2443/5707
f 2445/5709 2449/5712 2447/5710
f 2449/5712 2453/5715 2451/5713
f 2453/5715 2457/5718 2455/5716
f 2457/5718 2461/12230 2459/5719
f 2459/5719 2461/12230 2465/5722
f 2463/5723 2465/5722 2469/5725
f 2467/5727 2469/5860 2473/5728
f 2471/5729 2473/5728 2477/5731
f 2475/5732 2477/5731 2481/5734
f 2479/5735 2481/5734 2485/5737
f 2483/5738 2485/5737 2489/5740
f 2487/5741 2489/5740 2493/5743
f 2491/5744 2493/5743 2497/5746
f 2495/5747 2497/5746 2501/5749
f 2499/5751 2501/5908 2505/5752
f 2503/5753 2505/5752 2509/5755
f 2507/5756 2509/5755 2513/5758
f 2511/5759 2513/5758 2517/5761
f 2515/5762 2517/5761 2521/5764
f 2519/5765 2521/5764 2525/5767
f 2525/5767 2529/5770 2527/5769
f 2529/5770 2533/12231 2531/5771
f 2533/5773 2537/5776 2535/5774
f 2537/5776 2541/5779 2539/5777
f 2541/5779 2545/5694 2543/5780
f 2425/5782 2429/5697 2427/5783
f 2421/5788 2425/5782 2423/5789
f 2419/5790 2423/5789 2422/5792
f 2425/5782 2421/5788 2420/5795
f 2423/5784 2427/5783 2426/5798
f 2429/5800 2425/12232 2424/5801
f 2427/5699 2431/5698 2430/5804
f 2433/5806 2429/5800 2428/5807
f 2431/5702 2435/5701 2434/5810
f 2437/5812 2433/5806 2432/5786
f 2435/5705 2439/5704 2438/5814
f 2441/5816 2437/5812 2436/5817
f 2439/5708 2443/5707 2442/5820
f 2445/5822 2441/5816 2440/5823
f 2443/5711 2447/5710 2446/5826
f 2449/5828 2445/5822 2444/5829
f 2447/5714 2451/5713 2450/5832
f 2453/5834 2449/5828 2448/5835
f 2451/5717 2455/5716 2454/5838
f 2457/5840 2453/5834 2452/5841
f 2455/5720 2459/5719 2458/5844
f 2461/5846 2457/5840 2456/5847
f 2463/5724 2462/5853 2458/5849
f 2465/5850 2461/5846 2460/5851
f 2467/5726 2466/12233 2462/5853
f 2465/5850 2464/5852 2468/5855
f 2471/5865 2470/5864 2466/5858
f 2469/5860 2468/12234 2472/5861
f 2475/5871 2474/5870 2470/5864
f 2473/5862 2472/5861 2476/5867
f 2479/5877 2478/5876 2474/5870
f 2477/5868 2476/5867 2480/5873
f 2483/5883 2482/5882 2478/5876
f 2481/5874 2480/5873 2484/5879
f 2487/5889 2486/5888 2482/5882
f 2485/5880 2484/5879 2488/5885
f 2491/5895 2490/5894 2486/5888
f 2489/5886 2488/5885 2492/5891
f 2495/5901 2494/5900 2490/5894
f 2493/5892 2492/5891 2496/5897
f 2499/5907 2498/5906 2494/5900
f 2497/5898 2496/5897 2500/5903
f 2503/5913 2502/5912 2498/5906
f 2501/5908 2500/12235 2504/5909
f 2507/5919 2506/5918 2502/5912
f 2505/5910 2504/5909 2508/5915
f 2511/5925 2510/5924 2506/5918
f 2509/5916 2508/5915 2512/5921
f 2515/5931 2514/5930 2510/5924
f 2513/5922 2512/5921 2516/5927
f 2519/5937 2518/5936 2514/5930
f 2517/5928 2516/5927 2520/5933
f 2523/5943 2522/5942 2518/5936
f 2521/5934 2520/5933 2524/5939
f 2527/5947 2526/5949 2522/5942
f 2529/5770 2525/5767 2524/5945
f 2527/5947 2531/12236 2530/5948
f 2533/12231 2529/5770 2528/5951
f 2531/5775 2535/5774 2534/5954
f 2537/5956 2533/12237 2532/5957
f 2535/5778 2539/5777 2538/5960
f 2541/5962 2537/5956 2536/5963
f 2539/5781 2543/5780 2542/5966
f 2545/5694 2541/5779 2540/5969
f 2543/5696 2419/5695 2418/5972
f 2421/5788 2545/5694 2544/5975
f 2547/6078 2549/6077 2673/5981
f 2559/5988 2561/5987 2557/5984
f 2563/5986 2565/12238 2561/5987
f 2567/5994 2569/5993 2565/5990
f 2571/5997 2573/5996 2569/5993
f 2575/6000 2577/5999 2573/5996
f 2579/6003 2581/6002 2577/5999
f 2583/6006 2585/6005 2581/6002
f 2587/6007 2589/6009 2585/6005
f 2587/6004 2591/6119 2593/6008
f 2591/6125 2595/6124 2597/6011
f 2595/6013 2599/6016 2601/6014
f 2599/6016 2603/6019 2605/6017
f 2603/6019 2607/6022 2609/6020
f 2607/6022 2611/6025 2613/6023
f 2611/6025 2615/6028 2617/6026
f 2615/6028 2619/6031 2621/6029
f 2619/6031 2623/6034 2625/6032
f 2623/6034 2627/12239 2629/6035
f 2627/6037 2631/6040 2633/6038
f 2631/6040 2635/6043 2637/6041
f 2635/6043 2639/6046 2641/6044
f 2639/6046 2643/6049 2645/6047
f 2643/6049 2647/6052 2649/6050
f 2647/6052 2651/6057 2653/6053
f 2655/6060 2657/6059 2653/6056
f 2659/6058 2661/6192 2657/6059
f 2663/6066 2665/6065 2661/6062
f 2667/6069 2669/6068 2665/6065
f 2671/5982 2673/5981 2669/6068
f 2555/5985 2557/5984 2553/6071
f 2551/6072 2553/6071 2549/6077
f 2547/5980 2546/6207 2550/6079
f 2553/6080 2552/12240 2548/6081
f 2551/6076 2550/6079 2554/6083
f 2557/6090 2556/6089 2552/6085
f 2555/6070 2554/6083 2558/6087
f 2561/6094 2560/6093 2556/6089
f 2559/5983 2558/6087 2562/6091
f 2565/6098 2564/6097 2560/6093
f 2563/5991 2562/12241 2566/6095
f 2569/6102 2568/6101 2564/6097
f 2567/5989 2566/6095 2570/6099
f 2573/6106 2572/6105 2568/6101
f 2571/5992 2570/6099 2574/6103
f 2577/6110 2576/6109 2572/6105
f 2575/5995 2574/6103 2578/6107
f 2581/6114 2580/6113 2576/6109
f 2579/5998 2578/6107 2582/6111
f 2585/6118 2584/6117 2580/6113
f 2583/6001 2582/6111 2586/6115
f 2589/6122 2588/6121 2584/6117
f 2586/6115 2590/6123 2591/6119
f 2593/6120 2592/12242 2588/6121
f 2590/6123 2594/12243 2595/6124
f 2596/6126 2592/12242 2593/6127
f 2594/11636 2598/11626 2599/6130
f 2600/6132 2596/12244 2597/6015
f 2598/11626 2602/11629 2603/6134
f 2604/6136 2600/6132 2601/6018
f 2602/11629 2606/11632 2607/6138
f 2608/6140 2604/6136 2605/6021
f 2606/11632 2610/11635 2611/6142
f 2612/6144 2608/6140 2609/6024
f 2610/11635 2614/11634 2615/6146
f 2616/6148 2612/6144 2613/6027
f 2614/11634 2618/11633 2619/6150
f 2620/6152 2616/6148 2617/6030
f 2618/11631 2622/11630 2623/6154
f 2624/6156 2620/6152 2621/6033
f 2622/11628 2626/11627 2627/6158
f 2628/6160 2624/6156 2625/6036
f 2626/11625 2630/11624 2631/6162
f 2632/6164 2628/12245 2629/6039
f 2630/6165 2634/6169 2635/6166
f 2636/6168 2632/6164 2633/6042
f 2634/11502 2638/11556 2639/6170
f 2640/6172 2636/6168 2637/6045
f 2638/6173 2642/6177 2643/6174
f 2644/6176 2640/6172 2641/6048
f 2642/11513 2646/11512 2647/6178
f 2648/6180 2644/6176 2645/6051
f 2646/6181 2650/6185 2651/6182
f 2652/6184 2648/6180 2649/6054
f 2650/11507 2654/11506 2655/6186
f 2657/6194 2656/6193 2652/6184
f 2655/6186 2654/11506 2658/6190
f 2661/6192 2660/12246 2656/6193
f 2659/6063 2658/12247 2662/6195
f 2665/6202 2664/6201 2660/6197
f 2663/6061 2662/6195 2666/6199
f 2669/6200 2668/6073 2664/6201
f 2667/6064 2666/6199 2670/6203
f 2673/6210 2672/6209 2668/6205
f 2671/6067 2670/6203 2546/6207
f 2549/6082 2548/6081 2672/6209
f 2676/1393 2677/2085 2674/3964
f 2690/6302 2691/6301 2680/6216
f 2686/4003 2692/12248 2693/6218
f 2694/6219 2695/12249 2689/3967
f 2677/2085 2689/2084 2695/6221
f 2683/1171 2681/6317 2696/6224
f 2687/4004 2693/6218 2694/6219
f 2699/1203 2679/6229 2678/6227
f 2681/6228 2680/6216 2691/2221
f 2700/1202 2682/6349 2679/6229
f 2697/1157 2701/1156 2684/6230
f 2684/6230 2701/1156 2698/3979
f 2705/6236 2703/6235 2702/6232
f 2692/12248 2686/4003 2704/1148
f 2682/6349 2700/1202 2703/6235
f 2708/6237 2709/6240 2710/6238
f 2709/5014 2690/6302 2685/6241
f 2675/6358 2707/6357 2706/6243
f 2713/6256 2715/6255 2714/6245
f 2718/6247 2729/4012 2728/6248
f 2724/6250 2725/6260 2731/3976
f 2727/6251 2733/1280 2732/6252
f 2733/1280 2727/6251 2715/6255
f 2735/6266 2719/6265 2721/6258
f 2725/4897 2726/6336 2732/6261
f 2736/6263 2737/12250 2716/5340
f 2729/4012 2718/6247 2719/6265
f 2738/6267 2736/6263 2717/6268
f 2722/6270 2739/6272 2734/6259
f 2722/6311 2716/6310 2737/6271
f 2743/5445 2742/3089 2740/1166
f 2730/3961 2740/3960 2742/6274
f 2720/1277 2743/1276 2741/6275
f 2746/6276 2749/12251 2748/6277
f 2747/6278 2748/6277 2723/6249
f 2712/6246 2714/6245 2744/6280
f 2745/6281 2744/6280 2749/6283
f 2707/6294 2708/6293 2711/6286
f 807/3988 2678/3987 2679/6289
f 796/6291 797/4002 2687/6226
f 817/6292 2297/12252 2708/6293
f 818/5015 2709/5014 2708/6296
f 802/6298 2298/12253 2711/6239
f 1965/6299 1964/3968 2718/6247
f 822/6300 821/2219 2691/6301
f 801/6343 2706/6342 2711/6304
f 1956/4898 2725/4897 2724/6307
f 1963/6309 1966/5338 2716/6310
f 1971/6312 1972/3974 2731/6262
f 813/3985 2693/3984 2692/6314
f 805/4199 2680/4198 2681/6317
f 827/6315 2692/6314 2702/6320
f 1977/6322 2246/12254 2746/6276
f 1979/6384 2739/6383 2737/6324
f 1982/6325 2737/6324 2736/6327
f 811/6329 810/1146 2704/6330
f 1961/4091 2748/4090 2749/6333
f 1959/6361 2727/6360 2726/6336
f 844/6347 2682/6349 2705/6339
f 799/1394 2676/1393 2706/6342
f 816/6374 2695/6221 2694/6345
f 844/6347 808/6290 2679/6348
f 845/6350 825/6367 2703/6351
f 1980/4013 2729/4012 2735/6354
f 815/6356 817/6292 2707/6357
f 1177/1176 2715/1178 2727/6360
f 1983/6328 2736/6327 2738/6363
f 826/6321 2702/6320 2703/6366
f 1962/6368 1957/290 2721/6369
f 1958/6371 1960/1152 2744/6372
f 816/6374 122/3962 2674/6222
f 1974/3958 2712/3957 2745/6376
f 819/6378 814/1155 2697/6225
f 798/1172 2683/1171 2684/6380
f 1973/1151 2734/1150 2739/6383
f 806/6385 802/6298 2710/6242
f 3161/6942 3160/6941 3158/6387
f 3005/6798 3001/6797 2788/6390
f 3023/6742 3020/6744 3013/6393
f 3016/6802 3019/6804 3013/6396
f 2776/11759 2768/11758 3172/6399
f 3174/6401 2769/12255 2754/6402
f 2864/6407 2947/11763 3307/6408
f 2827/6410 2828/12256 2759/6411
f 3085/6413 3083/6551 2760/6414
f 2982/6491 2980/6490 2984/6420
f 3091/6422 3128/6888 2986/6421
f 3006/6423 2994/6501 2988/6424
f 2996/6426 3120/6495 3118/6427
f 2992/6790 3010/6792 3007/6430
f 3002/6544 2997/6546 2996/6426
f 3007/6430 3010/6792 3132/6434
f 3027/6440 3031/12257 3029/6441
f 3035/6443 3029/6441 3031/6444
f 3033/6445 3104/6708 3106/6446
f 3047/6447 3044/6831 3042/6448
f 3044/6831 3047/6447 3049/6451
f 3051/6452 3049/6451 3053/6454
f 3055/6455 3053/6454 3057/6457
f 3057/6457 3148/6510 3146/6459
f 3061/6713 2750/6712 2753/6461
f 3073/6463 3064/12258 2752/6464
f 3103/6916 2819/11760 2957/6467
f 2753/11818 2752/11820 3064/6469
f 3071/6475 2755/6474 2751/6471
f 3069/6403 2754/6402 2755/6474
f 3077/6476 3102/6492 2763/6412
f 3081/6864 3079/6863 2761/6478
f 3079/6874 3085/6873 2762/6481
f 3128/6888 3091/6422 3142/6484
f 3089/6754 3087/6753 2976/6487
f 2978/6488 2976/6487 2980/6490
f 3102/6931 3097/7131 2764/6493
f 3120/6495 3126/6702 3115/6496
f 3129/6435 3132/6434 3308/6499
f 2994/6774 2992/6776 2989/6502
f 3239/6992 3242/6991 2889/6505
f 3075/6858 3081/6857 2758/6508
f 3148/6897 3138/6900 3140/6511
f 3144/6485 3142/6484 3158/6514
f 2778/6565 3151/6564 3150/6517
f 2919/6519 2944/11800 3203/6520
f 3171/6522 2876/12259 2941/6523
f 2962/6525 2778/6516 2771/6526
f 2767/11990 2785/11968 3288/6532
f 3140/6511 3138/6900 3164/6535
f 3343/6537 3092/11749 3096/6538
f 2757/11970 2766/11969 3134/6540
f 3110/6707 3112/6706 3037/6542
f 3002/6544 3006/6423 3004/6545
f 2970/6924 2968/7151 2972/6548
f 3039/6543 3037/6542 3041/6449
f 3083/6861 3077/6860 2759/6552
f 2771/6518 3150/6517 3176/6555
f 3205/6562 3204/6561 3314/6558
f 3208/6577 3201/6576 3204/6561
f 2772/6563 3210/7004 3151/6564
f 3251/7003 3178/7002 3182/6567
f 3186/6663 3190/6665 3245/6570
f 3194/7104 3332/7106 3330/6573
f 3251/6566 3249/6568 3201/6576
f 2783/6629 3282/6628 3212/6579
f 3167/6948 3170/6947 3164/6582
f 2768/6725 2769/6724 3174/6585
f 3288/6532 2785/11968 2774/6588
f 3336/6687 3338/6686 3241/6591
f 3156/7010 3258/7009 3261/6594
f 3278/6632 2781/6631 2770/6556
f 3216/6589 2774/6588 2775/6598
f 3225/6600 3161/6386 3222/6601
f 3167/6581 3166/6583 3228/6604
f 3218/6599 2775/6598 2777/6607
f 3220/6602 3272/6739 3243/6609
f 3308/6499 3235/6745 3240/6610
f 2787/6611 2776/6398 3224/6612
f 3276/6614 3191/12260 3188/6615
f 3304/7062 3183/7061 3180/6618
f 3343/6537 3154/6539 3156/6593
f 3268/6621 3276/6614 3274/6622
f 3348/6624 3269/6691 3256/6625
f 2784/6649 3284/6651 3282/6628
f 3265/6722 2780/6721 2781/6631
f 3178/6955 3180/6954 3183/6634
f 2789/6636 2864/6407 3131/6637
f 3214/6605 3228/6604 3230/6640
f 2786/11985 2787/11988 3290/6643
f 3230/7046 3294/7045 3292/6645
f 2862/6646 2868/11811 3173/6647
f 2784/6649 2786/6642 3286/6650
f 3294/7050 3298/7049 3296/6653
f 3233/6608 2777/6607 2782/6656
f 3302/7053 3296/7052 3298/6659
f 3306/7058 3302/7057 3300/6661
f 3316/6669 3318/6668 3312/6559
f 3186/6961 3188/6960 3191/6664
f 3210/7004 2772/6563 2773/6580
f 3320/6667 3322/12261 3318/6668
f 3326/6670 3322/12261 3320/6671
f 3330/6573 3332/7106 3334/6674
f 2821/6717 3109/6719 3038/6677
f 3328/6675 3334/6674 3342/6680
f 3281/11814 2939/11813 2924/6683
f 3340/6681 3342/6680 3338/6686
f 3248/6571 3245/6570 3195/6689
f 3269/6691 3268/6621 3253/6692
f 3261/6594 3258/7009 3326/6670
f 3198/6690 3195/6689 3194/6572
f 3280/6657 2782/6656 2779/6697
f 2810/6699 2861/12262 3095/6700
f 3126/7134 3124/6922 3122/6703
f 3108/6705 3114/7133 3112/6706
f 3104/6708 3114/7133 3108/6709
f 3063/6472 2751/6471 2750/6712
f 2754/6714 2863/12263 2802/6715
f 2821/6717 2956/12264 3107/6718
f 3264/6698 2779/6697 2780/6721
f 2875/6723 2869/6728 2769/6724
f 2863/12263 2754/6714 2769/6727
f 2756/11945 2765/6734 3100/6732
f 3097/6881 3100/6880 2765/6734
f 2755/6716 2802/6715 2798/6737
f 3272/6739 3348/6624 3346/6740
f 3023/6812 3027/6814 3024/6743
f 3235/6989 3238/6988 3241/6746
f 3012/6799 3011/6801 3095/6748
f 2766/11991 2767/11990 3136/6750
f 2974/6549 2972/6548 3087/6753
f 2968/6759 2967/12265 2971/6760
f 2974/6752 2973/6869 2969/6762
f 2976/6763 2975/11729 2979/6764
f 2982/6419 2981/6770 2977/6766
f 2980/6765 2979/6764 2983/6768
f 2986/6890 2985/6889 2981/6770
f 2988/6503 2989/6502 2990/6772
f 2994/6784 2993/6786 2991/6775
f 2996/6426 2997/6546 2998/6778
f 3000/6428 2999/11927 3001/6780
f 3004/6425 2988/6424 2987/6782
f 2994/6501 3006/6423 3005/6785
f 2989/6431 3007/6430 3008/6788
f 2992/6776 2991/6775 3009/6791
f 2997/6546 3004/6545 3003/6794
f 3006/6423 3002/6544 3001/6797
f 3012/6397 3013/6396 3014/6800
f 3016/6755 3015/6405 3018/6803
f 3013/6393 3020/6744 3021/6806
f 3019/6804 3018/6803 3022/6808
f 3020/6744 3024/6743 3025/6810
f 3023/6392 3022/6808 3026/6813
f 3024/6442 3029/6441 3028/6816
f 3031/12257 3027/6440 3026/6819
f 3033/6445 3031/6444 3030/6822
f 3029/6441 3035/6443 3034/6825
f 3037/6827 3036/12266 3040/6828
f 3042/6833 3043/6832 3038/6830
f 3044/6450 3045/6838 3043/6832
f 3041/6829 3040/6828 3046/6834
f 3047/6447 3046/6834 3048/6836
f 3051/6453 3050/6842 3045/6838
f 3049/6837 3048/6836 3052/6840
f 3055/6456 3054/6846 3050/6842
f 3053/6841 3052/6840 3056/6844
f 3059/6458 3058/6896 3054/6846
f 3062/6847 3063/6711 3061/6848
f 3065/6850 3066/6854 3067/6462
f 3063/6711 3062/6847 3070/6851
f 3060/6849 3061/6848 3067/6853
f 3064/12258 3073/6463 3072/6855
f 3074/11842 3080/11841 3081/6857
f 3082/6859 3076/12267 3077/6860
f 3080/11853 3078/11855 3079/6863
f 3083/6551 3085/6413 3084/6865
f 2972/6761 2971/6760 3086/6867
f 3089/6486 3088/6878 2973/6869
f 3090/6907 3091/6906 2984/6769
f 2975/11729 2976/6763 3087/6868
f 3078/6872 3084/6865 3085/6873
f 3040/6828 3036/12266 2793/6876
f 2978/6489 2977/6766 3088/6878
f 3098/11831 3099/11830 3100/6880
f 3110/6541 3109/6930 3107/6882
f 3114/7133 3104/6708 3103/6466
f 3116/6884 3117/6917 3118/6497
f 3126/6702 3120/6495 3119/6886
f 3128/6888 3127/11907 2985/6889
f 3129/6435 3130/11953 3008/6891
f 3010/6792 3009/6791 3131/6893
f 3133/11844 3074/11842 3075/6507
f 3146/6512 3145/6909 3058/6896
f 3148/6510 3057/6457 3056/6898
f 3147/11778 3137/11777 3138/6900
f 3127/11907 3128/6888 3144/6902
f 3068/7148 3069/6403 3071/6470
f 3141/7139 3142/7141 3091/6906
f 3135/11846 3133/11845 3134/6751
f 3140/6534 3139/7149 3145/6909
f 3099/11830 3072/11980 3073/6463
f 3035/6443 3106/6446 3105/6912
f 3104/6708 3033/6445 3032/6915
f 3117/6917 2999/11927 3000/6428
f 3120/6495 2996/6426 2995/6919
f 2967/12265 2968/6759 3124/6922
f 2970/6547 2969/6762 3121/6925
f 3036/12266 3037/6827 3112/6928
f 3039/6550 3038/6830 3109/6930
f 3102/6492 3077/6476 3076/6932
f 3151/7006 3152/7005 3149/6935
f 3155/7008 3156/7010 3154/6938
f 3162/11910 3159/11909 3160/6941
f 3165/6943 3166/6583 3164/6944
f 3168/11669 3169/11643 3170/6947
f 3174/6585 3173/12268 3171/6949
f 3150/6936 3149/6935 3175/6951
f 3177/6953 3179/7059 3180/6954
f 3182/6635 3183/6634 3184/6957
f 3185/6959 3187/7127 3188/6960
f 3190/6665 3191/6664 3192/6963
f 3195/6996 3196/6995 3193/6966
f 3199/6574 3200/11883 3197/6968
f 3203/7068 3204/7067 3201/6969
f 3207/7135 3208/6577 3205/6971
f 3212/7030 3211/7029 3209/6973
f 3213/11639 3168/11669 3167/6603
f 3218/6606 3217/6986 3215/6975
f 3220/6602 3222/6601 3221/6977
f 3224/6400 3172/6399 3171/6522
f 3161/6386 3225/6600 3226/6980
f 3166/6583 3165/6943 3227/6982
f 3229/7044 3230/7046 3228/6983
f 3232/11663 3213/11639 3214/6639
f 3233/6655 3234/7027 3217/6986
f 3236/11938 3237/11940 3238/6988
f 3240/6747 3241/6746 3242/6991
f 3244/11912 3226/6980 3225/6600
f 3245/7136 3246/7138 3196/6995
f 3198/6695 3197/6968 3247/6997
f 3202/6521 3201/6969 3249/6999
f 3252/11682 3177/11684 3178/7002
f 3210/6666 3209/6973 3152/7005
f 3254/11916 3255/11915 3256/6693
f 3155/11659 3257/7086 3258/7009
f 3262/11733 3259/11920 3260/6595
f 3265/6630 3266/7024 3263/7012
f 3268/6621 3269/6691 3270/7014
f 3272/6739 3220/6602 3219/7017
f 3158/6387 3157/11724 3221/7019
f 3273/11899 3254/11898 3253/6623
f 3276/6614 3268/6621 3267/7022
f 3278/6596 3277/7026 3266/7024
f 3264/6720 3263/7012 3279/7025
f 3176/6952 3175/6951 3277/7026
f 3280/6696 3279/7025 3234/7027
f 3282/7039 3281/7038 3211/7029
f 3284/6651 3286/6650 3285/7032
f 3290/6613 3224/6612 3223/7035
f 3284/7031 3283/7033 3281/7038
f 3286/6644 3290/6643 3289/7041
f 3291/11664 3232/11663 3231/6641
f 3229/11839 3293/11783 3294/7045
f 3295/7047 3291/7043 3292/6654
f 3293/11783 3297/11782 3298/7049
f 3301/7051 3295/7047 3296/7052
f 3297/11767 3299/11766 3300/6660
f 3299/11787 3303/11789 3304/6617
f 3305/11681 3301/11680 3302/7057
f 3179/11678 3305/11677 3306/6619
f 3303/11790 3184/11792 3183/7061
f 3206/6972 3205/6971 3312/7064
f 3313/7071 3314/7070 3204/7067
f 3315/7075 3316/6669 3314/7070
f 3311/7065 3312/7064 3318/7073
f 3315/11836 3319/12037 3320/6667
f 3317/7074 3318/7073 3322/7077
f 3319/11807 3323/11806 3324/6672
f 3321/7078 3322/7077 3326/7081
f 3323/7083 3262/7011 3261/6694
f 3325/7082 3326/7081 3258/7085
f 3329/7103 3330/6573 3328/7088
f 3332/7106 3331/7105 3333/7091
f 3237/11981 3335/11934 3336/6590
f 3338/7110 3337/7109 3242/7095
f 3327/7089 3328/7088 3340/7098
f 3334/7092 3333/7091 3341/7101
f 3329/11656 3200/11658 3199/6574
f 3194/6967 3193/6966 3331/7105
f 3335/11934 3339/11933 3340/6685
f 3342/7102 3341/7101 3337/7109
f 3135/6908 3136/6750 3288/7112
f 3130/11953 3129/6435 3310/7115
f 3092/11749 3343/6537 3344/7117
f 3308/6499 3132/6434 3131/6409
f 3345/6418 3244/11913 3243/6741
f 3348/6624 3272/6739 3271/7121
f 3255/6416 3345/6418 3346/6626
f 3269/6691 3348/6624 3347/7125
f 3187/11893 3273/11896 3274/6616
f 3191/12260 3276/6614 3275/7129
f 3101/6933 3098/11808 3097/7131
f 3108/6705 3107/6882 3105/7132
f 3114/6883 3113/6468 3111/6929
f 3121/6925 3116/6884 3115/6704
f 3126/6885 3125/6887 3123/6923
f 3207/11687 3252/11689 3251/6575
f 3181/6958 3250/7000 3249/6568
f 3248/6688 3247/6997 3185/6959
f 3245/6570 3190/6665 3189/7137
f 3141/11726 3157/11725 3158/7140
f 3236/6987 3235/6989 3308/7118
f 3344/7117 3343/6537 3260/7144
f 3310/6500 3240/6610 3239/7146
f 3288/6587 3216/6589 3215/7147
f 3068/6648 3173/6647 3174/6401
f 3170/6947 3169/11643 3139/7149
f 3164/6535 3138/6900 3137/6437
f 3160/6941 3159/11909 3143/6903
f 3154/6539 3096/6538 3095/7150
f 3122/6703 3124/6922 2968/7151
f 2279/7152 3386/7258 3355/7153
f 3372/7263 3385/7262 2228/7156
f 1186/3054 3370/7193 3372/7155
f 1451/5059 3373/7267 3376/7158
f 3617/7272 3382/7271 2085/7160
f 3585/4576 2065/4575 3381/7163
f 3382/7276 3374/7278 1212/5056
f 1395/2937 1418/2936 3375/7167
f 2065/2958 1371/2957 3380/7170
f 1371/2961 1375/2960 3379/7173
f 1384/7178 3377/7180 3379/7176
f 1384/2966 1395/2937 3378/7179
f 1187/2982 1188/2981 3367/7181
f 1418/3032 1406/12175 3376/7183
f 3374/7296 3368/7197 1211/5033
f 3385/7299 3373/7298 1451/7187
f 3418/7189 3417/7192 3369/7190
f 3417/7192 3396/7264 3370/7193
f 3416/7195 3415/7198 3366/7196
f 3415/7198 3395/12269 3367/7199
f 28/2270 316/2272 3355/7201
f 293/5485 248/2267 3359/7203
f 926/2264 3365/7211 3689/7206
f 3679/7838 3690/7837 3364/7209
f 54/2255 3357/7229 3365/7211
f 237/7224 3361/7223 3358/7213
f 906/7210 3364/7209 3363/7216
f 213/7217 3363/7216 3362/7219
f 3362/7321 3360/7323 226/7221
f 226/7221 3360/7323 3361/7223
f 29/2252 3354/535 3350/15
f 260/7214 3358/7213 3359/7227
f 53/2239 3351/16 3357/7229
f 293/7202 3356/7204 3386/7231
f 3409/7233 3354/535 3352/7234
f 3408/7235 3352/7234 3353/7237
f 3351/16 3349/18 3406/7240
f 3406/7240 3349/18 3350/7243
f 389/1420 3406/7245 3387/1549
f 390/1411 3407/1413 3406/7245
f 343/7249 3408/7248 3388/2019
f 394/1425 3409/1547 3408/7248
f 1547/4225 1546/4226 3395/7251
f 1548/4214 1547/4225 3415/7253
f 1501/4232 1550/4231 3396/7255
f 1552/3049 1501/3048 3417/7257
f 3386/7258 3405/12270 3410/7259
f 3419/7261 3424/12271 3385/7262
f 3396/7264 3419/7261 3372/7265
f 3373/7267 3397/12272 3421/7268
f 3619/7270 3423/12273 3382/7271
f 3618/7164 3381/7163 3402/7274
f 3382/7271 3423/12273 3420/7277
f 3375/7293 3398/7295 3422/7279
f 3381/7171 3380/7170 3401/7281
f 3380/7174 3379/7173 3400/7284
f 3379/7176 3377/7180 3399/7287
f 3377/7180 3378/7179 3422/7290
f 3371/3339 3367/7181 3395/7292
f 3375/7184 3376/7183 3421/7294
f 3374/7278 3420/7277 3416/7195
f 3424/7297 3397/12272 3373/7298
f 3355/7260 3410/7259 3388/7238
f 3356/7204 3359/7203 3412/7301
f 3689/7206 3365/7211 3414/7304
f 3690/7834 3692/7833 3394/7307
f 3365/7211 3357/7229 3411/7310
f 3413/7312 3390/12274 3358/7313
f 3364/7308 3394/7307 3393/7316
f 3363/7317 3393/7316 3392/7319
f 3362/7320 3392/7319 3391/7322
f 3360/7323 3391/7322 3413/7312
f 3354/535 3409/7233 3387/7244
f 3358/7313 3390/12274 3412/7327
f 3357/7229 3351/16 3407/7330
f 3356/7300 3389/7302 3405/7333
f 3426/5396 3437/5395 3473/7336
f 3472/7338 3476/12275 3436/7339
f 1298/3360 1488/3359 3436/7342
f 3435/4865 3433/4867 3471/7344
f 3437/3747 3434/3746 3475/7346
f 1302/7351 3432/7350 3433/4867
f 1301/7349 3431/7442 3432/7350
f 1300/2976 3430/7355 3431/7353
f 1299/7358 3429/7357 3430/7355
f 1303/7361 3428/7360 3429/7357
f 1523/3158 3427/3225 3428/7360
f 3465/7362 3427/3225 3425/7363
f 1305/2968 1306/2970 3426/7365
f 3463/7366 3450/5503 3439/7367
f 3459/7374 3448/7373 3449/7370
f 140/928 3447/937 3449/2104
f 3458/7406 3446/7408 3448/7373
f 3461/7375 3447/937 3450/7376
f 3446/7408 3445/7407 144/7379
f 3445/7411 3444/7410 143/7382
f 3444/7414 3443/7413 142/7385
f 3443/7417 3442/7416 141/7388
f 3442/7420 3441/7419 145/394
f 365/397 145/396 3441/7391
f 3452/7392 3451/7422 3438/7393
f 147/172 3438/7393 3439/5505
f 363/403 118/402 3451/7396
f 38/562 3461/2099 3463/7398
f 36/583 3458/585 3459/7401
f 37/7402 3459/7401 3462/2101
f 2272/7404 3463/12276 3460/400
f 3447/937 3461/7375 3462/7371
f 3458/7406 3457/7409 3445/7407
f 3457/7409 3456/12277 3444/7410
f 3456/7412 3455/7415 3443/7413
f 3455/7415 3454/7418 3442/7416
f 3454/7418 3453/12278 3441/7419
f 3440/419 3441/7391 3453/7421
f 3451/7422 3460/7368 3439/7423
f 1521/4868 3465/3228 3464/3204
f 3473/7426 3475/4910 1196/7427
f 3472/7429 3471/3388 1194/7430
f 1195/4909 1487/3389 3476/7432
f 3474/7433 3473/12279 2221/7434
f 3434/7343 3436/7342 3476/7437
f 3432/7444 3470/7443 3471/7440
f 3431/7442 3469/12280 3470/7443
f 3430/7450 3468/7449 3469/7446
f 3429/7453 3467/7452 3468/7449
f 3428/7456 3466/7455 3467/7452
f 3427/3225 3465/7362 3466/7455
f 3426/7335 3474/7337 3464/7364
f 985/2391 3479/7526 3480/7458
f 2165/7507 3499/7509 3496/7460
f 2156/5172 3496/7460 3497/7462
f 996/2365 999/2364 3485/7465
f 2144/12221 2145/5115 3493/7468
f 1008/2383 1007/2382 3487/7471
f 2167/5174 2144/12221 3492/7474
f 983/7503 3477/7502 3481/7477
f 2155/5149 2157/5146 3497/7480
f 3616/7492 3622/7494 1021/7483
f 2167/7485 3501/12281 3500/7486
f 2142/5121 2146/5118 3494/7489
f 1006/7522 3486/7524 3487/7491
f 3616/7492 2158/7506 3498/7493
f 987/7478 3481/7477 3694/7496
f 997/2359 998/2358 3484/7499
f 984/7515 3478/7514 3477/7502
f 2155/7479 3495/7481 3498/7505
f 2165/5166 2166/5163 3500/7508
f 2143/5124 2142/5121 3490/7511
f 986/7459 3480/7458 3478/7514
f 3594/7516 2192/7828 3502/7517
f 2145/5115 2143/5124 3491/7520
f 1006/2385 997/2359 3483/7523
f 996/7464 3482/7466 3484/7525
f 1008/2390 3488/7537 3479/7526
f 3486/7524 3483/7523 3509/7528
f 3498/7545 3524/7544 3624/7530
f 3480/7560 3506/7559 3504/7532
f 3495/7481 3497/7480 3523/7535
f 3488/7537 3514/7605 3505/7538
f 3483/7500 3484/7499 3510/7541
f 3495/7534 3521/7536 3524/7544
f 3621/7518 3502/7517 3528/7547
f 3482/7561 3508/7563 3510/7550
f 3500/7486 3501/12281 3527/7553
f 3492/7469 3493/7468 3519/7556
f 3479/7539 3505/7538 3506/7559
f 3482/7466 3485/7465 3511/7562
f 3500/7552 3526/7554 3525/7564
f 3494/7666 3520/7665 3516/7565
f 3649/2368 3700/2367 3701/7567
f 3499/7509 3525/7564 3522/7570
f 3490/7490 3516/7565 3517/7572
f 3487/7583 3513/7585 3514/7573
f 3501/7475 3492/7474 3518/7575
f 3481/7477 3477/7502 3503/7578
f 3493/7521 3491/7520 3517/7581
f 3487/7491 3486/7524 3512/7584
f 3694/7496 3481/7477 3507/7587
f 3477/7502 3478/7514 3504/7590
f 3496/7571 3522/7570 3523/7593
f 3509/7542 3535/7608 3538/7595
f 3624/7530 3524/7544 3550/7597
f 3504/7532 3506/7559 3532/7600
f 3521/7536 3523/7535 3549/7603
f 3514/7605 3540/12282 3531/7606
f 3510/7615 3536/7614 3535/7608
f 3524/7544 3521/7536 3547/7610
f 3528/7814 3554/7816 3625/7612
f 3508/7563 3534/7622 3536/7614
f 3526/7554 3527/7553 3553/7617
f 3518/7557 3519/7556 3545/7620
f 3511/7817 3537/7819 3534/7622
f 3525/7564 3526/7554 3552/7624
f 3520/7663 3546/7662 3542/7627
f 3648/2352 1020/2351 3541/7630
f 3522/7570 3525/7564 3551/7633
f 3505/7607 3531/7606 3532/7636
f 3516/7628 3542/7627 3543/7639
f 3513/7585 3539/7651 3540/7642
f 3527/7576 3518/7575 3544/7645
f 3507/7579 3503/7578 3529/7648
f 3517/7640 3543/7639 3545/7650
f 3512/7529 3538/7595 3539/7651
f 3696/7588 3507/7587 3533/7653
f 3503/7591 3504/7590 3530/7656
f 3523/7593 3522/7570 3548/7659
f 3623/7548 3625/7612 3546/7662
f 3621/7546 3623/7548 3520/7665
f 3615/7671 3515/7673 3541/7668
f 2146/5118 3594/5112 3621/7664
f 3615/7687 3616/7686 3489/7672
f 3384/7682 3618/7681 3620/7675
f 3403/7677 3619/7270 3617/7678
f 2174/7758 3585/7757 3618/7681
f 3383/7679 3617/7678 3591/5050
f 2093/7769 3574/7768 3573/7684
f 2072/7803 3557/7802 3587/4597
f 2154/5153 2158/5152 3616/7686
f 2150/5136 2154/5153 3615/7689
f 2150/7688 3614/7690 3598/7692
f 2192/7828 3594/7516 3593/7695
f 2191/7696 3593/7695 3592/7698
f 2190/7699 3592/7698 3559/4405
f 2187/7739 3590/7738 3584/7702
f 2131/7780 3566/7779 3591/7161
f 2080/7787 3561/7786 3560/7705
f 5030/10850 5048/10849 3606/4550
f 3558/4686 3582/4688 2201/7708
f 2197/7861 3575/4442 3576/4453
f 1028/7864 1029/7866 3613/7711
f 1029/7867 1030/7869 3612/7713
f 1030/7870 2202/7872 3581/7716
f 2203/12157 3578/4484 3579/7720
f 2199/7873 1026/7875 3611/7721
f 1026/7876 1025/7878 3600/7723
f 2183/7745 3589/7744 3586/7726
f 2193/12155 3569/4427 3570/4435
f 2172/12154 3567/4421 3568/4429
f 3403/7884 2177/7883 3565/7731
f 2175/12152 3562/4406 3563/4414
f 3588/4618 3609/4617 1018/7735
f 1017/7737 3610/4613 3590/7738
f 3404/7740 3620/4610 3608/7741
f 2184/4533 3583/7763 3589/7744
f 3555/4606 3588/4605 2185/7747
f 3609/4603 3610/4602 1017/7750
f 1013/7742 3608/7741 3607/7753
f 2179/7727 3586/7726 3587/5186
f 2189/7703 3584/7702 3585/7757
f 1010/7754 3607/7753 3597/2944
f 2100/7800 3599/7799 3606/7761
f 2113/4685 2114/4684 3583/7763
f 2107/4672 3581/7716 3580/7764
f 2105/4487 2106/4667 3580/7765
f 2104/12213 3578/4664 3577/4660
f 2096/7790 3605/7789 3576/4682
f 2094/4531 3575/4680 3574/7768
f 2092/5190 3573/7684 3572/7771
f 2091/7772 3572/7771 3571/7774
f 2090/7775 3571/7774 3570/4642
f 2088/4430 3569/4640 3568/4638
f 2086/4424 3567/4636 3566/7779
f 2084/4631 3565/7731 3564/7782
f 2083/7783 3564/7782 3563/4627
f 2081/4409 3562/4625 3561/7786
f 2076/4888 3560/7705 3559/5090
f 2097/7793 3603/7792 3605/7789
f 2098/10852 3604/10854 3603/7792
f 2110/4499 2111/4590 3601/7794
f 5031/4589 2112/4588 3558/7796
f 2101/4658 3600/7723 3599/7799
f 2071/7809 3556/7808 3557/7802
f 2068/7693 3598/7692 3595/7805
f 2066/4604 3555/4606 3556/7808
f 2062/7813 3596/7812 3597/4572
f 2061/7806 3595/7805 3596/7812
f 3528/7822 3696/7821 3698/7815
f 3511/7825 3695/7824 3697/7818
f 3502/7820 3694/7586 3696/7821
f 3485/7823 3693/12283 3695/7824
f 3688/7497 3694/7496 3502/7827
f 3649/7566 3693/7568 3485/7830
f 3384/7674 3404/7676 3692/7833
f 3383/7683 3689/7839 3691/7835
f 2174/7680 3384/7682 3690/7837
f 2168/2258 3685/2260 3689/7839
f 934/1869 933/2406 3668/7841
f 913/1805 911/2399 3681/7844
f 999/2364 995/7846 3649/7829
f 991/7847 3647/2350 3648/2366
f 3630/2346 3647/2345 991/7849
f 3687/2309 3688/2322 2192/7694
f 3686/2307 3687/2309 2191/7697
f 3654/2300 3686/2299 2190/7700
f 2187/7701 2189/7703 3678/7854
f 3685/2260 3661/2259 972/7856
f 921/1840 917/1838 3655/7858
f 5030/7706 1023/4549 3639/1899
f 2201/4534 3676/1742 3653/730
f 2197/7710 2198/4452 3671/7862
f 1028/3536 3634/731 3646/7865
f 1029/7866 3646/7865 3645/7868
f 1030/7869 3645/7868 3675/7871
f 3638/1882 3673/1881 2203/7719
f 2199/1689 3672/1691 3644/7874
f 1026/7875 3644/7874 3632/7877
f 2183/7725 2179/7727 3680/7880
f 3665/1861 3664/1860 2193/7728
f 3663/1858 3662/1857 2172/7729
f 3691/1852 3660/1851 2177/7883
f 3658/1845 3657/1844 2175/7733
f 1018/7751 3642/7891 3682/7885
f 1017/7737 2187/7739 3684/7887
f 1013/7892 3641/7894 3692/7889
f 2184/7743 2183/7745 3683/7890
f 2185/7736 3682/7885 3650/221
f 1017/7886 3643/7888 3642/7891
f 1013/7752 1010/7754 3640/7893
f 2179/7755 2180/5185 3681/7896
f 2189/7756 2174/7758 3679/7899
f 3629/1795 3640/1794 1010/7759
f 941/1807 940/1902 3639/7903
f 954/1748 3676/12158 3677/1829
f 3674/1697 3675/1698 948/7907
f 946/1880 3638/1882 3674/7906
f 3672/1691 3673/1690 945/7911
f 3671/1658 3637/1657 937/7914
f 3669/1651 3670/1650 935/7916
f 3667/1646 3668/1648 933/7918
f 3666/1645 3667/1644 932/7921
f 3665/1642 3666/1641 931/7923
f 3663/1636 3664/1635 929/7924
f 3661/1630 3662/1629 927/7926
f 3659/1624 3660/1623 925/7929
f 3658/1621 3659/1620 924/7931
f 3656/1615 3657/1614 922/7932
f 3654/1612 3655/1611 917/7933
f 3637/793 3635/792 938/7935
f 3635/742 3636/741 939/7938
f 951/1705 3634/1893 3633/7941
f 5014/10841 5051/10840 3653/1898
f 3631/723 3632/722 942/7944
f 912/1806 913/1805 3652/7946
f 3627/23 3630/224 909/7949
f 907/1518 912/1802 3651/7951
f 903/1798 905/1797 3629/7953
f 902/1792 903/1791 3628/7955
f 3710/7956 3702/8039 3763/7957
f 3742/7959 3704/12284 3765/7960
f 3768/8004 3708/8003 3710/7956
f 3770/7963 3706/12285 3718/7964
f 3704/7966 3742/8139 4014/7967
f 3795/7969 3780/7978 3712/7970
f 3789/8542 3776/8570 3717/7973
f 3779/8568 3777/8567 3714/7976
f 3780/8562 3779/8561 3713/7979
f 3785/8556 3783/8555 3718/7982
f 3787/8550 3785/8549 3721/7985
f 3788/8544 3787/8543 3719/7988
f 3796/8001 3727/8000 3729/7991
f 3791/7993 3729/12286 3730/7994
f 3793/7995 3730/7994 3726/7997
f 3795/7969 3728/7971 3727/8000
f 3799/7998 3726/7997 3708/8003
f 3821/8005 3752/12287 3736/8006
f 3815/8008 3748/12288 3741/8009
f 3805/8016 3737/8015 3738/8012
f 3806/8007 3736/8006 3737/8015
f 3702/8017 3710/8083 3918/8018
f 3811/8020 3745/12289 3742/7959
f 3813/8026 3743/8025 3745/8022
f 3814/8024 3744/12290 3743/8025
f 3753/8027 3751/8036 3822/8028
f 3754/8030 3753/12291 3817/8031
f 3750/8033 3754/8030 3819/8034
f 3751/8036 3752/12287 3821/8037
f 3702/8039 3750/8033 3825/8040
f 3894/8042 3907/8166 3849/8043
f 3772/8045 3773/8151 5193/8046
f 3727/8048 3728/8237 3931/8049
f 3942/8051 3839/8392 3836/8052
f 3724/8054 3717/8413 3945/8055
f 3937/8057 3838/8422 3827/8058
f 3960/8060 3834/8404 5175/8061
f 3836/8398 3834/8400 3960/8064
f 3719/8233 3958/8232 3936/8067
f 3729/8123 3970/8125 3973/8070
f 3840/8388 3847/8387 3981/8073
f 3848/8376 3842/8375 3979/8076
f 3712/8078 3713/8272 3949/8079
f 3708/8129 3895/8128 3918/8082
f 3751/8199 4033/8198 3990/8085
f 4003/8087 4029/12292 3862/8088
f 3748/8321 4002/8320 4006/8091
f 3996/8764 4000/8763 3853/8094
f 3745/8096 3743/8349 4023/8097
f 4027/8821 5186/8823 5177/8100
f 3738/8102 3737/8260 4008/8103
f 3753/8105 3754/8489 4038/8106
f 4048/8248 3873/8247 3866/8109
f 4044/8278 3868/8277 3874/8112
f 3871/8114 3856/8279 3993/8115
f 3775/8257 3883/8256 3919/8118
f 3758/8120 3756/8353 4047/8121
f 3729/8123 3727/8048 3966/8124
f 3919/8118 3894/8042 3766/8126
f 3726/8275 3906/8274 3895/8128
f 3952/8230 3828/8229 3826/8131
f 3706/8133 3901/12293 3913/8134
f 3757/8136 3739/8337 3987/8137
f 3742/8139 3745/8096 4017/8140
f 3844/8428 3831/8427 3927/8143
f 3752/8086 3990/8085 3994/8146
f 3969/8148 3967/8178 3846/8149
f 3773/8151 3877/12294 5200/8152
f 3972/8154 3969/12295 3841/8155
f 3861/8336 5178/8335 5183/8161
f 3907/8166 3972/8154 3843/8167
f 3892/8113 3874/8112 3774/8170
f 3863/8330 3861/8329 4018/8173
f 3755/8306 3891/8305 3886/8176
f 3967/8178 3930/12296 3845/8179
f 3847/8370 3844/8369 3925/8182
f 3744/8184 3738/8102 3999/8185
f 3845/8179 3930/12296 3934/8188
f 3838/8422 3937/8057 3957/8191
f 3850/8440 3767/8439 3898/8194
f 3839/8392 3942/8051 3946/8132
f 3753/8105 4035/8107 4033/8198
f 3829/8212 3948/8211 3939/8059
f 4011/8201 4005/12297 3852/8202
f 3842/8382 3840/8381 3976/8208
f 3830/8189 3934/8188 3948/8211
f 4027/8099 3860/8101 3862/8214
f 3988/8298 3857/8300 3870/8217
f 3872/8254 4032/8253 4036/8220
f 3718/8135 3913/8134 3955/8223
f 3867/8225 4036/12298 4039/8226
f 3927/8143 3831/8427 3828/8229
f 3721/8224 3955/8223 3958/8232
f 3767/8364 3848/8363 3909/8235
f 3728/8237 3712/8078 3933/8238
f 3904/8240 5198/12299 5188/8241
f 3869/8227 4039/8226 3888/8244
f 3984/8218 3870/8217 3873/8247
f 3835/8249 3954/8681 5180/8250
f 3871/8114 3991/8116 4032/8253
f 3875/8245 3888/8244 3883/8256
f 3736/8147 3994/8146 4008/8259
f 3864/8324 3863/8323 4024/8261
f 3837/8192 3957/8191 3954/8263
f 3885/8171 3774/8170 3850/8193
f 3865/8322 3852/8352 4005/8266
f 3855/8348 3853/8347 4000/8268
f 3714/8421 3940/8420 3949/8271
f 3730/8071 3973/8070 3906/8274
f 4041/8276 3866/8310 3868/8277
f 3856/8342 3855/8341 4009/8280
f 3761/8242 5188/8241 5190/8283
f 2831/8285 2955/11949 2764/6735
f 3750/8286 3702/8017 3882/8287
f 3770/8289 3771/11139 5172/8290
f 3703/8177 3886/8176 3922/8293
f 3874/8309 3875/8308 3775/8296
f 3988/8298 4011/8201 3854/8299
f 3870/8358 3871/8357 3872/8302
f 3759/8315 4045/8314 3891/8305
f 3868/8312 3869/8311 3875/8308
f 3866/8310 3867/8225 3869/8311
f 3758/8120 4042/8122 4045/8314
f 3873/8303 3872/8302 3867/8317
f 3747/8325 4030/8327 4002/8320
f 3865/8089 3862/8088 3863/8323
f 3747/8325 3749/8333 4026/8326
f 3862/8328 3860/12300 3861/8329
f 3746/8577 4021/8579 4026/8332
f 3860/8101 5177/8100 5178/8335
f 3739/8337 3740/8345 4012/8338
f 3857/8300 3854/8299 3855/8341
f 3741/8092 4006/8091 4012/8344
f 3854/8203 3852/8202 3853/8347
f 3743/8349 3744/8184 3997/8350
f 3864/8095 3853/8094 3852/8352
f 3756/8353 3757/8136 3985/8354
f 3857/8340 3856/8342 3871/8357
f 3731/8359 3709/8435 3897/8360
f 3766/8044 3849/8043 3848/8363
f 3732/8385 3982/8384 3924/8366
f 3846/8180 3845/8179 3844/8369
f 3735/8371 3731/8359 3910/8372
f 3849/8168 3843/8167 3842/8375
f 3734/8377 3735/8371 3978/8378
f 3843/8156 3841/8155 3840/8381
f 3734/8377 3975/8379 3982/8384
f 3841/8150 3846/8149 3847/8387
f 3723/8389 3724/8054 3943/8390
f 3839/8392 3838/8190 3837/8393
f 3723/8389 3963/8391 3961/8396
f 3836/8398 3837/12301 3835/8399
f 3722/8401 3725/8397 3961/8402
f 3834/8400 3835/8399 5176/8405
f 3715/8425 3928/8424 3951/8408
f 3831/8410 3830/8210 3829/8411
f 3717/8413 3716/8409 3951/8414
f 3828/8412 3829/8411 3827/8417
f 3720/8068 3936/8067 3940/8420
f 3838/8190 3839/8392 3826/8418
f 3733/8367 3924/8366 3928/8424
f 3845/8187 3830/8189 3831/8427
f 3722/8401 3915/8403 3903/8430
f 4020/8432 3879/12302 5201/8433
f 3709/8435 3711/8294 3922/8436
f 3851/8119 3766/8126 3767/8439
f 3762/8446 3824/8445 3755/8442
f 3763/8041 3825/8040 3824/8445
f 3823/8452 3820/8451 3757/8448
f 3822/8038 3821/8037 3820/8451
f 3824/8458 3818/8457 3759/8454
f 3825/8035 3819/8034 3818/8457
f 3818/8464 3816/8463 3758/8460
f 3819/8032 3817/8031 3816/8463
f 3816/8470 3823/8469 3756/8466
f 3817/8029 3822/8028 3823/8469
f 3748/12288 3815/8008 3812/8472
f 3815/8474 3814/8024 3813/8475
f 3812/8480 3810/8482 3749/8478
f 3812/8480 3813/12303 3811/8481
f 3749/8478 3810/8482 3808/8484
f 3810/8482 3811/8481 3809/8487
f 3754/8489 3750/8286 3889/8490
f 3774/8297 3775/8296 3851/8438
f 3739/8493 3807/8496 3804/8494
f 3807/8496 3806/8014 3805/8497
f 3740/8495 3804/8494 3802/8010
f 3804/8498 3805/8497 3803/8501
f 3744/12290 3814/8024 3803/8013
f 3814/8024 3815/8474 3802/8502
f 3820/8510 3807/8509 3739/8506
f 3821/8005 3806/8007 3807/8509
f 3731/8525 3798/8524 3769/8512
f 3798/8528 3799/8527 3768/8515
f 3733/8573 3794/8572 3797/8518
f 3794/8576 3795/8575 3796/8521
f 3735/8531 3792/8530 3798/8524
f 3792/8534 3793/8533 3799/8527
f 3734/8529 3790/8532 3792/8530
f 3790/8532 3791/7993 3793/8533
f 3732/8519 3797/8518 3790/8536
f 3797/8522 3796/8521 3791/8539
f 3724/7974 3723/12304 3786/8541
f 3789/7972 3786/8541 3787/8543
f 3725/8551 3784/8553 3786/8546
f 3786/8546 3784/8553 3785/8549
f 3725/8551 3722/8583 3782/8552
f 3784/8553 3782/8552 3783/8555
f 3715/8557 3716/8563 3778/8558
f 3781/8559 3778/8558 3779/8561
f 3716/8563 3717/7973 3776/8564
f 3778/8565 3776/8564 3777/8567
f 3720/7989 3714/7976 3777/8569
f 3788/7987 3777/8569 3776/8570
f 3715/8557 3781/8559 3794/8572
f 3781/8560 3780/8562 3795/8575
f 3746/8577 3705/12305 3880/8578
f 3832/11205 5187/11204 5197/8581
f 3722/8583 3707/12306 3771/8584
f 3782/8585 3771/8584 3770/7963
f 3709/8513 3769/8512 3800/8588
f 3769/8516 3768/8515 3801/8591
f 3746/8485 3808/8484 3764/8594
f 3809/7961 3765/7960 3764/8596
f 3800/8592 3762/8598 3703/8597
f 3801/7958 3763/7957 3762/8598
f 3885/8265 3887/8635 3893/8599
f 3887/8638 3886/8637 3891/8601
f 3889/8288 3882/8287 3884/8604
f 3884/8634 3883/8633 3888/8607
f 3907/8166 3894/8042 3896/8610
f 3896/8731 3895/8733 3906/8613
f 3910/8361 3897/8360 3899/8616
f 3911/8618 3899/8750 3898/8236
f 5180/8683 3914/8682 3902/8620
f 3914/8686 3913/8685 3901/8623
f 3915/8707 3917/8709 3905/8626
f 3917/8710 5181/8062 5182/8629
f 3918/8018 3920/12307 3884/8631
f 3920/8632 3919/8118 3883/8633
f 3921/8195 3923/12308 3887/8635
f 3923/8636 3922/8293 3886/8637
f 3927/8143 3929/12309 3926/8639
f 3929/8640 3928/8424 3924/8641
f 3931/8239 3933/8238 3935/8644
f 3932/8646 3935/12310 3934/8647
f 3939/8661 3941/8660 3938/8649
f 3941/8664 3940/8663 3936/8651
f 3943/8056 3945/8055 3947/8654
f 3947/8674 3946/8673 3942/8657
f 3948/8665 3950/8667 3941/8660
f 3950/8668 3949/8079 3940/8663
f 3948/8211 3934/8188 3935/8666
f 3950/8668 3935/8644 3933/8080
f 3945/8415 3951/8414 3953/8670
f 3953/8680 3952/8679 3946/8673
f 3928/8424 3929/8640 3953/8676
f 3929/12309 3927/8143 3952/8679
f 3954/8689 3956/8688 3914/8682
f 3956/8692 3955/8691 3913/8685
f 3957/8687 3959/12311 3956/8688
f 3959/8698 3958/8697 3955/8691
f 3937/8057 3938/8649 3959/8694
f 3938/8652 3936/8651 3958/8697
f 3963/8391 3965/8703 3962/8700
f 3962/8702 3965/12312 3964/8065
f 3943/8653 3944/8655 3965/8703
f 3944/8658 3942/8657 3964/8705
f 3915/8403 3961/8402 3962/8708
f 3917/8710 3962/8702 3960/8060
f 3967/8711 3969/8715 3971/8712
f 3968/8713 3971/8712 3970/8125
f 3969/8715 3972/12313 3974/8716
f 3974/8724 3973/8723 3970/8718
f 3972/8154 3907/8166 3908/8720
f 3908/8614 3906/8613 3973/8723
f 3930/8725 3967/8711 3968/8726
f 3932/8727 3968/8726 3966/8050
f 3894/8042 3919/8118 3920/8729
f 3896/8731 3920/12307 3918/8732
f 3975/8738 3977/8740 3983/8735
f 3983/8737 3977/12314 3976/8074
f 3975/8379 3978/8378 3980/8739
f 3977/8741 3980/8745 3979/8209
f 3978/8373 3910/8372 3911/8743
f 3980/8745 3911/8618 3909/8077
f 3982/8736 3983/8735 3926/8642
f 3926/8639 3983/8737 3981/8183
f 3897/8437 3922/8436 3923/8748
f 3899/8750 3923/12308 3921/8195
f 3985/8138 3987/8137 3989/8752
f 3986/8754 3989/12315 3988/8216
f 3993/8115 3995/12316 3992/8755
f 3995/8756 3994/8146 3990/8757
f 3997/8186 3999/8185 4001/8760
f 3998/8762 4001/8774 4000/8763
f 4003/8087 4005/8266 4007/8766
f 4007/8784 4006/8783 4002/8769
f 3999/8104 4008/8103 4010/8772
f 4001/8774 4010/8778 4009/8269
f 3994/8146 3995/8756 4010/8776
f 4010/8778 3995/12316 3993/8281
f 4005/12297 4011/8201 4013/8780
f 4013/8788 4012/8338 4006/8783
f 4011/8201 3988/8298 3989/8786
f 4013/8788 3989/8752 3987/8339
f 3876/7968 4014/7967 4016/8790
f 3878/8792 4016/8798 5183/8793
f 4014/8141 4017/8140 4019/8796
f 4016/8798 4019/8802 4018/8162
f 4017/8098 4023/8097 4025/8800
f 4019/8802 4025/12317 4024/8803
f 4023/8351 3997/8350 3998/8806
f 4025/8808 3998/8762 3996/8093
f 4029/8215 4031/12318 4028/8809
f 4028/8810 4031/8814 4030/8327
f 4029/12292 4003/8087 4004/8812
f 4031/8814 4004/8770 4002/8815
f 5185/11161 5186/11160 4022/8818
f 3881/8820 4022/8826 4021/8579
f 4027/8213 4028/8809 4022/8822
f 4028/8810 4026/8326 4021/8825
f 4035/8833 4037/8835 4034/8828
f 4037/8835 4036/8836 4032/8831
f 4035/8107 4038/8106 4040/8834
f 4040/8834 4039/12319 4036/8836
f 4038/8491 3889/8490 3890/8838
f 3890/8608 3888/8607 4039/8841
f 4033/8829 4034/8828 3992/8758
f 4034/8832 4032/8831 3991/8845
f 4041/8110 4043/12320 4049/8847
f 4049/8848 4043/8852 4042/8122
f 4044/8111 4046/8853 4043/8849
f 4046/8856 4045/8855 4042/8851
f 3892/8169 3893/8599 4046/8853
f 3893/8602 3891/8601 4045/8855
f 4048/8108 4049/8847 3986/8754
f 3986/8753 4049/8848 4047/8355
f 2207/5412 4074/12321 4064/8860
f 1472/3253 1473/3255 4068/8862
f 1471/3240 4066/8896 4065/8865
f 309/438 4050/8868 4051/8867
f 315/447 4056/8901 4050/8868
f 320/8917 4059/8919 4058/8869
f 1473/3246 1467/3248 4062/8871
f 1478/3237 1477/3239 4070/8874
f 312/258 317/257 4057/8877
f 1478/8873 4071/8875 4074/8879
f 1477/3239 1536/12218 4073/8881
f 310/2132 4051/8867 4060/8884
f 1470/8866 4065/8865 4069/8886
f 1468/12182 1493/3256 4072/8888
f 314/434 313/433 4054/8891
f 1536/12218 1475/4847 4069/8894
f 1472/3242 4067/12322 4066/8896
f 319/431 4058/8869 4061/8897
f 311/452 335/449 4060/8899
f 314/446 4055/12323 4056/8901
f 2258/5521 311/452 4052/8903
f 378/2065 4061/8897 4057/8906
f 1467/3248 1468/12182 4063/8909
f 1469/3259 4064/8860 4072/8912
f 313/435 312/258 4053/8915
f 320/809 2258/811 4075/8918
f 2259/8920 4088/12324 4086/462
f 298/436 299/2130 4084/8922
f 307/429 377/2063 4087/8925
f 294/2037 376/2036 4087/8927
f 2259/810 308/8942 4081/8929
f 336/12136 4085/454 4086/5520
f 334/451 4085/460 4084/8932
f 298/8921 4083/8923 4078/8934
f 302/8941 4082/8940 4076/8937
f 303/8939 4079/12325 4082/8940
f 4080/8926 4081/8929 308/8942
f 304/8935 4078/8934 4079/8944
f 301/8938 4076/8937 4077/2038
f 4099/3270 4101/12326 2208/8947
f 1456/8954 4096/8956 4097/8948
f 1465/8965 4093/8964 4100/4846
f 1452/3060 4090/12176 4100/4863
f 2208/8950 4101/12327 4094/8951
f 4099/5411 4098/3263 1494/8953
f 4097/8948 4098/3269 1492/3258
f 1456/3247 1462/3254 4091/8955
f 1460/3245 1459/3244 4089/8958
f 1461/3241 1460/3245 4095/8961
f 1466/8952 4094/8951 4093/8964
f 1462/3254 1461/12181 4092/8967
f 1459/3057 1463/4849 4090/8970
f 4229/8972 4105/12328 4103/8973
f 4111/9062 4113/9061 4117/8976
f 4115/8977 4117/8976 4121/8979
f 4119/8981 4121/12329 4125/8982
f 4123/8983 4125/8982 4129/8985
f 4127/8986 4129/8985 4133/8988
f 4131/8989 4133/8988 4137/8991
f 4135/8992 4137/8991 4141/8994
f 4139/8995 4141/8994 4145/8997
f 4143/8998 4145/8997 4149/9000
f 4147/9001 4149/9000 4153/9003
f 4151/9005 4153/12330 4157/9006
f 4155/9007 4157/9006 4161/9009
f 4159/9010 4161/9009 4165/9012
f 4163/9013 4165/9012 4169/9015
f 4169/9015 4173/9018 4171/9017
f 4173/9018 4177/9021 4175/9019
f 4177/9021 4181/9024 4179/9022
f 4181/9024 4185/12331 4183/9025
f 4185/9027 4189/9030 4187/9028
f 4189/9030 4193/9033 4191/9031
f 4193/9033 4197/9036 4195/9034
f 4197/9036 4201/9039 4199/9037
f 4201/9039 4205/9042 4203/9040
f 4205/9042 4209/9045 4207/9043
f 4209/9045 4213/9048 4211/9046
f 4213/9048 4217/12332 4215/9049
f 4217/9051 4221/9054 4219/9052
f 4221/9054 4225/9057 4223/9055
f 4225/9057 4229/8972 4227/9058
f 4107/9068 4109/9067 4113/9061
f 4622/9063 4674/12333 4670/9064
f 4103/8973 4105/12328 4109/9067
f 4489/9069 4491/12334 4362/9070
f 4424/9478 4361/9477 4363/9073
f 4428/9075 4426/9074 4363/9076
f 4428/9075 4365/9077 4367/9079
f 4430/9080 4367/9079 4369/9082
f 4434/9084 4432/9083 4369/9085
f 4434/9084 4371/9086 4373/9088
f 4436/9089 4373/9088 4375/9091
f 4440/9093 4438/9092 4375/9094
f 4440/9093 4377/9095 4379/9097
f 4442/9098 4379/9097 4381/9100
f 4444/9101 4381/9100 4383/9103
f 4448/9742 4446/9744 4383/9106
f 4448/9105 4385/9107 4387/9109
f 4450/9110 4387/9109 4389/9112
f 4454/9749 4452/9751 4389/9115
f 4454/9114 4391/9116 4393/9118
f 4456/9119 4393/9118 4395/9121
f 4458/9122 4395/9121 4397/9124
f 4460/9125 4397/9124 4399/9127
f 4464/9129 4462/9128 4399/9130
f 4466/9759 4464/9761 4401/9133
f 4468/9762 4466/9764 4403/9136
f 4470/9138 4468/9135 4405/9139
f 4472/9141 4470/9138 4407/9142
f 4474/9771 4472/9773 4409/9145
f 4474/9144 4411/9146 4413/9148
f 4476/9149 4413/9148 4415/9151
f 4478/9152 4415/9151 4417/9154
f 4482/9156 4480/9155 4417/9157
f 4420/9159 4549/12335 4486/9160
f 4482/9156 4419/9158 4421/9163
f 4423/9165 4484/9164 4421/9166
f 4356/9485 4293/9487 4262/9169
f 4107/9179 4106/9178 4102/9172
f 4105/9350 4104/9352 4108/9175
f 4111/9185 4110/9184 4106/9178
f 4109/9176 4108/9175 4112/9181
f 4115/9191 4114/9190 4110/9184
f 4113/9182 4112/9181 4116/9187
f 4119/9197 4118/9196 4114/9190
f 4117/9192 4116/12070 4120/9193
f 4123/9203 4122/9202 4118/9196
f 4121/9194 4120/9193 4124/9199
f 4127/9209 4126/9208 4122/9202
f 4125/9200 4124/9199 4128/9205
f 4131/9215 4130/9214 4126/9208
f 4129/9206 4128/9205 4132/9211
f 4135/9213 4134/12049 4130/9214
f 4133/9212 4132/9211 4136/9217
f 4139/8996 4138/9223 4134/9219
f 4137/9218 4136/9217 4140/9221
f 4143/8998 4142/12336 4138/9223
f 4141/9222 4140/9221 4144/9225
f 4147/9235 4146/9234 4142/9228
f 4145/9226 4144/9225 4148/9231
f 4151/9241 4150/9240 4146/9234
f 4149/9232 4148/9231 4152/9237
f 4155/9239 4154/12043 4150/9240
f 4153/9238 4152/9237 4156/9243
f 4159/9011 4158/9249 4154/9245
f 4157/9244 4156/9243 4160/9247
f 4163/9014 4162/9253 4158/9249
f 4161/9248 4160/9247 4164/9251
f 4167/9257 4166/9259 4162/9253
f 4165/9252 4164/9251 4168/9255
f 4167/9016 4171/9017 4170/9258
f 4173/9260 4169/9256 4168/9261
f 4171/9020 4175/9019 4174/9264
f 4177/9266 4173/9260 4172/9267
f 4175/9023 4179/9022 4178/9270
f 4181/9272 4177/9266 4176/9273
f 4179/9026 4183/9025 4182/9276
f 4185/9278 4181/9272 4180/9279
f 4183/9281 4187/12337 4186/9282
f 4189/9284 4185/9278 4184/9285
f 4187/9032 4191/9031 4190/9288
f 4193/9290 4189/9284 4188/9291
f 4191/9035 4195/9034 4194/9294
f 4197/9296 4193/9290 4192/9297
f 4195/9038 4199/9037 4198/9300
f 4201/9302 4197/9296 4196/9303
f 4199/9041 4203/9040 4202/9306
f 4205/9308 4201/9302 4200/9309
f 4203/9044 4207/9043 4206/9312
f 4209/9045 4205/9042 4204/9315
f 4207/9317 4211/9323 4210/9318
f 4213/9320 4209/12338 4208/9321
f 4211/9323 4215/9329 4214/9324
f 4217/9326 4213/9320 4212/9327
f 4215/9329 4219/9335 4218/9330
f 4221/9332 4217/9326 4216/9333
f 4219/9335 4223/9341 4222/9336
f 4225/9057 4221/9054 4220/9339
f 4223/9341 4227/9347 4226/9342
f 4229/8972 4225/9057 4224/9345
f 4227/9347 4103/9173 4102/9348
f 4105/12328 4229/8972 4228/9351
f 4626/9065 4670/9064 4666/9354
f 4364/9427 4493/9426 4495/9357
f 4495/9885 4497/9887 4368/9359
f 4497/9360 4499/12339 4370/9361
f 4370/9361 4499/12339 4501/9364
f 4501/9364 4503/9367 4374/9366
f 4503/9897 4505/9899 4376/9368
f 4376/9368 4505/9899 4507/9371
f 4378/9372 4507/9371 4509/9374
f 4380/9375 4509/9374 4511/9377
f 4511/9909 4513/9911 4384/9379
f 4513/9380 4515/12340 4386/9381
f 4386/9381 4515/12340 4517/9384
f 4388/9385 4517/9384 4519/9387
f 4519/9921 4521/9923 4392/9389
f 4392/9389 4521/9923 4523/9391
f 4523/9927 4525/9929 4396/9393
f 4525/9394 4527/12341 4398/9395
f 4398/9395 4527/12341 4529/9398
f 4529/9936 4531/9938 4402/9400
f 4531/9939 4533/9941 4404/9402
f 4404/9402 4533/9941 4535/9405
f 4406/9406 4535/9405 4537/9408
f 4537/9948 4539/9950 4410/9410
f 4410/9410 4539/9950 4541/9412
f 4541/9954 4543/9956 4414/9414
f 4543/9415 4545/12342 4416/9416
f 4416/9416 4545/12342 4547/9419
f 4547/9963 4549/9965 4420/9421
f 4425/9641 4231/9640 4230/9423
f 4362/9070 4491/12334 4493/9426
f 4320/9814 4318/9816 4274/9429
f 4469/9767 4471/9766 4254/9432
f 4316/9440 4273/9442 4274/9435
f 4469/9431 4253/9433 4252/9438
f 4316/9808 4314/9810 4272/9441
f 4465/9443 4467/9439 4252/9444
f 4312/9454 4271/9453 4272/9447
f 4463/9758 4465/9757 4251/9450
f 4310/9460 4270/9459 4271/9453
f 4463/9449 4250/9451 4249/9456
f 4308/9466 4269/9465 4270/9459
f 4459/9461 4461/9457 4249/9462
f 4306/9473 4268/9475 4269/9465
f 4298/9785 4296/9787 4263/9468
f 4457/9470 4459/9461 4248/9471
f 4306/9797 4304/9799 4267/9474
f 4423/9165 4358/9167 4361/9477
f 4455/9479 4457/9470 4247/9480
f 4302/9491 4266/9493 4267/9483
f 4356/9866 4354/9868 4292/9486
f 4455/9479 4246/9481 4245/9489
f 4302/9791 4300/9793 4265/9492
f 4354/9494 4352/9503 4291/9495
f 4451/9748 4453/9747 4245/9498
f 4298/9467 4264/9469 4265/9501
f 4352/9860 4350/9862 4290/9504
f 4451/9497 4244/9499 4243/9507
f 4350/9509 4348/9515 4289/9510
f 4449/9508 4243/9507 4242/9513
f 4348/9515 4346/9663 4288/9516
f 4445/9741 4447/9740 4242/9519
f 4262/9590 4230/9592 4231/9522
f 4263/9523 4231/9522 4232/9524
f 4265/9501 4264/9469 4232/9526
f 4265/9525 4233/9527 4234/9528
f 4267/9483 4266/9493 4234/9530
f 4267/9529 4235/9531 4236/9532
f 4268/9475 4236/9532 4237/9534
f 4270/9459 4269/9465 4237/9537
f 4271/9453 4270/9459 4238/9540
f 4271/9539 4239/9541 4240/9543
f 4273/9442 4272/9441 4240/9546
f 4274/9435 4273/9442 4241/9520
f 4275/9430 4274/9429 4242/9550
f 4275/9549 4243/9551 4244/9553
f 4277/9555 4276/9554 4244/9499
f 4278/9606 4277/9605 4245/9557
f 4278/9556 4246/9558 4247/9560
f 4279/9561 4247/9560 4248/9563
f 4281/9565 4280/9564 4248/9463
f 4281/9565 4249/9462 4250/9567
f 4283/9569 4282/9568 4250/9451
f 4284/9647 4283/9646 4251/9445
f 4284/9570 4252/9444 4253/9572
f 4286/9574 4285/9573 4253/9433
f 4287/9575 4286/9574 4254/9576
f 4288/9665 4287/9664 4255/9579
f 4288/9578 4256/9580 4257/9581
f 4289/9517 4257/9581 4258/9582
f 4291/9505 4290/9504 4258/9584
f 4292/9496 4291/9495 4259/9587
f 4292/9586 4260/9588 4261/9589
f 4262/9169 4293/9487 4261/9591
f 4471/9770 4473/9769 4255/9577
f 4322/9817 4320/9819 4275/9552
f 4475/9603 4256/9602 4255/9596
f 4322/9594 4276/9554 4277/9599
f 4477/9609 4257/9608 4256/9602
f 4326/9823 4324/9825 4277/9605
f 4479/9614 4258/9613 4257/9608
f 4485/9781 4422/9780 4230/9592
f 4328/9611 4326/9604 4278/9559
f 4481/9621 4259/9620 4258/9613
f 4427/9724 4429/9723 4233/9527
f 4328/9611 4279/9561 4280/9617
f 4483/9630 4260/9629 4259/9620
f 4431/9631 4234/9530 4233/9623
f 4330/9618 4280/9617 4281/9626
f 4485/9610 4261/9591 4260/9629
f 4431/9631 4433/9635 4235/9531
f 4334/9833 4332/9835 4281/9566
f 4435/9642 4236/9644 4235/9634
f 4334/9632 4282/9568 4283/9637
f 4427/9615 4232/9526 4231/9640
f 4435/9730 4437/9729 4237/9643
f 4338/9645 4336/9638 4283/9646
f 4439/9652 4238/9540 4237/9649
f 4340/9842 4338/9844 4284/9571
f 4439/9734 4441/9733 4239/9541
f 4340/9651 4285/9573 4286/9654
f 4443/9662 4240/9546 4239/9657
f 4342/9655 4286/9654 4287/9660
f 4443/9738 4445/9737 4241/9547
f 4346/9851 4344/9853 4287/9664
f 4359/9161 4360/9969 4361/9667
f 4362/9425 4363/9670 4361/9669
f 4364/9671 4365/9673 4363/9670
f 4364/9356 4366/9358 4367/9672
f 4368/9675 4369/9085 4367/9674
f 4368/9362 4370/9361 4371/9086
f 4372/9677 4373/9679 4371/9676
f 4372/9365 4374/9366 4375/9678
f 4376/9370 4377/9681 4375/9680
f 4378/9373 4379/9682 4377/9681
f 4380/9376 4381/9683 4379/9682
f 4382/9684 4383/9106 4381/9683
f 4382/9378 4384/9379 4385/9107
f 4384/9382 4386/9381 4387/9686
f 4386/9383 4388/9385 4389/9689
f 4388/9386 4390/9388 4391/9116
f 4390/9388 4392/9389 4393/9693
f 4394/9392 4395/9696 4393/9695
f 4396/9697 4397/9699 4395/9696
f 4396/9396 4398/9395 4399/9698
f 4400/9701 4401/9133 4399/9700
f 4400/9399 4402/9400 4403/9134
f 4402/9403 4404/9402 4405/9137
f 4406/9407 4407/9704 4405/9703
f 4408/9705 4409/9145 4407/9704
f 4408/9409 4410/9410 4411/9146
f 4410/9411 4412/9413 4413/9707
f 4412/9413 4414/9414 4415/9710
f 4414/9417 4416/9416 4417/9713
f 4416/9418 4418/9420 4419/9158
f 4418/9420 4420/9421 4421/9717
f 4359/9666 4358/9668 4421/9719
f 4423/9476 4424/9478 4425/9422
f 4426/9722 4427/9724 4425/9721
f 4426/9074 4428/9075 4429/9723
f 4430/9081 4431/9726 4429/9725
f 4432/9727 4433/9635 4431/9726
f 4432/9083 4434/9084 4435/9633
f 4434/9087 4436/9089 4437/9729
f 4436/9090 4438/9092 4439/9648
f 4438/9092 4440/9093 4441/9733
f 4440/9096 4442/9098 4443/9656
f 4442/9099 4444/9101 4445/9737
f 4444/9102 4446/9104 4447/9740
f 4448/9108 4449/9745 4447/9743
f 4450/9746 4451/9748 4449/9745
f 4450/9111 4452/9113 4453/9747
f 4454/9117 4455/9752 4453/9750
f 4456/9120 4457/9753 4455/9752
f 4458/9123 4459/9754 4457/9753
f 4460/9126 4461/9755 4459/9754
f 4462/9756 4463/9758 4461/9755
f 4462/9128 4464/9129 4465/9757
f 4466/9764 4467/9763 4465/9760
f 4468/9765 4469/9767 4467/9763
f 4468/9135 4470/9138 4471/9766
f 4470/9138 4472/9141 4473/9769
f 4474/9147 4475/9774 4473/9772
f 4476/9775 4477/9609 4475/9774
f 4476/9150 4478/9152 4479/9607
f 4480/9777 4481/9621 4479/9776
f 4480/9155 4482/9156 4483/9619
f 4484/9779 4485/9781 4483/9778
f 4484/9164 4423/9165 4422/9780
f 4296/9787 4297/9786 4294/9783
f 4298/9788 4299/9790 4297/9786
f 4298/9500 4300/9502 4301/9789
f 4302/9794 4303/9796 4301/9792
f 4302/9482 4304/9484 4305/9795
f 4306/9800 4307/9802 4305/9798
f 4306/9464 4308/9466 4309/9801
f 4310/9804 4311/9806 4309/9803
f 4310/9452 4312/9454 4313/9805
f 4314/9810 4315/9809 4313/9807
f 4316/9811 4317/9813 4315/9809
f 4316/9434 4318/9436 4319/9812
f 4320/9819 4321/9818 4319/9815
f 4322/9820 4323/9822 4321/9818
f 4322/9598 4324/9600 4325/9821
f 4326/9826 4327/9828 4325/9824
f 4326/9604 4328/9611 4329/9827
f 4330/9830 4331/9832 4329/9829
f 4330/9625 4332/9627 4333/9831
f 4334/9836 4335/9838 4333/9834
f 4334/9636 4336/9638 4337/9837
f 4336/9638 4338/9645 4339/9840
f 4340/9845 4341/9847 4339/9843
f 4340/9653 4342/9655 4343/9846
f 4342/9659 4344/9661 4345/9849
f 4346/9854 4347/9856 4345/9852
f 4346/9663 4348/9515 4349/9855
f 4348/9515 4350/9509 4351/9858
f 4352/9863 4353/9865 4351/9861
f 4352/9503 4354/9494 4355/9864
f 4356/9869 4357/9871 4355/9867
f 4356/9168 4295/9170 4294/9870
f 4296/9782 4295/9784 4262/9521
f 4486/9966 4487/9968 4488/9874
f 4491/12334 4489/9069 4488/9877
f 4491/9876 4490/9878 4492/9880
f 4495/9357 4493/9426 4492/9883
f 4495/9882 4494/9884 4496/9886
f 4499/12339 4497/9360 4496/9889
f 4499/9888 4498/9890 4500/9892
f 4503/9367 4501/9364 4500/9895
f 4503/9894 4502/9896 4504/9898
f 4507/9371 4505/9899 4504/9901
f 4509/9374 4507/9371 4506/9904
f 4511/9377 4509/9374 4508/9907
f 4511/9906 4510/9908 4512/9910
f 4515/12340 4513/9380 4512/9913
f 4515/9912 4514/9914 4516/9916
f 4519/9387 4517/9384 4516/9919
f 4519/9918 4518/9920 4520/9922
f 4521/9923 4520/9922 4522/9925
f 4523/9926 4522/9925 4524/9928
f 4527/12341 4525/9394 4524/9931
f 4527/9930 4526/9932 4528/9934
f 4529/9935 4528/9934 4530/9937
f 4531/9938 4530/9937 4532/9940
f 4535/9405 4533/9941 4532/9943
f 4537/9408 4535/9405 4534/9946
f 4537/9945 4536/9947 4538/9949
f 4541/9412 4539/9950 4538/9952
f 4541/9951 4540/9953 4542/9955
f 4545/12342 4543/9415 4542/9958
f 4545/9957 4544/9959 4546/9961
f 4547/9962 4546/9961 4548/9964
f 4486/9160 4549/12335 4548/9967
f 4486/9873 4489/9875 4360/9969
f 4551/10064 4553/10066 4677/9971
f 4559/9973 4563/9976 4565/9974
f 4563/9976 4567/12343 4569/9977
f 4567/9979 4571/9982 4573/9980
f 4571/9982 4575/9985 4577/9983
f 4575/9985 4579/9988 4581/9986
f 4579/9988 4583/9991 4585/9989
f 4583/10193 4587/10192 4589/9992
f 4587/10199 4591/10198 4593/9995
f 4591/9997 4595/10000 4597/9998
f 4595/10000 4599/12344 4601/10001
f 4599/10003 4603/10006 4605/10004
f 4603/10223 4607/10222 4609/10007
f 4607/10229 4611/10228 4613/10010
f 4611/10235 4615/10234 4617/10013
f 4619/10020 4621/10019 4617/10016
f 4623/10023 4625/10022 4621/10019
f 4627/10026 4629/10025 4625/10022
f 4631/10024 4633/12345 4629/10025
f 4635/10032 4637/10031 4633/10028
f 4639/10035 4641/10034 4637/10031
f 4643/10038 4645/10037 4641/10034
f 4647/10041 4649/10040 4645/10037
f 4651/10044 4653/10043 4649/10040
f 4655/10047 4657/10046 4653/10043
f 4659/10050 4661/10049 4657/10046
f 4663/10048 4665/12346 4661/10049
f 4667/10056 4669/10055 4665/10052
f 4671/10059 4673/10058 4669/10055
f 4675/9972 4677/9971 4673/10058
f 4555/10060 4559/9973 4561/10061
f 4176/9268 4228/12098 4224/10063
f 4551/10064 4555/10060 4557/10065
f 4810/10403 4939/10405 4937/10068
f 4811/10070 4809/10444 4872/10071
f 4876/10073 4813/12347 4811/10070
f 4815/10074 4813/12347 4876/10075
f 4817/10077 4815/10074 4878/10078
f 4882/10080 4819/12348 4817/10077
f 4821/10081 4819/12348 4882/10082
f 4823/10084 4821/10081 4884/10085
f 4888/10087 4825/12349 4823/10084
f 4827/10088 4825/12349 4888/10089
f 4829/10091 4827/10088 4890/10092
f 4831/10094 4829/10091 4892/10095
f 4896/10097 4833/12350 4831/10094
f 4835/10098 4833/12350 4896/10099
f 4837/10101 4835/10098 4898/10102
f 4902/10104 4839/12351 4837/10101
f 4841/10105 4839/12351 4902/10106
f 4843/10108 4841/10105 4904/10109
f 4845/10111 4843/10108 4906/10112
f 4847/10114 4845/10111 4908/10115
f 4912/10120 4849/10119 4847/10114
f 4914/10123 4851/10122 4849/10119
f 4916/10126 4853/10125 4851/10122
f 4918/10124 4855/12352 4853/10125
f 4857/10127 4855/12352 4918/10128
f 4922/10130 4859/12353 4857/10127
f 4861/10131 4859/12353 4922/10132
f 4863/10134 4861/10131 4924/10135
f 4865/10137 4863/10134 4926/10138
f 4930/10140 4867/12354 4865/10137
f 4868/10397 4807/10682 4934/10142
f 4869/10144 4867/12354 4930/10145
f 4871/10147 4806/12355 4869/10144
f 4710/10559 4741/10558 4804/10149
f 4550/10151 4554/10155 4555/10152
f 4556/10154 4552/12356 4553/10066
f 4554/10155 4558/10159 4559/10156
f 4560/10158 4556/10154 4557/10062
f 4558/10159 4562/10163 4563/10160
f 4564/10162 4560/10158 4561/9975
f 4562/12084 4566/12086 4567/10164
f 4568/10166 4564/10162 4565/9978
f 4566/12086 4570/12115 4571/10168
f 4572/12072 4568/12071 4569/10171
f 4570/12115 4574/12122 4575/10174
f 4576/12074 4572/12072 4573/10177
f 4574/12122 4578/12119 4579/10180
f 4580/12076 4576/12075 4577/10183
f 4578/12119 4582/12121 4583/10186
f 4584/12078 4580/12076 4581/10189
f 4582/10191 4586/10197 4587/10192
f 4588/12079 4584/12078 4585/10195
f 4586/10197 4590/12357 4591/10198
f 4592/12077 4588/12079 4589/10201
f 4590/12118 4594/12117 4595/10204
f 4596/12080 4592/12077 4593/10207
f 4594/12116 4598/12114 4599/10210
f 4600/12073 4596/12080 4597/10213
f 4598/12114 4602/12113 4603/10216
f 4604/12038 4600/12073 4601/10219
f 4602/10221 4606/10227 4607/10222
f 4608/10224 4604/10218 4605/10225
f 4606/10227 4610/10233 4611/10228
f 4612/10230 4608/10224 4609/10231
f 4610/10233 4614/12358 4615/10234
f 4616/12002 4612/12001 4613/10237
f 4615/10234 4614/12358 4618/10239
f 4621/10244 4620/10243 4616/10236
f 4619/10015 4618/10239 4622/10241
f 4625/10248 4624/10247 4620/10243
f 4623/10018 4622/10241 4626/10245
f 4629/10252 4628/10251 4624/10247
f 4627/10021 4626/10245 4630/10249
f 4633/10258 4632/10257 4628/10251
f 4631/10253 4630/9355 4634/10254
f 4637/10262 4636/10261 4632/10257
f 4635/10032 4634/12359 4638/10259
f 4641/10266 4640/10265 4636/10261
f 4639/10030 4638/10259 4642/10263
f 4645/10270 4644/10269 4640/10265
f 4643/10033 4642/10263 4646/10267
f 4649/10274 4648/10273 4644/10269
f 4647/10036 4646/10267 4650/10271
f 4653/10272 4652/12095 4648/10273
f 4651/10039 4650/10271 4654/10275
f 4657/10276 4656/12360 4652/10277
f 4655/10279 4654/12106 4658/10280
f 4661/10290 4660/10289 4656/10283
f 4659/10281 4658/10280 4662/10286
f 4665/10288 4664/12089 4660/10289
f 4663/10287 4662/10286 4666/10292
f 4669/10302 4668/10301 4664/10295
f 4667/10293 4666/10292 4670/10298
f 4673/10308 4672/10307 4668/10301
f 4671/10299 4670/10298 4674/10304
f 4677/10312 4676/10311 4672/10307
f 4675/10305 4674/10304 4550/10151
f 4553/10066 4552/12356 4676/10311
f 4110/9184 4114/9190 4158/10314
f 4812/10639 4814/10641 4943/10317
f 4816/10324 4945/10323 4943/10320
f 4818/10325 4947/10327 4945/10323
f 4818/10322 4820/10643 4949/10326
f 4822/10333 4951/10332 4949/10329
f 4824/10334 4953/10336 4951/10332
f 4824/10647 4826/10646 4955/10335
f 4826/10650 4828/10649 4957/10338
f 4828/10653 4830/10652 4959/10341
f 4832/10348 4961/10347 4959/10344
f 4834/10349 4963/10351 4961/10347
f 4834/10656 4836/10658 4965/10350
f 4836/10659 4838/10661 4967/10353
f 4840/10358 4969/10360 4967/10356
f 4840/10664 4842/10663 4971/10359
f 4844/10366 4973/10365 4971/10362
f 4846/10367 4975/10369 4973/10365
f 4846/10364 4848/10667 4977/10368
f 4850/10375 4979/10374 4977/10371
f 4852/10376 4981/10378 4979/10374
f 4852/10373 4854/10670 4983/10377
f 4854/10673 4856/10672 4985/10380
f 4858/10387 4987/10386 4985/10383
f 4860/10390 4989/10389 4987/10386
f 4862/10393 4991/10392 4989/10389
f 4864/10394 4993/10396 4991/10392
f 4864/10678 4866/10680 4995/10395
f 4868/10141 4997/10143 4995/10398
f 4678/10400 4679/10608 4873/10401
f 4810/10638 4812/10637 4941/10404
f 4768/10565 4723/10564 4722/10407
f 4917/10409 4701/12361 4702/10410
f 4722/10509 4721/10511 4764/10412
f 4700/10413 4701/12361 4917/10414
f 4764/10412 4721/10511 4720/10417
f 4913/10423 4699/10422 4700/10413
f 4720/10507 4719/10506 4760/10420
f 4911/10421 4698/12362 4699/10422
f 4760/10420 4719/10506 4718/10425
f 4697/10427 4698/12362 4911/10428
f 4718/10501 4717/10500 4756/10430
f 4907/10440 4696/10439 4697/10427
f 4717/10500 4716/10499 4754/10433
f 4746/10435 4712/10489 4711/10436
f 4905/10449 4695/10448 4696/10439
f 4754/10433 4716/10499 4715/10442
f 4809/10444 4806/12355 4871/10445
f 4903/10447 4694/12363 4695/10448
f 4715/10494 4714/10493 4750/10450
f 4804/10149 4741/10558 4740/10452
f 4693/10454 4694/12363 4903/10455
f 4750/10450 4714/10493 4713/10458
f 4802/10453 4740/10452 4739/10461
f 4899/10463 4692/12364 4693/10454
f 4713/10490 4712/10489 4746/10464
f 4800/10462 4739/10461 4738/10466
f 4691/10468 4692/12364 4899/10469
f 4166/10471 4170/12005 4102/10472
f 4798/10467 4738/10466 4737/10475
f 4690/10477 4691/10468 4897/10478
f 4796/10476 4737/10475 4736/10481
f 4893/10631 4689/10630 4690/10477
f 4679/10608 4678/10400 4710/10485
f 4680/10487 4679/10484 4711/10488
f 4713/10490 4681/12365 4680/10487
f 4682/10491 4681/12365 4713/10492
f 4715/10494 4683/12366 4682/10491
f 4684/10495 4683/12366 4715/10496
f 4685/10498 4684/10495 4716/10499
f 4718/10504 4686/10503 4685/10498
f 4719/10502 4687/12367 4686/10503
f 4688/10505 4687/12367 4719/10506
f 4721/10511 4689/10510 4688/10505
f 4722/10514 4690/10513 4689/10510
f 4723/10512 4691/10468 4690/10513
f 4692/12364 4691/10468 4723/10516
f 4725/10521 4693/10520 4692/10515
f 4726/10519 4694/12363 4693/10520
f 4695/10448 4694/12363 4726/10523
f 4696/10439 4695/10448 4727/10526
f 4729/10528 4697/10427 4696/10525
f 4698/12362 4697/10427 4729/10530
f 4731/10535 4699/10534 4698/10529
f 4732/10533 4700/10413 4699/10534
f 4701/12361 4700/10413 4732/10537
f 4734/10542 4702/10541 4701/10536
f 4735/10545 4703/10544 4702/10541
f 4736/10543 4704/12368 4703/10544
f 4705/10546 4704/12368 4736/10547
f 4706/10549 4705/10546 4737/10550
f 4739/10555 4707/10554 4706/10549
f 4740/10553 4708/12369 4707/10554
f 4709/10556 4708/12369 4740/10557
f 4710/10485 4678/10400 4709/10556
f 4919/10411 4702/10410 4703/10561
f 4770/10563 4724/10517 4723/10564
f 4703/10544 4704/12368 4923/10566
f 4725/10518 4724/10517 4770/10568
f 4704/12368 4705/10546 4925/10571
f 4774/10580 4726/10579 4725/10567
f 4705/10546 4706/10549 4927/10575
f 4933/10577 4709/10556 4678/10400
f 4776/10578 4727/10524 4726/10579
f 4706/10549 4707/10554 4929/10582
f 4875/10584 4680/10487 4681/10585
f 4728/10527 4727/10526 4776/10588
f 4707/10554 4708/12369 4931/10591
f 4681/12365 4682/10491 4879/10593
f 4729/10528 4728/10527 4778/10595
f 4708/12369 4709/10556 4933/10598
f 4879/10593 4682/10491 4683/10601
f 4782/10603 4730/10531 4729/10594
f 4683/12366 4684/10495 4883/10604
f 4731/10532 4730/10531 4782/10606
f 4679/10484 4680/10487 4875/10609
f 4883/10604 4684/10495 4685/10612
f 4786/10618 4732/10617 4731/10605
f 4685/10498 4686/10503 4887/10615
f 4788/10616 4733/10538 4732/10617
f 4887/10615 4686/10503 4687/10620
f 4734/10539 4733/10538 4788/10623
f 4687/12367 4688/10505 4891/10625
f 4735/10540 4734/10542 4790/10627
f 4891/10625 4688/10505 4689/10630
f 4794/10482 4736/10481 4735/10626
f 4807/10633 4806/12355 4809/10634
f 4809/10444 4811/10070 4810/10067
f 4811/10070 4813/12347 4812/10637
f 4812/10637 4813/12347 4815/10640
f 4815/10074 4817/10077 4816/10319
f 4816/10319 4817/10077 4819/10642
f 4819/12348 4821/10081 4820/10643
f 4820/10643 4821/10081 4823/10644
f 4823/10084 4825/12349 4824/10331
f 4825/12349 4827/10088 4826/10646
f 4827/10088 4829/10091 4828/10649
f 4829/10091 4831/10094 4830/10652
f 4830/10652 4831/10094 4833/10654
f 4832/10343 4833/10654 4835/10655
f 4834/10346 4835/10655 4837/10657
f 4836/10658 4837/10657 4839/10660
f 4839/12351 4841/10105 4840/10355
f 4841/10105 4843/10108 4842/10663
f 4842/10663 4843/10108 4845/10665
f 4844/10361 4845/10665 4847/10666
f 4847/10114 4849/10119 4848/10667
f 4849/10119 4851/10122 4850/10370
f 4850/10370 4851/10122 4853/10669
f 4853/10125 4855/12352 4854/10670
f 4855/12352 4857/10127 4856/10672
f 4856/10672 4857/10127 4859/10674
f 4858/10382 4859/10674 4861/10675
f 4860/10385 4861/10675 4863/10676
f 4862/10388 4863/10676 4865/10677
f 4864/10391 4865/10677 4867/10679
f 4866/10680 4867/10679 4869/10681
f 4869/10144 4806/12355 4807/10682
f 4871/10147 4870/10706 4873/10683
f 4873/10610 4875/10609 4874/10072
f 4874/10072 4875/10609 4877/10684
f 4877/10586 4879/10593 4878/10076
f 4878/10076 4879/10593 4881/10685
f 4880/10079 4881/10685 4883/10686
f 4882/10080 4883/10686 4885/10687
f 4884/10083 4885/10687 4887/10688
f 4886/10086 4887/10688 4889/10689
f 4888/10087 4889/10689 4891/10690
f 4890/10090 4891/10690 4893/10691
f 4892/10093 4893/10691 4895/10692
f 4895/10479 4897/10478 4896/10097
f 4897/10470 4899/10469 4898/10100
f 4898/10100 4899/10469 4901/10694
f 4901/10456 4903/10455 4902/10104
f 4903/10447 4905/10449 4904/10107
f 4905/10438 4907/10440 4906/10110
f 4907/10431 4909/10429 4908/10113
f 4909/10429 4911/10428 4910/10116
f 4910/10116 4911/10428 4913/10699
f 4913/10419 4915/10415 4914/10118
f 4915/10415 4917/10414 4916/10121
f 4916/10121 4917/10414 4919/10701
f 4918/10124 4919/10701 4921/10702
f 4921/10562 4923/10566 4922/10130
f 4923/10572 4925/10571 4924/10133
f 4924/10133 4925/10571 4927/10704
f 4927/10583 4929/10582 4928/10139
f 4928/10139 4929/10582 4931/10705
f 4931/10599 4933/10598 4932/10146
f 4932/10146 4933/10598 4870/10706
f 4742/10707 4745/10710 4744/10708
f 4745/10710 4747/12370 4746/10435
f 4746/10435 4747/12370 4749/10711
f 4749/10711 4751/12371 4750/10457
f 4750/10457 4751/12371 4753/10712
f 4753/10712 4755/12372 4754/10441
f 4754/10441 4755/12372 4757/10713
f 4757/10713 4759/12373 4758/10426
f 4758/10426 4759/12373 4761/10714
f 4761/10714 4763/10715 4762/10418
f 4763/10715 4765/12374 4764/10416
f 4764/10416 4765/12374 4767/10716
f 4767/10716 4769/10717 4768/10406
f 4769/10717 4771/12375 4770/10563
f 4770/10563 4771/12375 4773/10718
f 4773/10718 4775/12376 4774/10573
f 4774/10573 4775/12376 4777/10719
f 4777/12123 4779/12125 4778/10589
f 4778/10589 4779/12125 4781/10720
f 4781/10720 4783/12377 4782/10603
f 4782/10603 4783/12377 4785/10721
f 4784/10607 4785/10721 4787/10722
f 4787/10722 4789/12378 4788/10616
f 4788/10616 4789/12378 4791/10723
f 4790/10624 4791/10723 4793/10724
f 4793/10724 4795/12379 4794/10632
f 4794/10632 4795/12379 4797/10725
f 4796/10480 4797/10725 4799/10726
f 4799/10726 4801/12380 4800/10465
f 4800/10465 4801/12380 4803/10727
f 4803/10727 4805/12381 4804/10451
f 4804/10451 4805/12381 4742/10707
f 4744/10437 4711/10436 4710/10148
f 4936/10728 4935/12382 4934/10729
f 4939/10731 4938/12383 4936/10728
f 4940/10732 4938/12383 4939/10405
f 4943/10317 4942/12384 4940/10732
f 4944/10733 4942/12384 4943/10734
f 4947/10736 4946/12385 4944/10733
f 4948/10737 4946/12385 4947/10327
f 4951/10738 4950/12386 4948/10737
f 4952/10739 4950/12386 4951/10740
f 4955/10339 4954/10742 4952/10739
f 4957/10338 4956/12387 4954/10742
f 4958/10743 4956/12387 4957/10342
f 4960/10744 4958/10743 4959/10745
f 4963/10747 4962/12388 4960/10744
f 4964/10748 4962/12388 4963/10351
f 4967/10353 4966/12389 4964/10748
f 4968/10749 4966/12389 4967/10750
f 4970/10752 4968/10749 4969/10360
f 4972/10753 4970/10752 4971/10754
f 4975/10756 4974/12390 4972/10753
f 4976/10757 4974/12390 4975/10369
f 4978/10758 4976/10757 4977/10759
f 4980/10761 4978/10758 4979/10762
f 4983/10381 4982/10764 4980/10761
f 4985/10380 4984/12391 4982/10764
f 4986/10765 4984/12391 4985/10766
f 4989/10768 4988/12392 4986/10765
f 4990/10769 4988/12392 4989/10770
f 4993/10772 4992/12393 4990/10769
f 4994/10773 4992/12393 4993/10396
f 4996/10774 4994/10773 4995/10775
f 4934/10729 4935/12382 4996/10774
f 4808/10069 4937/10068 4934/10777
f 5059/10838 5054/10837 5004/10779
f 5052/10835 5053/10834 5002/10782
f 5058/10784 5013/10800 5012/10785
f 5055/4007 5007/4006 5010/10788
f 5056/10789 5010/10788 5013/10791
f 5053/10825 5059/10824 5005/4733
f 1692/4730 1693/4461 5006/10795
f 2242/5359 5008/10830 5011/10797
f 2243/4008 1694/4010 5012/10799
f 1695/5351 5010/5460 5007/10801
f 534/1195 5001/1197 4998/10803
f 1691/5357 5011/10797 5057/10806
f 2293/12225 533/5461 5003/10809
f 535/10804 4998/10803 5052/10811
f 537/5459 538/1933 4999/10783
f 5023/1996 536/1995 5004/10814
f 533/10889 5023/1996 5054/10817
f 5020/771 5052/10811 4999/10820
f 5040/10807 5057/10806 5012/10822
f 5001/1197 5000/1196 5059/10824
f 5009/10796 5056/10829 5058/10827
f 5006/10874 5055/10873 5056/10829
f 5008/10830 5058/10784 5057/10831
f 4998/10803 5001/1197 5053/10834
f 5000/10810 5003/10809 5054/10837
f 952/7942 3633/7941 5051/10840
f 1016/10848 5030/10850 5050/10843
f 2111/10857 5031/10856 5049/10846
f 1016/10842 3604/3543 5048/10849
f 1691/10805 5040/10807 5039/10851
f 2098/10860 5046/10859 5048/10853
f 1711/10885 5032/10884 5031/10856
f 1663/10858 5045/4544 5046/10859
f 5044/10975 5045/10977 1663/10862
f 1662/3550 1661/3554 5043/10864
f 1660/10868 5042/10867 5043/10865
f 1665/3558 5041/12212 5042/10867
f 5101/10869 5093/12394 5095/10870
f 1693/12191 5037/3574 5055/10873
f 1664/4789 5039/10851 5038/4466
f 1696/4734 5037/4005 5036/10875
f 1710/3589 5036/10875 5035/10877
f 1713/10878 5035/10877 5034/10880
f 1712/3581 1714/3584 5034/3565
f 1712/10882 5033/3567 5032/10884
f 3601/10847 5049/10846 5047/10887
f 533/5461 506/757 5022/1994
f 5050/1901 5029/1900 939/10890
f 552/774 952/1810 5014/10892
f 5029/1756 5028/1755 505/10895
f 505/10895 5028/1755 5027/10897
f 504/745 5027/10897 5026/10899
f 5026/10922 5025/10924 502/10901
f 507/751 502/748 5025/10902
f 5062/10981 5060/10983 5066/1674
f 5021/849 5022/848 506/10905
f 538/1933 551/786 5019/10907
f 5018/770 5019/769 551/10909
f 5017/767 5018/766 554/10912
f 553/10914 5016/764 5017/10911
f 5015/761 5016/760 553/10915
f 3633/733 1027/732 5047/10917
f 508/1710 513/1676 5065/10920
f 5026/10930 5077/10929 5069/10923
f 510/1711 509/1713 5073/10926
f 5027/1714 5079/1716 5077/10929
f 1666/10934 5094/10933 5088/10931
f 1667/10937 5096/10936 5094/10933
f 1668/10938 5098/10940 5096/10936
f 1668/4503 1669/4547 5107/10939
f 5041/12212 5038/4466 5085/10942
f 513/1676 32/852 5063/10945
f 5089/10999 5095/11001 5093/10948
f 1671/4469 5088/10931 5086/10950
f 509/1708 508/1710 5071/10952
f 5044/10861 5043/10864 5100/10955
f 5076/10974 5072/10973 5070/10958
f 5021/1669 5061/11018 5063/10960
f 5025/10924 5069/10923 5067/10961
f 5042/10867 5041/12212 5090/10963
f 1669/4694 5045/4544 5104/10966
f 5087/10996 5089/10998 5091/10969
f 5103/4506 5101/10869 5097/10971
f 5078/4509 5074/4508 5072/10973
f 5044/10954 5102/10956 5104/10976
f 5038/3653 1190/3652 5086/10979
f 5062/10981 5063/10960 5061/10982
f 5065/10946 5063/10945 5062/10903
f 5071/10921 5065/10920 5064/10986
f 5070/10958 5072/10973 5073/10953
f 5072/10973 5074/4508 5075/10927
f 5081/4542 5083/4467 5082/10990
f 5075/10927 5074/4508 5082/10993
f 5085/10980 5086/10979 5087/10968
f 5087/10968 5086/10979 5088/10997
f 5089/10998 5088/10997 5094/11000
f 5096/11005 5097/11004 5095/11001
f 5098/11003 5099/4504 5097/11004
f 5106/11009 5107/10939 5104/11007
f 5106/11006 5099/4504 5098/10940
f 5105/11008 5104/11007 5102/11010
f 5101/10869 5103/4506 5102/10956
f 5093/12394 5101/10869 5100/1753
f 5091/10949 5093/10948 5092/10964
f 5090/10943 5085/10942 5084/10970
f 5080/4507 5078/4509 5079/1716
f 5076/10957 5077/11015 5079/11014
f 5068/1672 5069/11016 5077/11015
f 5066/1674 5067/10961 5069/11016
f 5067/10961 5066/1674 5060/10983
f 5024/1671 5067/10961 5061/11018
f 5169/11133 5124/11135 5108/11020
f 5110/11052 5130/11051 5133/12395
f 5133/12396 5136/12397 5111/12398
f 5111/12398 5136/12397 5139/11023
f 5139/11075 5142/11077 5113/11025
f 5142/11026 5145/11029 5114/11027
f 5145/11029 5148/12399 5115/11030
f 5115/11030 5148/12399 5151/11033
f 5151/11097 5154/11099 5117/11035
f 5117/11035 5154/11099 5157/11037
f 5157/11109 5160/11111 5119/11039
f 5119/11039 5160/11111 5163/11041
f 5163/11121 5166/11123 5121/11043
f 5166/11127 5169/11129 5122/11045
f 5108/11020 5124/11135 5127/11048
f 5109/11049 5127/11048 5130/11051
f 5127/11048 5124/11135 5125/11054
f 5125/11138 5227/11137 5228/11056
f 5130/11051 5127/11048 5128/11058
f 5128/11055 5228/11056 5229/11060
f 5133/12395 5130/11051 5131/11062
f 5134/11063 5131/11062 5229/11065
f 5136/12397 5133/12396 5134/11068
f 5134/11064 5230/11066 5231/11070
f 5139/11023 5136/12397 5137/11072
f 5137/11069 5231/11070 5232/11074
f 5139/11071 5140/11073 5143/11076
f 5140/11073 5232/11074 5233/11079
f 5145/11029 5142/11026 5143/11082
f 5143/11080 5233/11079 5234/11084
f 5148/12399 5145/11029 5146/11086
f 5149/11087 5146/11086 5234/11089
f 5148/11085 5149/11087 5152/11092
f 5149/11088 5235/11090 5236/11095
f 5151/11093 5152/11092 5155/11098
f 5155/11098 5152/11092 5236/11101
f 5157/11037 5154/11099 5155/11104
f 5158/11105 5155/11104 5237/11107
f 5157/11103 5158/11105 5161/11110
f 5161/11110 5158/11105 5238/11113
f 5160/11111 5161/11110 5164/11116
f 5164/11116 5161/11110 5239/11119
f 5163/11117 5164/11116 5167/11122
f 5164/11118 5240/11120 5241/11125
f 5166/11123 5167/11122 5170/11128
f 5170/11128 5167/11122 5241/11131
f 5169/11129 5170/11128 5125/11134
f 5170/11130 5242/11132 5227/11137
f 3771/11139 3707/11999 5182/11140
f 3760/11176 5171/11175 5172/11143
f 3773/11145 3772/11173 5173/11146
f 3833/11148 3832/11180 5175/8406
f 3858/11149 3859/11167 5178/11150
f 3900/11152 3912/11177 5180/8619
f 3904/11181 5182/11183 5181/11154
f 3877/11162 5184/11164 5183/11157
f 3879/11159 4020/11168 5186/11160
f 3877/11162 3773/11145 5174/11163
f 4015/11158 5183/11157 5178/11166
f 4020/11168 3858/11149 5177/11169
f 3879/11159 5185/11161 5173/11172
f 3900/11152 5179/8621 5171/11175
f 3912/11177 3833/11148 5176/8251
f 3916/11155 5181/11154 5175/11179
f 3904/11181 3761/11144 5172/11182
f 5197/11184 5187/11196 5188/11185
f 5202/11187 5201/12400 5191/11188
f 5193/11190 5200/12401 5199/11191
f 5196/11193 5195/12402 5190/11194
f 5187/11196 5189/11195 5190/11197
f 5191/11188 5193/11190 5194/11199
f 4015/11200 3859/11209 5194/11201
f 3833/11226 5189/11225 5187/11204
f 3858/11206 4020/12403 5202/11207
f 3859/11209 3858/11206 5192/11210
f 3879/11212 3772/8045 5191/11213
f 3912/11215 3900/12404 5195/11216
f 3760/8284 5190/8283 5195/11219
f 3916/11221 5197/12405 5198/11222
f 3912/11224 5196/12406 5189/11225
f 4015/11227 5199/12407 5200/11228
f 2327/11230 1703/11254 5204/11231
f 2313/11257 5205/4771 5206/11234
f 2350/4747 2348/4749 5208/11237
f 2380/11244 5210/11243 5209/11240
f 2391/11256 5211/4781 5210/11243
f 2384/11277 2383/5321 5209/11246
f 2340/11252 2350/2143 5207/5672
f 2347/2236 5214/11255 5208/11250
f 2340/11248 5213/5674 5204/11253
f 2327/11230 5203/11232 5214/11255
f 2391/11256 2309/11235 5206/4779
f 2313/11257 2384/11245 5212/4772
f 5215/11274 5219/11273 5226/11259
f 5225/2144 5215/11258 5216/11261
f 5217/11262 5218/11271 5223/11263
f 5218/11271 5217/11262 5224/11266
f 2380/11239 2383/11241 5217/11262
f 2309/11235 2391/11256 5223/11270
f 1703/11254 2327/11230 5219/11273
f 2348/4749 5216/4748 5226/11275
f 2380/11268 5222/11264 5223/11276
f 2384/11245 2313/11257 5220/11267
f 2309/11269 5218/11271 5220/11278
f 1703/11272 5215/11274 5225/11279
f 5244/11285 5228/11284 5227/11281
f 5245/11288 5229/11287 5228/11284
f 5246/11291 5230/11290 5229/11287
f 5247/11292 5231/11294 5230/11290
f 5247/11428 5248/11430 5232/11293
f 5248/11295 5249/11300 5233/11296
f 5250/11303 5234/11302 5233/11299
f 5251/11306 5235/11305 5234/11302
f 5252/11309 5236/11308 5235/11305
f 5253/11312 5237/11311 5236/11308
f 5254/11315 5238/11314 5237/11311
f 5255/11316 5239/11119 5238/11314
f 5255/11329 5256/11331 5240/11120
f 5257/11322 5241/11321 5240/11318
f 5258/11323 5242/11325 5241/11321
f 5258/11416 5243/11418 5227/11324
f 5144/12126 5147/11409 5283/11327
f 5255/11313 5271/11335 5272/11330
f 5141/11332 5144/11326 5282/11333
f 5254/11310 5270/11339 5271/11335
f 5141/11332 5281/11334 5280/11337
f 5253/11307 5269/11343 5270/11339
f 5135/11340 5138/11338 5280/11341
f 5252/11347 5268/11349 5269/11343
f 5135/11340 5279/11342 5278/11345
f 5252/11304 5251/11306 5267/11348
f 5129/11350 5132/11346 5278/11351
f 5250/11360 5266/11362 5267/11353
f 5123/11437 5275/11439 5290/11355
f 5129/11350 5277/11352 5276/11358
f 5250/11298 5249/11300 5265/11361
f 5165/11363 5168/11356 5290/11364
f 5275/11439 5276/11438 5260/11367
f 5276/11358 5277/11352 5261/11370
f 5277/11352 5278/11351 5262/11373
f 5278/11345 5279/11342 5263/11376
f 5280/11381 5264/11380 5263/11378
f 5281/11334 5265/11382 5264/11380
f 5282/11328 5266/11383 5265/11382
f 5283/11386 5267/11385 5266/11383
f 5284/11387 5268/11389 5267/11385
f 5284/11387 5285/11390 5269/11388
f 5285/11421 5286/11420 5270/11391
f 5286/11393 5287/11398 5271/11394
f 5288/11401 5272/11400 5271/11397
f 5289/11365 5273/11402 5272/11400
f 5290/11405 5274/11404 5273/11402
f 5275/11366 5259/11368 5274/11404
f 5256/11331 5272/11330 5273/11406
f 5150/11414 5284/11413 5283/11408
f 5244/11280 5243/11282 5259/11368
f 5257/11317 5273/11406 5274/11411
f 5153/11419 5285/11421 5284/11413
f 5245/11283 5244/11285 5260/11371
f 5258/11320 5274/11411 5259/11417
f 5153/11419 5156/11425 5286/11420
f 5246/11286 5245/11288 5261/11374
f 5159/11427 5287/11398 5286/11424
f 5247/11289 5246/11291 5262/11377
f 5159/11427 5162/11433 5288/11396
f 5247/11426 5263/11376 5264/11429
f 5165/11363 5289/11365 5288/11432
f 5249/11300 5248/11295 5264/11435
f 5123/11354 5126/12127 5276/11438
f 3770/8289 5171/8291 5179/11441
f 1097/2714 1093/2713 1157/2802
f 3105/7132 3107/6882 2956/11445
f 1085/11455 1037/11457 1033/11448
f 3266/7024 3277/7026 2896/11459
f 1157/2802 1093/2713 1089/11449
f 1095/2717 1151/11475 1155/11474
f 1099/2723 1147/11476 1151/11475
f 1107/2728 1143/2788 1147/11476
f 3015/6405 2815/6404 2818/11491
f 1075/11866 1039/2654 1043/11477
f 2634/6169 2630/6165 2594/11503
f 2574/11505 2570/12408 2654/11506
f 2652/11622 2576/11621 2580/11509
f 2582/11511 2578/12409 2646/11512
f 2588/11514 2640/12410 2644/11515
f 2640/12410 2588/11514 2592/11518
f 2636/11519 2592/11518 2596/11521
f 2658/6190 2654/11506 2570/11543
f 4624/10247 4628/10251 4672/11546
f 2452/5836 2448/5835 2524/11550
f 3765/11993 5174/11995 5173/11553
f 2516/11555 2512/11801 2460/5848
f 2590/11504 2586/12411 2638/11556
f 2468/5855 2464/5852 2508/11557
f 2532/5957 2528/11579 2444/5824
f 2528/11579 2524/11550 2448/5830
f 3764/11554 5173/11553 5185/11581
f 2456/5842 2452/5841 2520/11583
f 2650/6185 2646/6181 2578/11584
f 2462/11585 2506/5918 2510/11586
f 4180/9274 4224/10063 4220/11588
f 2572/11609 2656/12412 2660/11600
f 2526/5949 2442/11675 2446/11611
f 2522/11612 2446/11611 2450/11614
f 2518/11615 2450/11614 2454/11617
f 2514/11618 2454/11617 2458/11587
f 2656/12412 2572/11609 2576/11621
f 2506/5918 2462/11585 2466/11558
f 2642/6177 2638/6173 2586/11648
f 3043/11649 2840/12413 2822/6678
f 2942/11650 2934/12414 2783/6578
f 3119/6920 2852/11973 2959/11651
f 2878/11652 2946/11715 3344/7143
f 2877/11653 3155/6937 3153/11654
f 3329/7087 2954/11882 2893/11657
f 3155/6937 2877/11653 2928/11646
f 2882/11660 3192/7130 3275/11661
f 3054/11671 2823/11641 2824/11667
f 3295/7047 3301/7051 2918/11673
f 2530/11548 2438/11541 2442/11675
f 2916/11676 2898/11679 3305/11677
f 2898/11679 2918/11673 3301/11680
f 3252/11689 2963/11688 2917/11683
f 3179/7059 3177/6953 2917/11685
f 3206/7063 2943/11691 2913/11686
f 3207/6970 2913/11686 2963/11688
f 3317/7076 2933/11693 2931/11690
f 3311/7072 2931/11690 2943/11691
f 3321/7080 2932/11647 2933/11693
f 3076/6932 2834/12415 2833/11694
f 3030/6820 2811/11756 2794/11696
f 3008/11955 2849/11954 2850/11697
f 2998/6795 2848/11745 2853/11707
f 2813/11708 2803/12416 3062/6847
f 2750/11998 2809/11997 2808/11710
f 3125/6887 2959/11651 2851/11713
f 2946/11715 2860/11695 3093/6757
f 2971/6760 2967/12265 2856/11717
f 2902/11719 2903/11851 3279/11720
f 3267/7015 2879/11722 2895/11662
f 3192/7130 2882/11660 2887/11732
f 3262/7011 3323/7083 2920/11734
f 2966/11736 2886/12417 3196/11737
f 3193/6966 3196/6995 2886/11740
f 2780/11742 2912/12418 2897/11743
f 1083/2702 1087/2706 1031/11747
f 2795/11751 2807/12003 3028/6826
f 3223/6524 2941/6523 2935/11752
f 3022/11835 2801/11834 2800/11754
f 3026/11755 2800/11754 2811/11756
f 2936/11757 2875/6723 2768/11758
f 3032/6823 2794/11696 2819/11760
f 2874/11761 3236/7142 3307/11762
f 2817/11764 2793/6876 3036/6927
f 2906/11460 2902/11719 3263/11765
f 1139/2783 1143/2782 1107/2735
f 3050/11668 2824/11667 2820/11770
f 2846/11772 2847/11779 3056/11773
f 3048/11784 2816/11786 2846/11772
f 2892/11781 2922/11768 3297/11782
f 3299/11766 2922/11768 2899/11788
f 3303/11789 2899/11788 2945/11791
f 2887/11732 2966/11736 3246/7138
f 3250/7000 3181/6958 2921/11794
f 3202/6998 3250/7000 2964/11796
f 3116/6884 3121/6925 2791/11798
f 2944/11800 2927/12419 3313/7066
f 2512/11801 2508/11557 2464/5852
f 2855/11802 2969/6762 2973/11803
f 2937/11805 2920/11734 3323/11806
f 2833/11694 2837/11832 3098/11808
f 2876/12259 3171/6522 3173/11810
f 3283/7033 2926/11816 2939/11813
f 3289/7036 2935/11752 2925/11815
f 3285/7042 2925/11815 2926/11816
f 2885/11741 2890/11706 3331/11817
f 2753/11711 2808/11710 2804/11819
f 3211/6684 2924/6683 2901/11822
f 3152/11860 2901/11822 2905/11825
f 3175/6951 3149/6935 2905/11828
f 3018/11492 2818/11491 2801/11834
f 3315/7069 3313/7071 2927/11837
f 3229/6984 2891/11775 2892/11781
f 3291/7043 3295/7047 2914/11840
f 3080/11841 2835/11843 2836/11854
f 2832/11856 3084/6865 3078/11855
f 3084/6865 2832/11856 2842/11857
f 2834/12415 3076/6932 3082/6859
f 3184/11792 2945/11791 2921/11859
f 3034/6913 3105/6912 2825/11861
f 2814/11862 2799/12420 3065/6850
f 3066/6854 3065/6850 2799/11864
f 1075/2694 1079/2698 1035/2655
f 3060/6852 3066/6854 2812/11867
f 3070/6851 3062/6847 2803/11869
f 2967/6921 3123/6923 2851/11872
f 3153/6939 3095/7150 2861/11874
f 3113/6468 2957/6467 2817/11764
f 2969/6762 2855/11802 2791/11877
f 3327/7097 2894/11932 2954/11882
f 3200/11658 2893/11657 2950/11884
f 3277/7026 3175/6951 2904/11887
f 3068/6904 3070/6851 2797/11889
f 3247/11943 2965/11942 2951/11891
f 3187/7127 3185/6959 2951/11894
f 2883/11895 2900/11897 3273/11896
f 2900/11897 2880/11917 3254/11898
f 2782/11961 2909/11963 2908/11904
f 2843/11718 2859/11730 3086/11918
f 2826/11919 2830/12421 2761/6482
f 2923/11735 2878/11652 3259/11920
f 2760/6553 2759/6552 2828/11922
f 3117/6917 3116/6884 2958/11925
f 2999/11927 3117/6917 2792/11928
f 2845/11929 2788/6390 3001/11930
f 3088/11900 2858/11902 2838/11804
f 3009/6791 2991/6775 2790/11936
f 3021/6811 3025/6810 2805/11937
f 3236/7142 2874/11761 2953/11939
f 1101/2720 1097/2719 1153/2796
f 3197/11885 2950/11884 2965/11942
f 2752/11820 2804/11819 2796/11944
f 2756/6465 2796/11944 2831/8285
f 1087/2706 1091/2711 1155/11947
f 2955/11949 2827/6410 2763/6494
f 3242/7095 3337/7109 2888/11951
f 3130/7114 2867/6530 2849/11954
f 2762/6415 2760/6414 2841/11956
f 2840/12413 3043/11649 3045/11771
f 2758/6479 2761/6478 2830/11959
f 2912/12418 2780/11742 2779/11905
f 2995/6779 2853/11707 2852/11973
f 2781/11744 2897/11743 2910/11975
f 2770/11976 2910/11975 2911/6527
f 2907/11977 2942/11650 2773/11978
f 2778/6516 2962/6525 2907/11977
f 2837/11832 2814/11862 3072/11980
f 3237/11940 2953/11939 2952/11935
f 2784/6627 2783/6629 2934/11983
f 2786/6642 2784/6649 2930/11986
f 2929/11987 2940/12422 2787/11988
f 2776/6398 2787/6611 2940/11989
f 3765/11993 3704/12004 5184/11994
f 2751/6738 2798/6737 2809/11997
f 4556/12000 4560/12423 4612/12001
f 2807/12003 2805/11937 3025/6817
f 4170/12005 4174/12099 4226/9349
f 4616/10236 4620/10243 4552/12006
f 4620/10243 4624/10247 4676/12008
f 4608/10224 4612/10230 4560/12011
f 4668/12013 4672/11546 4628/12014
f 4178/12019 4182/9283 4218/9337
f 4674/12333 4622/9063 4618/12034
f 4614/12083 4554/12082 4550/12035
f 2938/11838 2937/11805 3319/12037
f 4604/10218 4608/10224 4564/12039
f 4606/12053 4562/10163 4558/12054
f 2648/11510 2580/11509 2584/11516
f 4108/12066 4168/9255 4164/12067
f 4160/12069 4116/12424 4112/12068
f 4116/12424 4160/12069 4156/12020
f 4610/12055 4558/12054 4554/12082
f 4562/10163 4606/12053 4602/12085
f 4168/9255 4108/12066 4104/12097
f 4172/9262 4104/12097 4228/12098
f 4174/12099 4178/12019 4222/9343
f 3046/6834 3040/6828 2839/12100
f 4106/9178 4110/9184 4162/12111
f 4154/12043 4158/10314 4114/12112
f 5141/11332 5153/12425 5144/11326
f 5138/11338 5156/12426 5141/11336
f 5135/11340 5159/12427 5138/11338
f 5132/11346 5162/12428 5135/11344
f 5129/11350 5165/12429 5132/11346
f 5126/11359 5168/11356 5129/11357
f 5129/11350 5168/11356 5165/12429
f 5132/11346 5165/12429 5162/12428
f 5135/11340 5162/12428 5159/12427
f 5138/11338 5159/12427 5156/12426
f 5141/11332 5156/12426 5153/12425
f 5144/12126 5153/12425 5150/11407
f 4357/9871 4294/9870 4299/12430
f 4343/9846 4315/12431 4341/9847
f 4345/9849 4313/12432 4343/9850
f 4345/9849 4311/9806 4313/12432
f 4347/9856 4311/9806 4345/9852
f 4347/9856 4309/9803 4311/9806
f 4349/9855 4309/9803 4347/9856
f 4349/9855 4307/9802 4309/9803
f 4351/9858 4307/9802 4349/9859
f 4351/9858 4305/9798 4307/9802
f 4353/9865 4305/9798 4351/9861
f 4353/9865 4303/9796 4305/9798
f 4355/9864 4303/9796 4353/9865
f 4355/9864 4301/9792 4303/9796
f 4301/9792 4355/9864 4357/9871
f 4299/9790 4301/9789 4357/9871
f 4299/9790 4294/9870 4297/9786
f 4315/9809 4343/9846 4313/9807
f 4341/9847 4315/12431 4317/9813
f 4317/9813 4319/9812 4339/12433
f 4339/9843 4341/9847 4317/9813
f 4339/9840 4319/9812 4337/9841
f 4337/9841 4319/9812 4321/9818
f 4321/9818 4323/9822 4335/12434
f 4335/9838 4337/9837 4321/9818
f 4335/9838 4323/9822 4333/9834
f 4333/9834 4323/9822 4325/9821
f 4325/9824 4327/9828 4331/12435
f 4331/9832 4333/9831 4325/9824
f 4331/9832 4327/9828 4329/9829
f 4805/12381 4745/10710 4742/10707
f 4805/12381 4747/12370 4745/10710
f 4803/10727 4747/12370 4805/12381
f 4803/10727 4749/10711 4747/12370
f 4801/12380 4749/10711 4803/10727
f 4801/12380 4751/12371 4749/10711
f 4799/10726 4751/12371 4801/12380
f 4799/10726 4753/10712 4751/12371
f 4797/10725 4753/10712 4799/10726
f 4797/10725 4755/12372 4753/10712
f 4795/12379 4755/12372 4797/10725
f 4795/12379 4757/10713 4755/12372
f 4793/10724 4757/10713 4795/12379
f 4793/10724 4759/12373 4757/10713
f 4791/10723 4759/12373 4793/10724
f 4791/10723 4761/10714 4759/12373
f 4789/12378 4761/10714 4791/10723
f 4789/12378 4763/10715 4761/10714
f 4787/10722 4763/10715 4789/12378
f 4787/10722 4765/12374 4763/10715
f 4785/10721 4765/12374 4787/10722
f 4785/10721 4767/10716 4765/12374
f 4783/12377 4767/10716 4785/10721
f 4783/12377 4769/10717 4767/10716
f 4781/10720 4769/10717 4783/12377
f 4781/10720 4771/12375 4769/10717
f 4779/12125 4771/12375 4781/10720
f 4779/12125 4773/12124 4771/12375
f 4773/10718 4777/12123 4775/12376
