# Exported from MakeClothes (TM)
# author Rehman Polanski
# license AGPL3 (see also http://www.makehuman.org/doc/node/external_tools_license.html)
# homepage http://www.makehuman.org/
v -2.4013 -7.7672 1.3002
v -2.4018 -7.6685 0.9730
v -2.5178 -7.9195 1.3064
v -2.4914 -7.8668 0.9705
v -1.6040 -7.6499 1.1041
v -1.5968 -7.7582 1.4401
v -1.5412 -7.8406 1.1529
v -1.5105 -7.9054 1.4962
v -2.5819 -8.2375 1.3122
v -2.5633 -8.2264 0.9607
v -1.4417 -8.2148 1.1599
v -1.4152 -8.2280 1.5210
v -2.3618 -7.8149 1.8017
v -2.4011 -7.8104 1.5945
v -2.4433 -7.9264 1.8609
v -2.5103 -7.9436 1.6079
v -1.6056 -7.7911 1.7335
v -1.6523 -7.7913 1.9145
v -1.5216 -7.9133 1.8010
v -1.5894 -7.8836 2.0229
v -2.4778 -8.1868 1.9231
v -2.5447 -8.2250 1.6502
v -1.4449 -8.2129 1.8762
v -1.5368 -8.1625 2.1784
v -2.3074 -7.6212 -0.1902
v -1.4928 -7.6133 -0.0313
v -2.3502 -8.0954 -0.1687
v -1.4485 -8.0896 -0.0007
v -2.4187 -7.5551 0.6551
v -2.4511 -7.7867 0.6461
v -2.3968 -7.7120 0.2426
v -1.5637 -7.5121 0.7815
v -1.5132 -7.6839 0.3879
v -1.5501 -7.7427 0.8024
v -2.4210 -8.0985 0.2198
v -2.4883 -8.1484 0.5767
v -1.4871 -8.0903 0.3861
v -1.4870 -8.1384 0.7539
v -2.1121 -7.8118 2.0267
v -2.2743 -7.8149 1.9400
v -2.1346 -7.8934 2.1403
v -2.3164 -7.9047 2.0436
v -1.9439 -7.5414 -0.4537
v -2.1622 -7.5516 -0.4214
v -1.9216 -7.3019 -0.4337
v -2.1132 -7.3142 -0.4157
v -2.1982 -8.1307 2.2489
v -2.3640 -8.1517 2.1250
v -2.2189 -8.0587 -0.4773
v -1.9631 -8.0433 -0.5230
v -2.1707 -8.2895 1.3933
v -2.4535 -8.2908 1.3418
v -2.1511 -8.2780 1.0520
v -2.4337 -8.2813 1.0010
v -2.2290 -7.6492 1.2871
v -2.0707 -7.5996 1.2833
v -2.2696 -7.5173 0.9834
v -2.0926 -7.4487 0.9977
v -2.1934 -8.2152 2.1004
v -2.3838 -8.2286 2.0015
v -2.1881 -8.2702 1.7646
v -2.4312 -8.2741 1.7028
v -2.2238 -7.7547 1.7932
v -2.0807 -7.7440 1.8367
v -2.2167 -7.7152 1.5852
v -2.0653 -7.6855 1.5862
v -2.2684 -8.2198 -0.1198
v -2.0244 -8.2087 -0.1097
v -2.1280 -8.1926 0.6602
v -2.3816 -8.1955 0.6143
v -2.0983 -8.1847 0.3589
v -2.3323 -8.1886 0.3043
v -2.3165 -7.3427 0.7685
v -2.1053 -7.2617 0.8376
v -1.7474 -7.7964 2.0105
v -1.9131 -7.8030 2.0501
v -1.7239 -7.8726 2.1473
v -1.9225 -7.8790 2.1761
v -1.5428 -7.5460 -0.2791
v -1.6991 -7.5444 -0.3901
v -1.5973 -7.3194 -0.2717
v -1.7336 -7.3085 -0.3941
v -1.6973 -8.1273 2.3316
v -1.9495 -8.1225 2.3223
v -1.4683 -8.0585 -0.3294
v -1.6499 -8.0446 -0.4594
v -1.5598 -8.2836 1.4991
v -1.8613 -8.2875 1.4461
v -1.5561 -8.2687 1.1554
v -1.8385 -8.2722 1.1066
v -1.8955 -7.5973 1.3040
v -1.7318 -7.6496 1.3533
v -1.8659 -7.4465 1.0200
v -1.6964 -7.5179 1.0552
v -1.6458 -8.2089 2.1906
v -1.9245 -8.2096 2.1613
v -1.5853 -8.2643 1.8644
v -1.8908 -8.2678 1.8144
v -1.9144 -7.7395 1.8490
v -1.7602 -7.7433 1.8475
v -1.9114 -7.6803 1.6013
v -1.7488 -7.7070 1.6445
v -1.5091 -8.2173 0.0238
v -1.7166 -8.2089 -0.0503
v -1.5716 -8.1848 0.7583
v -1.8221 -8.1867 0.7145
v -1.5645 -8.1810 0.4425
v -1.7979 -8.1819 0.4130
v -1.8439 -7.2584 0.8695
v -1.6422 -7.3324 0.8608
v -2.2792 -7.4003 -0.1896
v -2.3952 -7.4757 0.2407
v -1.5090 -7.3924 -0.0216
v -1.5022 -7.4438 0.3898
v -1.0229 -4.7302 0.1968
v -1.0557 -4.7060 -0.2647
v -2.5435 -4.6089 -0.0163
v -2.3888 -4.6020 -0.4877
v -1.6175 -4.7098 0.7748
v -1.2478 -4.7345 0.6556
v -1.4391 -4.6542 -0.7555
v -1.2105 -4.6784 -0.6045
v -2.0839 -4.6728 0.7216
v -2.4415 -4.6395 0.5134
v -1.7218 -4.6311 -0.8004
v -2.0328 -4.6108 -0.7439
v -1.9511 -5.7012 -0.5256
v -1.7489 -5.7198 -0.5575
v -2.2279 -5.7263 0.3213
v -1.9920 -5.7574 0.4715
v -1.4185 -5.7614 -0.4329
v -1.5655 -5.7403 -0.5290
v -1.4372 -5.8130 0.4205
v -1.6808 -5.7915 0.5097
v -2.1905 -5.6927 -0.3564
v -2.2911 -5.6989 -0.0332
v -1.3150 -5.7863 -0.2047
v -1.2935 -5.8083 0.1095
v -2.5510 -8.1689 1.3024
v -2.5281 -8.0719 1.3004
v -2.5251 -8.1558 0.9491
v -2.4995 -8.0506 0.9627
v -1.4869 -8.1464 1.1385
v -1.5190 -8.0416 1.1535
v -1.4536 -8.1608 1.4979
v -1.4884 -8.0657 1.4868
v -2.4531 -8.1202 1.8984
v -2.4380 -8.0450 1.8822
v -2.5192 -8.1587 1.6258
v -2.5027 -8.0742 1.6119
v -1.4801 -8.1492 1.8380
v -1.5073 -8.0560 1.8077
v -1.5631 -8.1009 2.1313
v -1.5782 -8.0100 2.0794
v -2.3078 -7.8395 -0.1729
v -2.3210 -7.9526 -0.2012
v -1.4719 -7.9478 -0.0453
v -1.4927 -7.8425 -0.0293
v -2.3717 -7.8954 0.2153
v -2.3816 -7.9951 0.1724
v -2.4299 -7.9820 0.6079
v -2.4447 -8.0861 0.5662
v -1.5160 -7.9892 0.3247
v -1.5402 -7.8953 0.3591
v -1.5312 -8.0778 0.7314
v -1.5602 -7.9729 0.7782
v -2.1799 -8.0658 2.2103
v -2.1505 -7.9946 2.1779
v -2.3395 -8.0841 2.0992
v -2.3168 -8.0120 2.0773
v -1.9543 -7.7987 -0.4582
v -1.9608 -7.9160 -0.4897
v -2.1851 -7.8116 -0.4135
v -2.2017 -7.9313 -0.4456
v -1.7127 -8.0640 2.2819
v -1.7206 -7.9832 2.2227
v -1.9474 -8.0590 2.2766
v -1.9371 -7.9840 2.2281
v -1.5129 -7.8059 -0.2770
v -1.4908 -7.9248 -0.3073
v -1.6764 -7.7951 -0.3937
v -1.6630 -7.9119 -0.4302
v -2.3269 -7.8134 1.8754
v -2.3879 -7.9107 1.9664
v -2.1960 -7.3515 -0.3300
v -2.2408 -7.5726 -0.3409
v -1.6899 -7.7932 1.9686
v -1.6460 -7.8743 2.1006
v -1.5463 -7.3477 -0.1701
v -1.5078 -7.5606 -0.1871
v -2.4133 -7.6069 0.8135
v -2.4741 -7.8309 0.8056
v -1.5928 -7.5764 0.9425
v -1.5534 -7.7960 0.9817
v -2.0120 -7.8062 2.0459
v -2.0303 -7.8848 2.1661
v -1.8189 -7.3050 -0.4200
v -1.8159 -7.5409 -0.4313
v -2.4298 -8.1674 2.0357
v -2.2920 -8.0734 -0.3726
v -1.6098 -8.1391 2.2845
v -1.4417 -8.0708 -0.2093
v -2.5305 -8.2042 0.7837
v -1.4680 -8.1921 0.9722
v -2.0904 -8.1252 2.2905
v -1.7973 -8.0416 -0.5026
v -2.4077 -7.7957 1.4566
v -2.5219 -7.9360 1.4661
v -1.5941 -7.7834 1.5997
v -1.5080 -7.9196 1.6605
v -2.5680 -8.2367 1.4914
v -1.4243 -8.2271 1.7042
v -2.5654 -8.2814 0.9766
v -2.5817 -8.2917 1.3166
v -1.4355 -8.2677 1.1763
v -1.4129 -8.2812 1.5254
v -2.3334 -7.5787 0.9772
v -2.3093 -7.6964 1.2923
v -1.6440 -7.5774 1.0776
v -1.6619 -7.6971 1.3895
v -2.5027 -7.9599 0.9694
v -2.5297 -7.9925 1.3035
v -1.5213 -7.9466 1.1633
v -1.4932 -7.9852 1.4930
v -1.9975 -8.2749 1.0789
v -2.0160 -8.2885 1.4195
v -1.9849 -7.5920 1.2886
v -1.9779 -7.4375 1.0071
v -2.4793 -7.8467 1.3065
v -2.4596 -7.7701 0.9706
v -1.5714 -7.7373 1.1307
v -1.5439 -7.8290 1.4829
v -2.5824 -8.1831 1.3075
v -2.5612 -8.1717 0.9447
v -1.4478 -8.1617 1.1434
v -1.4174 -8.1746 1.5166
v -2.3948 -7.7249 1.1355
v -2.5052 -7.8959 1.1385
v -1.6035 -7.7142 1.2696
v -1.5236 -7.8769 1.3224
v -2.5820 -8.2321 1.1295
v -1.4200 -8.2217 1.3364
v -2.4731 -8.2390 1.9360
v -2.5409 -8.2775 1.6637
v -1.5349 -8.2109 2.1926
v -1.4435 -8.2632 1.8871
v -2.2909 -7.7731 1.7785
v -2.3028 -7.7502 1.5860
v -1.7004 -7.7575 1.8625
v -1.6731 -7.7405 1.6797
v -2.4465 -7.9851 1.8747
v -2.5110 -8.0064 1.6096
v -1.5763 -7.9395 2.0558
v -1.5076 -7.9804 1.8046
v -2.0756 -8.2121 2.1324
v -2.0470 -8.2695 1.7885
v -1.9913 -7.6808 1.5890
v -2.0001 -7.7408 1.8448
v -2.4804 -7.8800 1.6041
v -2.4184 -7.8694 1.8374
v -1.6155 -7.8361 1.9769
v -1.5532 -7.8515 1.7821
v -2.4784 -8.1389 1.9104
v -2.5447 -8.1769 1.6371
v -1.5387 -8.1138 2.1644
v -1.4461 -8.1623 1.8655
v -2.3844 -7.8151 1.7107
v -2.4838 -7.9409 1.7379
v -1.6268 -7.7907 1.8393
v -1.5495 -7.8976 1.9207
v -2.5142 -8.2069 1.7928
v -1.4810 -8.1897 2.0351
v -2.3536 -8.2271 -0.1068
v -1.4507 -8.2220 0.0614
v -2.3138 -7.7346 -0.1776
v -1.4906 -7.7376 -0.0307
v -1.8682 -8.2070 -0.0832
v -2.2903 -7.5140 -0.1880
v -1.5035 -7.4998 -0.0222
v -2.3466 -7.9636 -0.2305
v -1.4465 -7.9573 -0.0627
v -2.3600 -7.6760 0.0110
v -1.4954 -7.6661 0.1675
v -2.3931 -8.1089 0.0552
v -1.4700 -8.1009 0.2226
v -2.4907 -8.1953 0.5940
v -2.4253 -8.1892 0.2807
v -1.4827 -8.1851 0.7733
v -1.4902 -8.1800 0.4490
v -2.3928 -7.4118 0.6692
v -1.5676 -7.3888 0.7898
v -2.4482 -7.8890 0.6350
v -2.3906 -7.8060 0.2369
v -1.5521 -7.8700 0.8091
v -1.5295 -7.8013 0.3829
v -1.9793 -8.1895 0.6865
v -1.9527 -8.1824 0.3879
v -1.9740 -7.2479 0.8539
v -2.4378 -7.6739 0.6474
v -2.3936 -7.5936 0.2403
v -1.5538 -7.6211 0.7852
v -1.5057 -7.5601 0.3871
v -2.4858 -8.1016 0.5596
v -2.4166 -8.0079 0.1590
v -1.4913 -8.0916 0.7343
v -1.4841 -8.0009 0.3235
v -2.4162 -7.5148 0.4681
v -2.4246 -7.7438 0.4669
v -1.5298 -7.4682 0.6001
v -1.5353 -7.6993 0.6068
v -2.4480 -8.0999 0.3766
v -1.4946 -8.0919 0.5452
v -2.3626 -8.2055 2.1285
v -2.1969 -8.1843 2.2529
v -2.2174 -8.1767 -0.4689
v -1.9612 -8.1619 -0.5156
v -2.2425 -7.7792 1.8686
v -2.0961 -7.7745 1.9420
v -2.0338 -4.6398 -0.7594
v -1.7153 -4.6601 -0.8171
v -2.4151 -8.2665 0.8380
v -2.1450 -8.2618 0.8872
v -2.3017 -7.4316 0.8463
v -2.1078 -7.3509 0.8818
v -2.3185 -7.9561 2.0691
v -2.1416 -7.9394 2.1694
v -2.1804 -7.6926 -0.4199
v -1.9506 -7.6800 -0.4626
v -2.3040 -7.8581 2.0006
v -2.1259 -7.8525 2.0923
v -2.1340 -7.4252 -0.4057
v -1.9343 -7.4083 -0.4321
v -2.3624 -8.1026 2.1193
v -2.1971 -8.0820 2.2414
v -2.2203 -7.9403 -0.4856
v -1.9652 -7.9248 -0.5303
v -2.4500 -8.2892 1.5266
v -2.1828 -8.2871 1.5801
v -2.2222 -7.6884 1.4453
v -2.0666 -7.6485 1.4430
v -2.4466 -8.2859 1.1620
v -2.1580 -8.2840 1.2138
v -2.2428 -7.5933 1.1274
v -2.0789 -7.5344 1.1279
v -2.4062 -8.2515 1.8633
v -2.1904 -8.2444 1.9403
v -2.2159 -7.7351 1.7026
v -2.0692 -7.7158 1.7163
v -2.3142 -8.2474 0.1927
v -2.0807 -8.2400 0.2506
v -2.3487 -8.1445 0.4010
v -2.1102 -8.1429 0.4454
v -2.4483 -4.6717 0.5286
v -2.0825 -4.7044 0.7365
v -2.2030 -7.8158 1.9916
v -2.2313 -7.9013 2.0993
v -2.0653 -7.5448 -0.4521
v -2.0244 -7.3017 -0.4350
v -2.2853 -8.1393 2.1949
v -2.1145 -8.0491 -0.5161
v -2.3188 -8.2901 1.3672
v -2.2971 -8.2802 1.0257
v -2.1522 -7.6189 1.2840
v -2.1948 -7.4762 0.9904
v -2.2916 -8.2202 2.0590
v -2.3157 -8.2713 1.7376
v -2.1554 -7.7488 1.8209
v -2.1387 -7.6965 1.5871
v -2.1647 -8.2135 -0.1237
v -2.2637 -8.1950 0.6360
v -2.2275 -8.1872 0.3299
v -2.2239 -7.2941 0.8091
v -1.6946 -8.1789 2.3399
v -1.9470 -8.1760 2.3266
v -1.4659 -8.1823 -0.3211
v -1.6475 -8.1655 -0.4515
v -1.7583 -7.7660 1.9302
v -1.9134 -7.7689 1.9593
v -1.1904 -4.7091 -0.6161
v -1.4248 -4.6839 -0.7708
v -1.5659 -8.2508 0.9884
v -1.8330 -8.2535 0.9423
v -1.6680 -7.4266 0.9285
v -1.8493 -7.3463 0.9082
v -1.7191 -7.9211 2.1949
v -1.9306 -7.9251 2.2116
v -1.5214 -7.6883 -0.2779
v -1.6831 -7.6805 -0.3936
v -1.7339 -7.8325 2.0841
v -1.9156 -7.8401 2.1220
v -1.5752 -7.4245 -0.2707
v -1.7180 -7.4133 -0.3790
v -1.7001 -8.0757 2.3233
v -1.9522 -8.0692 2.3179
v -1.4706 -7.9348 -0.3377
v -1.6522 -7.9234 -0.4676
v -1.5731 -8.2819 1.6846
v -1.8779 -8.2849 1.6317
v -1.7399 -7.6841 1.5123
v -1.9054 -7.6437 1.4634
v -1.5517 -8.2768 1.3189
v -1.8464 -8.2809 1.2678
v -1.7190 -7.5969 1.1929
v -1.8823 -7.5339 1.1481
v -1.6063 -8.2380 2.0344
v -1.9049 -8.2409 1.9919
v -1.7562 -7.7249 1.7548
v -1.9144 -7.7113 1.7270
v -1.5480 -8.2382 0.3325
v -1.7781 -8.2371 0.3058
v -1.5746 -8.1387 0.5392
v -1.8101 -8.1403 0.4989
v -1.2298 -4.7681 0.6718
v -1.6069 -4.7419 0.7896
v -1.8225 -7.8001 2.0384
v -1.8179 -7.8752 2.1700
v -1.6045 -7.5483 -0.3371
v -1.6622 -7.3144 -0.3569
v -1.8078 -8.1232 2.3380
v -1.5353 -8.0506 -0.3999
v -1.7085 -8.2857 1.4727
v -1.6869 -8.2700 1.1328
v -1.8089 -7.6161 1.3267
v -1.7682 -7.4738 1.0364
v -1.7708 -8.2082 2.1823
v -1.7326 -8.2658 1.8405
v -1.8316 -7.7402 1.8498
v -1.8294 -7.6880 1.6209
v -1.5901 -8.2128 -0.0137
v -1.6788 -8.1849 0.7397
v -1.6598 -8.1817 0.4318
v -1.7308 -7.2881 0.8723
v -2.3956 -4.6319 -0.4965
v -2.3500 -7.4396 0.0069
v -2.5533 -4.6403 -0.0140
v -1.0328 -4.7381 -0.2687
v -1.4928 -7.4261 0.1725
v -0.9998 -4.7639 0.2034
v -1.1320 -4.7386 0.5533
v -1.0706 -4.7183 0.1918
v -1.0218 -4.7194 -0.0344
v -1.0982 -4.6944 -0.2764
v -1.1211 -4.6919 -0.4593
v -2.4984 -4.6036 -0.2528
v -2.5019 -4.6015 -0.0140
v -2.5323 -4.6270 0.3798
v -2.2218 -4.6045 -0.6399
v -2.3521 -4.5944 -0.4955
v -1.8509 -4.6918 0.7748
v -1.6229 -4.7001 0.7567
v -1.4113 -4.7245 0.7378
v -1.2740 -4.7232 0.6341
v -1.3175 -4.6659 -0.6988
v -1.4584 -4.6454 -0.7395
v -1.5745 -4.6426 -0.7874
v -1.2488 -4.6678 -0.6024
v -2.2878 -4.6550 0.6367
v -2.0716 -4.6636 0.7008
v -2.4117 -4.6305 0.4907
v -1.7221 -4.6235 -0.7801
v -1.8763 -4.6201 -0.7908
v -2.0117 -4.6036 -0.7361
v -1.8486 -5.7098 -0.5540
v -2.0781 -5.6952 -0.4587
v -1.6536 -5.7300 -0.5489
v -2.2845 -5.7155 0.2390
v -2.1273 -5.7409 0.4112
v -1.8363 -5.7750 0.5093
v -1.3587 -5.7735 -0.3374
v -1.4874 -5.7505 -0.4936
v -1.5450 -5.8046 0.4829
v -1.3653 -5.8164 0.3565
v -2.2631 -5.6944 -0.1906
v -1.2943 -5.7986 -0.0436
v -2.3862 -8.0251 1.9966
v -2.4034 -8.0994 2.0150
v -2.2556 -7.8204 -0.3255
v -2.2695 -7.9408 -0.3591
v -1.6394 -7.9910 2.1772
v -1.6300 -8.0761 2.2355
v -1.4896 -7.8178 -0.1834
v -1.4664 -7.9356 -0.2063
v -2.4659 -8.0267 0.7914
v -2.4878 -8.1340 0.7685
v -1.5444 -8.0182 0.9795
v -1.5158 -8.1250 0.9470
v -2.0529 -7.9879 2.2087
v -2.0775 -8.0613 2.2487
v -1.8090 -7.7931 -0.4366
v -1.8039 -7.9114 -0.4713
v -2.5197 -8.0765 1.4646
v -2.5389 -8.1687 1.4751
v -1.4928 -8.0690 1.6536
v -1.4615 -8.1606 1.6730
v -2.5229 -8.0627 1.1298
v -2.5488 -8.1635 1.1223
v -1.4964 -8.0539 1.3171
v -1.4608 -8.1544 1.3180
v -2.4757 -8.0643 1.7489
v -2.4910 -8.1416 1.7637
v -1.5349 -8.0338 1.9495
v -1.5129 -8.1285 1.9913
v -2.3453 -7.8657 0.0166
v -2.3580 -7.9697 -0.0113
v -1.5129 -7.8713 0.1599
v -1.4932 -7.9648 0.1429
v -2.3968 -7.9329 0.4151
v -2.4059 -8.0327 0.3610
v -1.5606 -7.9254 0.5660
v -1.5317 -8.0255 0.5158
v -2.2362 -8.0030 2.1343
v -2.2640 -8.0732 2.1609
v -2.0877 -7.8066 -0.4526
v -2.1036 -7.9234 -0.4822
v -1.8204 -7.9822 2.2338
v -1.8167 -8.0598 2.2892
v -1.5720 -7.8007 -0.3376
v -1.5537 -7.9165 -0.3736
v -2.5197 -8.1549 1.2975
v -2.4889 -8.1401 0.9535
v -1.5261 -8.1313 1.1337
v -1.4898 -8.1469 1.4793
v -2.4239 -8.1059 1.8863
v -2.4896 -8.1446 1.6148
v -1.5141 -8.1359 1.8105
v -1.5875 -8.0879 2.0980
v -2.2955 -7.9413 -0.1718
v -1.4972 -7.9384 -0.0279
v -2.3466 -7.9824 0.1857
v -2.4037 -8.0705 0.5729
v -1.5481 -7.9776 0.3260
v -1.5713 -8.0638 0.7285
v -2.1602 -8.0544 2.1758
v -2.3134 -8.0702 2.0769
v -1.9565 -7.9070 -0.4490
v -2.1830 -7.9223 -0.4058
v -1.7254 -8.0520 2.2404
v -1.9427 -8.0489 2.2352
v -1.5112 -7.9147 -0.2770
v -1.6739 -7.9003 -0.3930
v -2.2920 -8.1956 -0.3503
v -2.4274 -8.2213 2.0414
v -1.6077 -8.1893 2.2960
v -1.4404 -8.1978 -0.1875
v -2.2261 -4.6338 -0.6530
v -2.2870 -7.7865 1.8394
v -1.7149 -7.7707 1.9191
v -1.0991 -4.7233 -0.4679
v -2.5297 -8.2689 0.8208
v -1.4701 -8.2539 1.0087
v -2.3593 -7.5037 0.8265
v -1.6207 -7.4944 0.9351
v -2.3923 -7.9666 1.9875
v -2.2563 -7.7043 -0.3307
v -1.6366 -7.9258 2.1477
v -1.4940 -7.7001 -0.1855
v -2.4765 -7.9321 0.8029
v -1.5405 -7.9170 0.9970
v -2.0887 -8.1788 2.2946
v -1.7951 -8.1616 -0.4949
v -2.0064 -7.7705 1.9557
v -1.5641 -4.6719 -0.8036
v -1.9928 -8.2574 0.9142
v -1.9759 -7.3375 0.8947
v -2.0423 -7.9307 2.1969
v -1.8114 -7.6762 -0.4381
v -2.3678 -7.8594 1.9302
v -2.2151 -7.4584 -0.3299
v -1.6646 -7.8317 2.0396
v -1.5311 -7.4485 -0.1729
v -2.4544 -7.7224 0.8069
v -1.5740 -7.6757 0.9562
v -2.0193 -7.8451 2.1159
v -1.8196 -7.4110 -0.4141
v -2.4285 -8.1185 2.0290
v -2.2922 -7.9510 -0.3950
v -1.6118 -8.0888 2.2731
v -1.4429 -7.9440 -0.2310
v -2.5271 -8.1505 0.7618
v -1.4748 -8.1404 0.9484
v -2.0911 -8.0740 2.2844
v -1.7997 -7.9217 -0.5103
v -2.5669 -8.2910 1.4980
v -1.4231 -8.2800 1.7106
v -2.3087 -7.7301 1.4477
v -1.6638 -7.7263 1.5469
v -2.5259 -8.0020 1.4644
v -1.4944 -7.9927 1.6581
v -2.0314 -8.2864 1.6054
v -1.9886 -7.6422 1.4466
v -2.4890 -7.8697 1.4649
v -1.5392 -7.8498 1.6460
v -2.5672 -8.1848 1.4845
v -1.4255 -8.1741 1.6977
v -2.5822 -8.2864 1.1371
v -1.4161 -8.2744 1.3433
v -2.3142 -7.6470 1.1314
v -1.6582 -7.6488 1.2264
v -2.5220 -7.9779 1.1356
v -1.5027 -7.9667 1.3235
v -2.0037 -8.2825 1.2408
v -1.9812 -7.5256 1.1352
v -2.4651 -7.8127 1.1383
v -1.5577 -7.7907 1.3068
v -2.5819 -8.1781 1.1220
v -1.4239 -8.1686 1.3292
v -2.5082 -8.2581 1.8106
v -1.4791 -8.2377 2.0494
v -2.2956 -7.7625 1.6989
v -1.6865 -7.7480 1.7856
v -2.4847 -8.0018 1.7444
v -1.5344 -7.9590 1.9360
v -2.0619 -8.2430 1.9653
v -1.9947 -7.7124 1.7202
v -2.4560 -7.8792 1.7271
v -1.5803 -7.8435 1.8922
v -2.5160 -8.1599 1.7756
v -1.4827 -8.1414 2.0205
v -2.3998 -8.2509 0.1813
v -1.4821 -8.2383 0.3482
v -2.3572 -7.7723 0.0186
v -1.5046 -7.7789 0.1658
v -1.9331 -8.2368 0.2814
v -2.3522 -7.5588 0.0099
v -1.4948 -7.5416 0.1720
v -2.3869 -7.9816 -0.0325
v -1.4656 -7.9759 0.1334
v -2.4370 -8.1316 0.3730
v -1.5052 -8.1261 0.5392
v -2.5406 -4.6593 0.3926
v -1.1123 -4.7727 0.5684
v -2.4193 -7.8427 0.4512
v -1.5503 -7.8250 0.6031
v -1.9646 -8.1415 0.4718
v -1.8447 -4.7235 0.7891
v -2.4196 -7.6329 0.4630
v -1.5288 -7.5807 0.5973
v -2.4460 -8.0467 0.3534
v -1.4950 -8.0377 0.5198
v -2.2840 -8.1928 2.1986
v -2.1129 -8.1666 -0.5088
v -2.1767 -7.7782 1.9143
v -1.8735 -4.6490 -0.8075
v -2.2867 -8.2653 0.8618
v -2.2234 -7.3834 0.8667
v -2.2323 -7.9487 2.1273
v -2.0803 -7.6873 -0.4590
v -2.2244 -7.8580 2.0532
v -2.0457 -7.4073 -0.4314
v -2.2838 -8.0907 2.1878
v -2.1163 -7.9317 -0.5235
v -2.3248 -8.2879 1.5543
v -2.1432 -7.6635 1.4450
v -2.3066 -8.2852 1.1874
v -2.1685 -7.5578 1.1254
v -2.3013 -8.2466 1.9088
v -2.1418 -7.7229 1.7117
v -2.2111 -8.2441 0.2192
v -2.2403 -8.1441 0.4214
v -2.2904 -4.6868 0.6517
v -1.8046 -8.1758 2.3436
v -1.5330 -8.1728 -0.3916
v -1.8273 -7.7676 1.9512
v -1.3000 -4.6961 -0.7127
v -1.6846 -8.2508 0.9683
v -1.7419 -7.3767 0.9204
v -1.8188 -7.9222 2.2116
v -1.5814 -7.6870 -0.3375
v -1.8189 -7.8363 2.1112
v -1.6340 -7.4159 -0.3323
v -1.8110 -8.0705 2.3325
v -1.5376 -7.9284 -0.4080
v -1.7243 -8.2834 1.6584
v -1.8210 -7.6564 1.4873
v -1.6932 -8.2790 1.2941
v -1.7918 -7.5583 1.1672
v -1.7444 -8.2388 2.0161
v -1.8332 -7.7146 1.7382
v -1.6414 -8.2381 0.3230
v -1.6718 -8.1393 0.5227
v -1.3970 -4.7574 0.7534
v -2.5069 -4.6343 -0.2563
v -0.9986 -4.7523 -0.0333
v -1.0661 -4.7077 -0.0433
v -2.4604 -4.5959 -0.2561
v -1.4265 -4.7143 0.7200
v -1.3480 -4.6562 -0.6887
v -2.2670 -4.6459 0.6155
v -1.8677 -4.6128 -0.7741
v -1.8473 -4.6825 0.7554
v -1.1694 -4.7265 0.5304
v -2.4929 -4.6184 0.3598
v -1.5830 -4.6346 -0.7679
v -1.1630 -4.6807 -0.4658
v -2.1897 -4.5972 -0.6425
v -2.3747 -8.0849 2.0000
v -2.2467 -7.9304 -0.3230
v -1.6481 -8.0632 2.1979
v -1.4898 -7.9269 -0.1819
v -2.4486 -8.1177 0.7754
v -1.5569 -8.1096 0.9458
v -2.0629 -8.0508 2.2108
v -1.8080 -7.9011 -0.4322
v -2.5086 -8.1545 1.4657
v -1.4974 -8.1470 1.6481
v -2.5155 -8.1487 1.1225
v -1.4975 -8.1399 1.3068
v -2.4618 -8.1276 1.7525
v -1.5431 -8.1155 1.9620
v -2.3289 -7.9577 0.0101
v -1.5206 -7.9538 0.1523
v -2.3657 -8.0190 0.3687
v -1.5686 -8.0132 0.5120
v -2.2415 -8.0607 2.1308
v -2.0909 -7.9149 -0.4410
v -1.8226 -8.0490 2.2460
v -1.5697 -7.9047 -0.3388
v -1.9149 -7.1888 -0.5033
v -2.1125 -7.2088 -0.4471
v -1.5805 -7.2148 -0.3095
v -1.7271 -7.1946 -0.4619
v -2.2896 -7.2779 -0.1936
v -2.4063 -7.3547 0.2284
v -1.4830 -7.2730 -0.0203
v -1.4745 -7.3311 0.3866
v -2.2040 -7.2390 -0.3489
v -1.5229 -7.2400 -0.1785
v -1.8164 -7.1904 -0.4893
v -2.4205 -7.3866 0.4503
v -1.5058 -7.3580 0.5921
v -2.0142 -7.1929 -0.4960
v -1.6492 -7.2007 -0.3985
v -2.3598 -7.3180 0.0042
v -1.4667 -7.3044 0.1738
v -2.3215 -7.2338 0.7052
v -2.1001 -7.1693 0.8043
v -1.8286 -7.1687 0.8402
v -1.6144 -7.2281 0.8055
v -2.3891 -7.2584 0.5923
v -1.5376 -7.2472 0.7189
v -1.9634 -7.1580 0.8278
v -2.2202 -7.1965 0.7682
v -1.7113 -7.1942 0.8379
v -1.9000 -7.0622 -0.5584
v -2.1071 -7.0846 -0.4884
v -1.5548 -7.0957 -0.3488
v -1.7078 -7.0689 -0.5141
v -2.2933 -7.1514 -0.2225
v -2.4097 -7.2273 0.2012
v -1.4533 -7.1553 -0.0441
v -1.4459 -7.2169 0.3674
v -2.2040 -7.1137 -0.3830
v -1.4953 -7.1220 -0.2096
v -1.7993 -7.0635 -0.5447
v -2.4201 -7.2548 0.4184
v -1.4799 -7.2408 0.5670
v -2.0031 -7.0670 -0.5456
v -1.6268 -7.0782 -0.4453
v -2.3646 -7.1911 -0.0223
v -1.4369 -7.1884 0.1543
v -2.3293 -7.1119 0.6877
v -2.3497 -6.9845 0.6718
v -2.3766 -6.8452 0.6645
v -2.4051 -6.7012 0.6566
v -2.4244 -6.5637 0.6464
v -2.4381 -6.4316 0.6372
v -2.4466 -6.3002 0.6307
v -2.4461 -6.1687 0.6212
v -2.4546 -6.0374 0.6126
v -2.4522 -5.9057 0.6056
v -2.4527 -5.7739 0.5924
v -2.4573 -5.6421 0.5861
v -2.4530 -5.5102 0.5845
v -2.4582 -5.3784 0.5783
v -2.4513 -5.2464 0.5707
v -2.4453 -5.1145 0.5621
v -2.4444 -4.9825 0.5531
v -2.4481 -4.8560 0.5493
v -2.4481 -4.7456 0.5403
v -2.0991 -7.0684 0.8165
v -2.1072 -6.9549 0.8116
v -2.1209 -6.8207 0.8132
v -2.1350 -6.6742 0.8113
v -2.1417 -6.5422 0.8168
v -2.1452 -6.4142 0.8103
v -2.1446 -6.2864 0.8045
v -2.1390 -6.1587 0.7957
v -2.1367 -6.0301 0.7887
v -2.1284 -5.9023 0.7834
v -2.1233 -5.7744 0.7716
v -2.1205 -5.6465 0.7675
v -2.1116 -5.5185 0.7687
v -2.1102 -5.3905 0.7653
v -2.0996 -5.2625 0.7604
v -2.0908 -5.1344 0.7546
v -2.0866 -5.0063 0.7482
v -2.0855 -4.8835 0.7498
v -2.0842 -4.7762 0.7446
v -1.8199 -7.0715 0.8545
v -1.8082 -6.9639 0.8511
v -1.8016 -6.8351 0.8538
v -1.7948 -6.6944 0.8530
v -1.7858 -6.5665 0.8591
v -1.7760 -6.4397 0.8531
v -1.7629 -6.3130 0.8476
v -1.7474 -6.1861 0.8392
v -1.7297 -6.0588 0.8327
v -1.7136 -5.9319 0.8281
v -1.7008 -5.8049 0.8165
v -1.6878 -5.6779 0.8131
v -1.6725 -5.5509 0.8152
v -1.6621 -5.4238 0.8126
v -1.6462 -5.2967 0.8086
v -1.6333 -5.1695 0.8036
v -1.6243 -5.0423 0.7980
v -1.6163 -4.9203 0.8009
v -1.6118 -4.8137 0.7969
v -1.5941 -7.1179 0.7940
v -1.5677 -7.0062 0.7821
v -1.5473 -6.8810 0.7776
v -1.5302 -6.7508 0.7720
v -1.5089 -6.6240 0.7636
v -1.4881 -6.4953 0.7557
v -1.4647 -6.3664 0.7497
v -1.4409 -6.2374 0.7409
v -1.4125 -6.1092 0.7336
v -1.3897 -5.9800 0.7282
v -1.3704 -5.8508 0.7158
v -1.3489 -5.7215 0.7113
v -1.3281 -5.5922 0.7121
v -1.3102 -5.4629 0.7081
v -1.2898 -5.3335 0.7028
v -1.2732 -5.2040 0.6964
v -1.2600 -5.0746 0.6895
v -1.2456 -4.9504 0.6893
v -1.2383 -4.8417 0.6825
v -2.4040 -7.1213 0.5584
v -2.4253 -6.9875 0.5351
v -2.4521 -6.8480 0.5240
v -2.4779 -6.7067 0.5183
v -2.5011 -6.5682 0.5095
v -2.5167 -6.4342 0.4994
v -2.5265 -6.3033 0.5015
v -2.5276 -6.1706 0.4924
v -2.5381 -6.0384 0.4864
v -2.5370 -5.9053 0.4788
v -2.5388 -5.7722 0.4661
v -2.5451 -5.6391 0.4589
v -2.5417 -5.5059 0.4561
v -2.5484 -5.3727 0.4487
v -2.5421 -5.2395 0.4400
v -2.5367 -5.1062 0.4304
v -2.5363 -4.9730 0.4204
v -2.5411 -4.8452 0.4139
v -2.5412 -4.7338 0.4041
v -1.5137 -7.1303 0.6981
v -1.4840 -7.0165 0.6808
v -1.4606 -6.8927 0.6734
v -1.4430 -6.7663 0.6724
v -1.4180 -6.6398 0.6640
v -1.3938 -6.5105 0.6560
v -1.3674 -6.3808 0.6503
v -1.3411 -6.2510 0.6417
v -1.3103 -6.1222 0.6371
v -1.2857 -5.9923 0.6314
v -1.2645 -5.8622 0.6195
v -1.2407 -5.7322 0.6145
v -1.2185 -5.6021 0.6145
v -1.1985 -5.4720 0.6099
v -1.1770 -5.3417 0.6038
v -1.1596 -5.2115 0.5969
v -1.1454 -5.0812 0.5894
v -1.1292 -4.9563 0.5873
v -1.1211 -4.8469 0.5794
v -1.9586 -7.0619 0.8445
v -1.9570 -6.9524 0.8415
v -1.9606 -6.8209 0.8439
v -1.9637 -6.6760 0.8409
v -1.9624 -6.5465 0.8474
v -1.9594 -6.4197 0.8504
v -1.9526 -6.2930 0.8452
v -1.9421 -6.1663 0.8368
v -1.9320 -6.0386 0.8311
v -1.9199 -5.9118 0.8265
v -1.9111 -5.7850 0.8151
v -1.9032 -5.6581 0.8117
v -1.8912 -5.5312 0.8138
v -1.8854 -5.4042 0.8112
v -1.8722 -5.2772 0.8071
v -1.8615 -5.1502 0.8022
v -1.8549 -5.0232 0.7967
v -1.8505 -4.9013 0.7996
v -1.8478 -4.7949 0.7959
v -2.2254 -7.0892 0.7678
v -2.2410 -6.9685 0.7581
v -2.2638 -6.8321 0.7571
v -2.2866 -6.6853 0.7592
v -2.3004 -6.5504 0.7499
v -2.3098 -6.4204 0.7416
v -2.3144 -6.2909 0.7351
v -2.3130 -6.1613 0.7258
v -2.3170 -6.0314 0.7189
v -2.3121 -5.9017 0.7128
v -2.3102 -5.7719 0.7003
v -2.3116 -5.6422 0.6951
v -2.3054 -5.5124 0.6951
v -2.3078 -5.3826 0.6904
v -2.2993 -5.2527 0.6842
v -2.2922 -5.1228 0.6772
v -2.2899 -4.9929 0.6696
v -2.2917 -4.8683 0.6687
v -2.2911 -4.7596 0.6616
v -1.6962 -7.0946 0.8417
v -1.6769 -6.9849 0.8346
v -1.6610 -6.8587 0.8357
v -1.6472 -6.7226 0.8396
v -1.6313 -6.5955 0.8316
v -1.6154 -6.4679 0.8243
v -1.5967 -6.3402 0.8185
v -1.5765 -6.2125 0.8098
v -1.5526 -6.0847 0.8039
v -1.5328 -5.9569 0.7989
v -1.5164 -5.8289 0.7869
v -1.4987 -5.7010 0.7831
v -1.4803 -5.5730 0.7848
v -1.4657 -5.4449 0.7817
v -1.4474 -5.3168 0.7771
v -1.4324 -5.1886 0.7716
v -1.4210 -5.0605 0.7656
v -1.4096 -4.9376 0.7673
v -1.4035 -4.8300 0.7620
v -1.8877 -6.9299 -0.5892
v -1.8769 -6.7957 -0.6144
v -1.8732 -6.6735 -0.6342
v -1.8723 -6.5559 -0.6489
v -1.8665 -6.4323 -0.6616
v -1.8602 -6.3089 -0.6732
v -1.8504 -6.1855 -0.6762
v -1.8376 -6.0621 -0.6826
v -1.8245 -5.9384 -0.6901
v -1.8106 -5.8149 -0.6997
v -1.7999 -5.6915 -0.7064
v -1.7895 -5.5680 -0.7186
v -1.7759 -5.4445 -0.7304
v -1.7679 -5.3209 -0.7459
v -1.7534 -5.1974 -0.7621
v -1.7417 -5.0738 -0.7783
v -1.7339 -4.9502 -0.7943
v -1.7269 -4.8317 -0.8165
v -1.7219 -4.7285 -0.8221
v -2.1085 -6.9524 -0.5134
v -2.1137 -6.8164 -0.5398
v -2.1231 -6.6882 -0.5623
v -2.1305 -6.5626 -0.5892
v -2.1346 -6.4348 -0.6031
v -2.1368 -6.3095 -0.6151
v -2.1342 -6.1844 -0.6188
v -2.1244 -6.0594 -0.6257
v -2.1159 -5.9338 -0.6358
v -2.1057 -5.8087 -0.6455
v -2.0985 -5.6837 -0.6526
v -2.0934 -5.5586 -0.6647
v -2.0823 -5.4335 -0.6761
v -2.0786 -5.3084 -0.6913
v -2.0659 -5.1833 -0.7072
v -2.0550 -5.0582 -0.7232
v -2.0486 -4.9330 -0.7389
v -2.0448 -4.8131 -0.7594
v -2.0398 -4.7088 -0.7646
v -1.5240 -6.9721 -0.3729
v -1.4874 -6.8480 -0.4026
v -1.4617 -6.7301 -0.4250
v -1.4477 -6.6142 -0.4504
v -1.4269 -6.4936 -0.4643
v -1.4074 -6.3699 -0.4759
v -1.3857 -6.2458 -0.4796
v -1.3641 -6.1217 -0.4867
v -1.3390 -5.9972 -0.4966
v -1.3192 -5.8730 -0.5060
v -1.3028 -5.7487 -0.5138
v -1.2841 -5.6244 -0.5252
v -1.2667 -5.5001 -0.5355
v -1.2518 -5.3757 -0.5498
v -1.2349 -5.2513 -0.5647
v -1.2220 -5.1268 -0.5799
v -1.2125 -5.0024 -0.5948
v -1.2009 -4.8831 -0.6133
v -1.1966 -4.7788 -0.6192
v -1.6848 -6.9388 -0.5417
v -1.6575 -6.8088 -0.5655
v -1.6406 -6.6900 -0.5849
v -1.6324 -6.5760 -0.6000
v -1.6185 -6.4548 -0.6131
v -1.6051 -6.3317 -0.6249
v -1.5890 -6.2086 -0.6282
v -1.5716 -6.0853 -0.6349
v -1.5519 -5.9619 -0.6428
v -1.5350 -5.8386 -0.6525
v -1.5215 -5.7152 -0.6597
v -1.5068 -5.5918 -0.6719
v -1.4914 -5.4684 -0.6834
v -1.4798 -5.3450 -0.6989
v -1.4644 -5.2215 -0.7149
v -1.4523 -5.0980 -0.7311
v -1.4439 -4.9745 -0.7470
v -1.4349 -4.8560 -0.7687
v -1.4306 -4.7527 -0.7748
v -2.3128 -7.0169 -0.2358
v -2.3316 -6.8800 -0.2627
v -2.3503 -6.7446 -0.2863
v -2.3721 -6.6109 -0.3153
v -2.4076 -6.4784 -0.3426
v -2.4244 -6.3486 -0.3542
v -2.4384 -6.2191 -0.3673
v -2.4344 -6.0906 -0.3751
v -2.4397 -5.9617 -0.3879
v -2.4339 -5.8332 -0.3966
v -2.4310 -5.7047 -0.4048
v -2.4316 -5.5762 -0.4152
v -2.4244 -5.4476 -0.4241
v -2.4257 -5.3191 -0.4370
v -2.4155 -5.1905 -0.4506
v -2.4064 -5.0619 -0.4645
v -2.4023 -4.9334 -0.4782
v -2.4027 -4.8101 -0.4937
v -2.3993 -4.7030 -0.4992
v -2.4267 -7.0908 0.1783
v -2.4504 -6.9534 0.1528
v -2.4759 -6.8142 0.1364
v -2.4996 -6.6754 0.1224
v -2.5217 -6.5382 0.1114
v -2.5399 -6.4048 0.1013
v -2.5531 -6.2737 0.0986
v -2.5541 -6.1417 0.0906
v -2.5619 -6.0099 0.0837
v -2.5599 -5.8777 0.0759
v -2.5608 -5.7454 0.0658
v -2.5663 -5.6131 0.0575
v -2.5618 -5.4808 0.0523
v -2.5675 -5.3485 0.0427
v -2.5602 -5.2161 0.0322
v -2.5536 -5.0837 0.0211
v -2.5522 -4.9513 0.0098
v -2.5561 -4.8244 -0.0010
v -2.5548 -4.7139 -0.0083
v -1.4244 -7.0350 -0.0613
v -1.3882 -6.9148 -0.0882
v -1.3606 -6.7956 -0.1080
v -1.3417 -6.6766 -0.1340
v -1.3155 -6.5546 -0.1468
v -1.2910 -6.4288 -0.1567
v -1.2647 -6.3026 -0.1603
v -1.2393 -6.1763 -0.1671
v -1.2090 -6.0498 -0.1763
v -1.1861 -5.9234 -0.1838
v -1.1667 -5.7969 -0.1919
v -1.1441 -5.6704 -0.2006
v -1.1240 -5.5439 -0.2070
v -1.1057 -5.4173 -0.2176
v -1.0866 -5.2907 -0.2289
v -1.0719 -5.1640 -0.2407
v -1.0603 -5.0373 -0.2524
v -1.0460 -4.9159 -0.2641
v -1.0403 -4.8096 -0.2693
v -1.4199 -7.1021 0.3530
v -1.3869 -6.9867 0.3324
v -1.3604 -6.8656 0.3205
v -1.3415 -6.7432 0.3114
v -1.3135 -6.6186 0.3016
v -1.2869 -6.4902 0.2933
v -1.2585 -6.3614 0.2891
v -1.2309 -6.2324 0.2819
v -1.1986 -6.1041 0.2765
v -1.1734 -5.9750 0.2706
v -1.1519 -5.8458 0.2610
v -1.1271 -5.7167 0.2551
v -1.1049 -5.5874 0.2530
v -1.0843 -5.4582 0.2464
v -1.0632 -5.3288 0.2388
v -1.0464 -5.1995 0.2305
v -1.0328 -5.0701 0.2219
v -1.0162 -4.9461 0.2161
v -1.0089 -4.8374 0.2099
v -2.2213 -6.9812 -0.3946
v -2.2329 -6.8455 -0.4213
v -2.2464 -6.7130 -0.4458
v -2.2619 -6.5829 -0.4766
v -2.2874 -6.4532 -0.4931
v -2.2975 -6.3255 -0.5044
v -2.2979 -6.1975 -0.5184
v -2.2908 -6.0709 -0.5260
v -2.2900 -5.9437 -0.5359
v -2.2819 -5.8171 -0.5452
v -2.2768 -5.6905 -0.5528
v -2.2745 -5.5639 -0.5642
v -2.2655 -5.4373 -0.5747
v -2.2642 -5.3107 -0.5891
v -2.2526 -5.1840 -0.6042
v -2.2424 -5.0573 -0.6194
v -2.2371 -4.9306 -0.6344
v -2.2354 -4.8092 -0.6526
v -2.2309 -4.7037 -0.6578
v -1.4647 -7.0008 -0.2333
v -1.4273 -6.8787 -0.2643
v -1.3998 -6.7602 -0.2873
v -1.3830 -6.6429 -0.3153
v -1.3593 -6.5218 -0.3291
v -1.3370 -6.3972 -0.3400
v -1.3128 -6.2722 -0.3437
v -1.2892 -6.1471 -0.3506
v -1.2614 -6.0217 -0.3607
v -1.2399 -5.8965 -0.3693
v -1.2220 -5.7713 -0.3773
v -1.2013 -5.6460 -0.3875
v -1.1826 -5.5207 -0.3962
v -1.1659 -5.3954 -0.4089
v -1.1480 -5.2700 -0.4223
v -1.1342 -5.1446 -0.4360
v -1.1238 -5.0191 -0.4496
v -1.1108 -4.8989 -0.4650
v -1.1060 -4.7938 -0.4704
v -1.7822 -6.9316 -0.5762
v -1.7629 -6.7993 -0.6015
v -1.7523 -6.6790 -0.6210
v -1.7475 -6.5639 -0.6345
v -1.7375 -6.4417 -0.6471
v -1.7275 -6.3186 -0.6588
v -1.7144 -6.1954 -0.6619
v -1.6992 -6.0723 -0.6684
v -1.6826 -5.9488 -0.6757
v -1.6672 -5.8256 -0.6854
v -1.6550 -5.7023 -0.6923
v -1.6423 -5.5790 -0.7045
v -1.6278 -5.4556 -0.7162
v -1.6179 -5.3323 -0.7317
v -1.6029 -5.2089 -0.7478
v -1.5910 -5.0855 -0.7641
v -1.5829 -4.9620 -0.7800
v -1.5749 -4.8437 -0.8022
v -1.5702 -4.7405 -0.8081
v -1.9970 -6.9363 -0.5721
v -1.9945 -6.8008 -0.5970
v -1.9977 -6.6757 -0.6187
v -2.0008 -6.5543 -0.6384
v -1.9994 -6.4289 -0.6516
v -1.9971 -6.3047 -0.6632
v -1.9908 -6.1808 -0.6663
v -1.9805 -6.0569 -0.6728
v -1.9709 -5.9324 -0.6814
v -1.9588 -5.8084 -0.6910
v -1.9497 -5.6844 -0.6978
v -1.9418 -5.5604 -0.7100
v -1.9294 -5.4363 -0.7217
v -1.9234 -5.3123 -0.7373
v -1.9097 -5.1882 -0.7534
v -1.8983 -5.0641 -0.7696
v -1.8911 -4.9400 -0.7856
v -1.8854 -4.8210 -0.8073
v -1.8803 -4.7175 -0.8126
v -1.5990 -6.9521 -0.4749
v -1.5656 -6.8249 -0.5008
v -1.5427 -6.7067 -0.5222
v -1.5316 -6.5921 -0.5419
v -1.5142 -6.4715 -0.5555
v -1.4976 -6.3482 -0.5673
v -1.4786 -6.2248 -0.5708
v -1.4591 -6.1013 -0.5778
v -1.4367 -5.9774 -0.5867
v -1.4184 -5.8538 -0.5964
v -1.4035 -5.7302 -0.6039
v -1.3868 -5.6065 -0.6159
v -1.3705 -5.4828 -0.6271
v -1.3573 -5.3591 -0.6422
v -1.3413 -5.2353 -0.6579
v -1.3289 -5.1115 -0.6738
v -1.3201 -4.9877 -0.6895
v -1.3099 -4.8689 -0.7101
v -1.3059 -4.7653 -0.7162
v -2.3836 -7.0555 -0.0384
v -2.4058 -6.9181 -0.0644
v -2.4287 -6.7805 -0.0847
v -2.4527 -6.6438 -0.1070
v -2.4844 -6.5087 -0.1210
v -2.5039 -6.3769 -0.1319
v -2.5240 -6.2464 -0.1402
v -2.5231 -6.1160 -0.1480
v -2.5317 -5.9855 -0.1557
v -2.5280 -5.8550 -0.1638
v -2.5272 -5.7244 -0.1726
v -2.5306 -5.5939 -0.1819
v -2.5250 -5.4633 -0.1888
v -2.5287 -5.3327 -0.1999
v -2.5200 -5.2021 -0.2118
v -2.5120 -5.0715 -0.2242
v -2.5094 -4.9408 -0.2365
v -2.5116 -4.8156 -0.2494
v -2.5095 -4.7067 -0.2556
v -1.4095 -7.0705 0.1406
v -1.3747 -6.9527 0.1178
v -1.3473 -6.8326 0.1021
v -1.3276 -6.7120 0.0839
v -1.2999 -6.5887 0.0726
v -1.2739 -6.4616 0.0636
v -1.2461 -6.3340 0.0600
v -1.2193 -6.2063 0.0532
v -1.1875 -6.0789 0.0460
v -1.1632 -5.9511 0.0396
v -1.1425 -5.8232 0.0310
v -1.1185 -5.6953 0.0239
v -1.0973 -5.5674 0.0198
v -1.0776 -5.4394 0.0115
v -1.0574 -5.3113 0.0023
v -1.0416 -5.1833 -0.0075
v -1.0289 -5.0552 -0.0173
v -1.0133 -4.9324 -0.0257
v -1.0067 -4.8249 -0.0311
v -1.0588 -4.7370 0.3995
v -1.3170 -5.8147 0.2494
v -1.0365 -4.7711 0.4115
v -1.1048 -4.7248 0.3863
v -1.4547 -7.1242 0.5473
v -1.4235 -7.0098 0.5278
v -1.3985 -6.8872 0.5184
v -1.3807 -6.7638 0.5169
v -1.3535 -6.6380 0.5082
v -1.3275 -6.5087 0.5001
v -1.2994 -6.3790 0.4951
v -1.2719 -6.2493 0.4872
v -1.2398 -6.1206 0.4828
v -1.2145 -5.9906 0.4771
v -1.1927 -5.8606 0.4662
v -1.1678 -5.7305 0.4609
v -1.1452 -5.6005 0.4600
v -1.1244 -5.4703 0.4545
v -1.1026 -5.3401 0.4478
v -1.0852 -5.2099 0.4403
v -1.0710 -5.0796 0.4324
v -1.0540 -4.9548 0.4284
v -1.0461 -4.8453 0.4209
v -2.5607 -4.6168 0.2018
v -2.3051 -5.7057 0.1154
v -2.5711 -4.6488 0.2103
v -2.5164 -4.6090 0.1954
v -2.5713 -4.7233 0.2199
v -2.5719 -4.8347 0.2289
v -2.5671 -4.9627 0.2377
v -2.5676 -5.0962 0.2483
v -2.5733 -5.2296 0.2587
v -2.5797 -5.3630 0.2683
v -2.5729 -5.4964 0.2767
v -2.5763 -5.6298 0.2807
v -2.5697 -5.7631 0.2885
v -2.5678 -5.8964 0.3001
v -2.5688 -6.0297 0.3078
v -2.5590 -6.1620 0.3136
v -2.5574 -6.2949 0.3221
v -2.5476 -6.4257 0.3204
v -2.5312 -6.5600 0.3303
v -2.5101 -6.6983 0.3395
v -2.4855 -6.8383 0.3471
v -2.4588 -6.9782 0.3604
v -2.4351 -7.1149 0.3859
v -1.5294 -7.4344 0.8806
v -2.2360 -7.2800 1.0768
v -2.0059 -7.3751 1.0628
v -2.2174 -7.4159 0.9969
v -1.4862 -7.4630 0.7554
v -2.3127 -7.4447 0.8839
v -1.4791 -7.4519 1.2933
v -1.6303 -7.3810 0.9782
v -2.1167 -7.4096 1.0622
v -1.9360 -7.4278 -0.4914
v -1.7127 -7.4331 -0.4271
v -2.3028 -7.4490 -0.2444
v -2.1402 -7.4357 -0.4301
v -1.4912 -7.4611 -0.1311
v -1.4351 -7.4840 0.3600
v -2.4086 -7.4766 0.0918
v -2.4343 -7.4739 0.5410
v -1.5692 -7.4444 -0.3029
v -2.3650 -7.4611 -0.0905
v -2.0424 -7.4311 -0.4702
v -1.4533 -7.4877 0.5661
v -2.3904 -7.4650 0.7279
v -1.8251 -7.4263 -0.4736
v -2.2269 -7.4401 -0.3523
v -1.4510 -7.4739 0.1158
v -2.4256 -7.4874 0.3090
v -1.5213 -7.3154 0.8507
v -2.2192 -7.1706 1.1023
v -2.0553 -7.2775 1.0642
v -2.2463 -7.3081 0.9749
v -1.4786 -7.3390 0.7066
v -2.3449 -7.3382 0.8520
v -1.5505 -7.5297 1.2988
v -1.6252 -7.2636 0.9654
v -2.1465 -7.3036 1.0519
v -1.9575 -7.2958 -0.4961
v -1.7372 -7.3009 -0.4324
v -2.3159 -7.3257 -0.2578
v -2.1575 -7.3057 -0.4362
v -1.4976 -7.3269 -0.1408
v -1.4387 -7.3519 0.3129
v -2.4129 -7.3575 0.0657
v -2.4351 -7.3624 0.4937
v -1.5863 -7.3111 -0.3001
v -2.3735 -7.3409 -0.1121
v -2.0610 -7.2997 -0.4763
v -1.8488 -7.2957 -0.4757
v -2.2422 -7.3146 -0.3649
v -1.4518 -7.3405 0.0890
v -2.4272 -7.3715 0.2745
v -2.4242 -7.3522 0.6946
v -1.4483 -7.3525 0.5275
v -1.5459 -7.4369 0.8649
v -2.2431 -7.2749 1.0556
v -2.0038 -7.3740 1.0399
v -2.2046 -7.4159 0.9775
v -1.5071 -7.4648 0.7475
v -2.2939 -7.4420 0.8717
v -1.4920 -7.4378 1.3064
v -1.6404 -7.3832 0.9576
v -2.1088 -7.4096 1.0404
v -1.9362 -7.4171 -0.4698
v -1.7263 -7.4255 -0.4087
v -2.2852 -7.4376 -0.2334
v -2.1307 -7.4238 -0.4114
v -1.5121 -7.4561 -0.1215
v -1.4584 -7.4815 0.3623
v -2.3871 -7.4676 0.0955
v -2.4118 -7.4672 0.5379
v -1.5876 -7.4385 -0.2890
v -2.3451 -7.4509 -0.0833
v -2.0381 -7.4198 -0.4495
v -1.4770 -7.4870 0.5637
v -2.3698 -7.4599 0.7218
v -1.8318 -7.4168 -0.4523
v -2.2125 -7.4283 -0.3374
v -1.4734 -7.4700 0.1218
v -2.4033 -7.4797 0.3091
v -1.5379 -7.3179 0.8350
v -2.2262 -7.1656 1.0811
v -2.0532 -7.2764 1.0413
v -2.2334 -7.3081 0.9554
v -1.4995 -7.3409 0.6986
v -2.3261 -7.3356 0.8398
v -1.5633 -7.5156 1.3120
v -1.6353 -7.2658 0.9447
v -2.1386 -7.3037 1.0300
v -1.9578 -7.2851 -0.4753
v -1.7498 -7.2933 -0.4146
v -2.2995 -7.3144 -0.2469
v -2.1486 -7.2939 -0.4181
v -1.5170 -7.3220 -0.1311
v -1.4604 -7.3492 0.3158
v -2.3929 -7.3485 0.0698
v -2.4142 -7.3557 0.4915
v -1.6033 -7.3051 -0.2865
v -2.3550 -7.3306 -0.1046
v -2.0570 -7.2884 -0.4563
v -1.8550 -7.2863 -0.4552
v -2.2289 -7.3029 -0.3504
v -1.4726 -7.3366 0.0953
v -2.4065 -7.3637 0.2753
v -2.4035 -7.3470 0.6885
v -1.4703 -7.3517 0.5260
v -1.9088 -7.2640 1.0548
v -1.8094 -7.3466 0.9553
v -1.7425 -7.3879 0.9712
v -1.6673 -7.4162 1.0144
v -1.6018 -7.4348 1.0684
v -1.5224 -7.4514 1.2106
v -2.0072 -7.2180 1.0654
v -1.8860 -7.4179 0.9732
v -1.8191 -7.4572 0.9942
v -1.7412 -7.4916 1.0249
v -1.6751 -7.5106 1.0788
v -1.5943 -7.5289 1.2158
v -1.5351 -7.4373 1.2239
v -1.6080 -7.4247 1.0883
v -1.6733 -7.4061 1.0344
v -1.7448 -7.3775 0.9919
v -1.8130 -7.3364 0.9759
v -1.9093 -7.2625 1.0318
v -1.6071 -7.5148 1.2291
v -1.6813 -7.5005 1.0987
v -1.7472 -7.4816 1.0449
v -1.8214 -7.4468 1.0149
v -1.8895 -7.4077 0.9938
v -2.0077 -7.2165 1.0424
v -2.1182 -7.2993 1.0316
v -1.9912 -7.3286 1.0152
v -1.8708 -7.3492 1.0223
v -1.7506 -7.3637 1.0137
v -2.1016 -7.1885 1.0547
v -1.9852 -7.2152 1.0364
v -1.8651 -7.2335 1.0148
v -1.7452 -7.2471 1.0035
v -1.7600 -7.3656 0.9928
v -1.8796 -7.3509 1.0012
v -1.9995 -7.3249 0.9942
v -2.1259 -7.2945 1.0106
v -1.7547 -7.2491 0.9826
v -1.8739 -7.2352 0.9936
v -1.9935 -7.2115 1.0154
v -2.1093 -7.1837 1.0337
v -1.8912 -7.1949 1.0271
v -1.8867 -7.1993 0.9923
v -1.8735 -7.2391 0.9630
v -1.8642 -7.2993 0.9638
v -1.9912 -7.1708 0.9928
v -1.9866 -7.1928 0.9684
v -1.9589 -7.2727 0.9477
v -1.9551 -7.3505 0.9602
v -1.8675 -7.2965 0.9865
v -1.8735 -7.2399 0.9860
v -1.8862 -7.2208 1.0016
v -1.8916 -7.2166 1.0178
v -1.9584 -7.3477 0.9829
v -1.9590 -7.2708 0.9707
v -1.9864 -7.2072 0.9865
v -1.9914 -7.1928 1.0008
v -1.9466 -7.3266 1.0594
v -2.0204 -7.2550 1.0633
v -1.9458 -7.3253 1.0365
v -2.0196 -7.2538 1.0403
v -1.8995 -7.2240 1.0487
v -1.9962 -7.1853 1.0472
v -1.8997 -7.2298 1.0275
v -1.9961 -7.1990 1.0299
v -2.3325 -7.3020 0.7637
v -1.5860 -7.1535 0.9673
v -1.8276 -7.2537 0.9476
v -1.6007 -7.3089 0.8789
v -2.4113 -7.3350 0.6375
v -1.5175 -7.3263 0.7656
v -2.3280 -7.1136 0.9739
v -2.2266 -7.2652 0.8629
v -1.7088 -7.2841 0.9452
v -1.8999 -7.1905 -0.5264
v -2.1202 -7.2085 -0.4540
v -1.5370 -7.2188 -0.3099
v -1.6980 -7.1970 -0.4801
v -2.3138 -7.2660 -0.1829
v -2.4326 -7.3280 0.2420
v -1.4522 -7.2679 -0.0022
v -1.4469 -7.3159 0.4098
v -2.2219 -7.2334 -0.3454
v -1.4915 -7.2403 -0.1691
v -1.7947 -7.1919 -0.5121
v -2.4434 -7.3372 0.4601
v -1.4740 -7.3328 0.6103
v -2.0095 -7.1940 -0.5134
v -1.6123 -7.2045 -0.4087
v -2.3865 -7.2992 0.0182
v -1.4387 -7.2943 0.1968
v -2.3448 -7.1827 0.7410
v -1.6072 -7.0482 0.9988
v -1.7781 -7.1560 0.9547
v -1.5734 -7.2001 0.8634
v -2.4232 -7.2094 0.5964
v -1.4866 -7.2179 0.7403
v -2.3685 -7.2139 0.9798
v -2.2356 -7.1488 0.8570
v -1.6804 -7.1779 0.9411
v -1.8815 -7.0594 -0.5801
v -2.1155 -7.0770 -0.5032
v -1.4997 -7.0959 -0.3548
v -1.6687 -7.0680 -0.5304
v -2.3291 -7.1323 -0.2158
v -2.4460 -7.1933 0.2063
v -1.4161 -7.1484 -0.0366
v -1.4137 -7.2024 0.3853
v -2.2353 -7.1017 -0.3780
v -1.4543 -7.1199 -0.2115
v -1.7714 -7.0614 -0.5658
v -1.9970 -7.0643 -0.5633
v -1.5783 -7.0793 -0.4602
v -2.4016 -7.1649 -0.0145
v -1.4040 -7.1774 0.1691
v -1.4416 -7.2180 0.5839
v -2.4550 -7.2103 0.4184
v -2.3149 -7.3027 0.7481
v -1.5787 -7.1467 0.9467
v -1.8298 -7.2510 0.9249
v -1.6144 -7.3078 0.8596
v -2.3891 -7.3356 0.6296
v -1.5376 -7.3233 0.7536
v -2.3174 -7.1166 0.9940
v -2.2158 -7.2656 0.8423
v -1.7172 -7.2827 0.9236
v -1.9000 -7.1816 -0.5052
v -2.1071 -7.2020 -0.4359
v -1.5548 -7.2091 -0.2985
v -1.7078 -7.1870 -0.4615
v -2.2933 -7.2612 -0.1730
v -2.4097 -7.3249 0.2451
v -1.4737 -7.2600 0.0023
v -1.4693 -7.3098 0.4080
v -2.2040 -7.2280 -0.3316
v -1.5114 -7.2314 -0.1611
v -1.7993 -7.1825 -0.4917
v -2.4201 -7.3356 0.4587
v -1.4961 -7.3279 0.6045
v -2.0031 -7.1860 -0.4925
v -1.6268 -7.1944 -0.3937
v -2.3646 -7.2951 0.0247
v -1.4609 -7.2873 0.1980
v -2.3271 -7.1835 0.7254
v -1.5999 -7.0414 0.9782
v -1.7804 -7.1533 0.9321
v -1.5871 -7.1990 0.8441
v -2.4010 -7.2100 0.5884
v -1.5067 -7.2150 0.7284
v -2.3579 -7.2169 0.9999
v -2.2248 -7.1491 0.8364
v -1.6888 -7.1765 0.9195
v -1.8815 -7.0504 -0.5589
v -2.1023 -7.0705 -0.4851
v -1.5175 -7.0861 -0.3434
v -1.6784 -7.0580 -0.5118
v -2.3086 -7.1275 -0.2058
v -2.4230 -7.1902 0.2093
v -1.4375 -7.1405 -0.0320
v -1.4361 -7.1963 0.3835
v -2.2174 -7.0963 -0.3641
v -1.4742 -7.1110 -0.2036
v -1.7760 -7.0519 -0.5453
v -1.9907 -7.0564 -0.5425
v -1.5929 -7.0693 -0.4452
v -2.3797 -7.1608 -0.0080
v -1.4263 -7.1705 0.1703
v -1.4637 -7.2131 0.5782
v -2.4316 -7.2087 0.4171
v -1.9342 -7.1467 0.9459
v -2.0373 -7.2239 0.8426
v -2.0773 -7.2779 0.8558
v -2.1277 -7.2434 0.8962
v -2.1802 -7.2025 0.9312
v -2.2541 -7.1580 0.9513
v -1.8310 -7.0990 0.9592
v -1.9537 -7.2930 0.8563
v -2.0139 -7.3647 0.8746
v -2.1276 -7.3522 0.9023
v -2.2195 -7.3037 0.9373
v -2.2940 -7.2588 0.9573
v -2.2436 -7.1609 0.9715
v -2.1699 -7.2052 0.9515
v -2.1173 -7.2422 0.9166
v -2.0731 -7.2700 0.8768
v -2.0338 -7.2153 0.8635
v -1.9337 -7.1435 0.9232
v -2.2835 -7.2617 0.9775
v -2.2092 -7.3064 0.9576
v -2.1172 -7.3509 0.9227
v -2.0097 -7.3567 0.8957
v -1.9503 -7.2844 0.8772
v -1.8306 -7.0958 0.9365
v -1.7106 -7.1730 0.9213
v -1.8447 -7.2047 0.9031
v -1.9720 -7.2295 0.9088
v -2.0993 -7.2470 0.8992
v -1.7316 -7.0661 0.9505
v -1.8545 -7.0948 0.9306
v -1.9815 -7.1151 0.9080
v -2.1085 -7.1315 0.8958
v -2.0892 -7.2470 0.8784
v -1.9626 -7.2293 0.8878
v -1.8360 -7.1993 0.8826
v -1.7025 -7.1665 0.9008
v -2.0985 -7.1316 0.8750
v -1.9721 -7.1148 0.8870
v -1.8458 -7.0893 0.9101
v -1.7236 -7.0596 0.9301
v -1.9550 -7.0772 0.9225
v -1.9597 -7.0790 0.8878
v -1.9725 -7.1164 0.8565
v -1.9805 -7.1761 0.8538
v -1.8497 -7.0396 0.8906
v -1.8537 -7.0676 0.8647
v -1.8807 -7.1457 0.8396
v -1.8823 -7.2234 0.8475
v -1.9771 -7.1749 0.8764
v -1.9724 -7.1190 0.8792
v -1.9595 -7.1009 0.8958
v -1.9539 -7.0978 0.9120
v -1.8790 -7.2222 0.8701
v -1.8806 -7.1455 0.8624
v -1.8535 -7.0831 0.8818
v -1.8489 -7.0618 0.8972
v -1.8921 -7.2076 0.9469
v -1.8159 -7.1349 0.9550
v -1.8930 -7.2046 0.9243
v -1.8167 -7.1320 0.9323
v -1.9454 -7.1071 0.9422
v -1.8441 -7.0556 0.9437
v -1.9450 -7.1112 0.9209
v -1.8437 -7.0678 0.9258
v 2.4086 -7.7672 1.3002
v 2.4091 -7.6685 0.9730
v 2.5251 -7.9195 1.3064
v 2.4986 -7.8668 0.9705
v 1.6113 -7.6499 1.1041
v 1.6040 -7.7582 1.4401
v 1.5485 -7.8406 1.1529
v 1.5178 -7.9054 1.4962
v 2.5892 -8.2375 1.3122
v 2.5706 -8.2264 0.9607
v 1.4489 -8.2148 1.1599
v 1.4224 -8.2280 1.5210
v 2.3690 -7.8149 1.8017
v 2.4083 -7.8104 1.5945
v 2.4506 -7.9264 1.8609
v 2.5176 -7.9436 1.6079
v 1.6129 -7.7911 1.7335
v 1.6596 -7.7913 1.9145
v 1.5289 -7.9133 1.8010
v 1.5966 -7.8836 2.0229
v 2.4851 -8.1868 1.9231
v 2.5520 -8.2250 1.6502
v 1.4521 -8.2129 1.8762
v 1.5440 -8.1625 2.1784
v 2.3147 -7.6212 -0.1902
v 1.5000 -7.6133 -0.0313
v 2.3574 -8.0954 -0.1687
v 1.4557 -8.0896 -0.0007
v 2.4260 -7.5551 0.6551
v 2.4583 -7.7867 0.6461
v 2.4040 -7.7120 0.2426
v 1.5709 -7.5121 0.7815
v 1.5205 -7.6839 0.3879
v 1.5573 -7.7427 0.8024
v 2.4283 -8.0985 0.2198
v 2.4955 -8.1484 0.5767
v 1.4944 -8.0903 0.3861
v 1.4943 -8.1384 0.7539
v 2.1193 -7.8118 2.0267
v 2.2816 -7.8149 1.9400
v 2.1419 -7.8934 2.1403
v 2.3237 -7.9047 2.0436
v 1.9512 -7.5414 -0.4537
v 2.1695 -7.5516 -0.4214
v 1.9289 -7.3019 -0.4337
v 2.1204 -7.3142 -0.4157
v 2.2054 -8.1307 2.2489
v 2.3712 -8.1517 2.1250
v 2.2261 -8.0587 -0.4773
v 1.9704 -8.0433 -0.5230
v 2.1780 -8.2895 1.3933
v 2.4608 -8.2908 1.3418
v 2.1584 -8.2780 1.0520
v 2.4410 -8.2813 1.0010
v 2.2362 -7.6492 1.2871
v 2.0779 -7.5996 1.2833
v 2.2769 -7.5173 0.9834
v 2.0999 -7.4487 0.9977
v 2.2006 -8.2152 2.1004
v 2.3911 -8.2286 2.0015
v 2.1953 -8.2702 1.7646
v 2.4385 -8.2741 1.7028
v 2.2310 -7.7547 1.7932
v 2.0879 -7.7440 1.8367
v 2.2239 -7.7152 1.5852
v 2.0725 -7.6855 1.5862
v 2.2756 -8.2198 -0.1198
v 2.0316 -8.2087 -0.1097
v 2.1352 -8.1926 0.6602
v 2.3888 -8.1955 0.6143
v 2.1055 -8.1847 0.3589
v 2.3396 -8.1886 0.3043
v 2.3238 -7.3427 0.7685
v 2.1125 -7.2617 0.8376
v 1.7547 -7.7964 2.0105
v 1.9204 -7.8030 2.0501
v 1.7311 -7.8726 2.1473
v 1.9297 -7.8790 2.1761
v 1.5501 -7.5460 -0.2791
v 1.7064 -7.5444 -0.3901
v 1.6045 -7.3194 -0.2717
v 1.7409 -7.3085 -0.3941
v 1.7045 -8.1273 2.3316
v 1.9567 -8.1225 2.3223
v 1.4755 -8.0585 -0.3294
v 1.6571 -8.0446 -0.4594
v 1.5671 -8.2836 1.4991
v 1.8685 -8.2875 1.4461
v 1.5634 -8.2687 1.1554
v 1.8457 -8.2722 1.1066
v 1.9027 -7.5973 1.3040
v 1.7390 -7.6496 1.3533
v 1.8732 -7.4465 1.0200
v 1.7037 -7.5179 1.0552
v 1.6530 -8.2089 2.1906
v 1.9317 -8.2096 2.1613
v 1.5926 -8.2643 1.8644
v 1.8981 -8.2678 1.8144
v 1.9216 -7.7395 1.8490
v 1.7675 -7.7433 1.8475
v 1.9186 -7.6803 1.6013
v 1.7560 -7.7070 1.6445
v 1.5163 -8.2173 0.0238
v 1.7239 -8.2089 -0.0503
v 1.5789 -8.1848 0.7583
v 1.8293 -8.1867 0.7145
v 1.5717 -8.1810 0.4425
v 1.8052 -8.1819 0.4130
v 1.8512 -7.2584 0.8695
v 1.6495 -7.3324 0.8608
v 2.2865 -7.4003 -0.1896
v 2.4024 -7.4757 0.2407
v 1.5162 -7.3924 -0.0216
v 1.5095 -7.4438 0.3898
v 1.0301 -4.7302 0.1968
v 1.0630 -4.7060 -0.2647
v 2.5507 -4.6089 -0.0163
v 2.3960 -4.6020 -0.4877
v 1.6248 -4.7098 0.7748
v 1.2550 -4.7345 0.6556
v 1.4464 -4.6542 -0.7555
v 1.2177 -4.6784 -0.6045
v 2.0912 -4.6728 0.7216
v 2.4488 -4.6395 0.5134
v 1.7291 -4.6311 -0.8004
v 2.0400 -4.6108 -0.7439
v 1.9583 -5.7012 -0.5256
v 1.7561 -5.7198 -0.5575
v 2.2352 -5.7263 0.3213
v 1.9992 -5.7574 0.4715
v 1.4257 -5.7614 -0.4329
v 1.5727 -5.7403 -0.5290
v 1.4445 -5.8130 0.4205
v 1.6880 -5.7915 0.5097
v 2.1977 -5.6927 -0.3564
v 2.2984 -5.6989 -0.0332
v 1.3222 -5.7863 -0.2047
v 1.3007 -5.8083 0.1095
v 2.5582 -8.1689 1.3024
v 2.5353 -8.0719 1.3004
v 2.5324 -8.1558 0.9491
v 2.5067 -8.0506 0.9627
v 1.4941 -8.1464 1.1385
v 1.5263 -8.0416 1.1535
v 1.4609 -8.1608 1.4979
v 1.4956 -8.0657 1.4868
v 2.4603 -8.1202 1.8984
v 2.4453 -8.0450 1.8822
v 2.5265 -8.1587 1.6258
v 2.5099 -8.0742 1.6119
v 1.4874 -8.1492 1.8380
v 1.5146 -8.0560 1.8077
v 1.5704 -8.1009 2.1313
v 1.5854 -8.0100 2.0794
v 2.3151 -7.8395 -0.1729
v 2.3282 -7.9526 -0.2012
v 1.4791 -7.9478 -0.0453
v 1.4999 -7.8425 -0.0293
v 2.3790 -7.8954 0.2153
v 2.3888 -7.9951 0.1724
v 2.4371 -7.9820 0.6079
v 2.4519 -8.0861 0.5662
v 1.5232 -7.9892 0.3247
v 1.5475 -7.8953 0.3591
v 1.5385 -8.0778 0.7314
v 1.5674 -7.9729 0.7782
v 2.1872 -8.0658 2.2103
v 2.1577 -7.9946 2.1779
v 2.3467 -8.0841 2.0992
v 2.3241 -8.0120 2.0773
v 1.9615 -7.7987 -0.4582
v 1.9680 -7.9160 -0.4897
v 2.1924 -7.8116 -0.4135
v 2.2090 -7.9313 -0.4456
v 1.7199 -8.0640 2.2819
v 1.7278 -7.9832 2.2227
v 1.9546 -8.0590 2.2766
v 1.9444 -7.9840 2.2281
v 1.5201 -7.8059 -0.2770
v 1.4981 -7.9248 -0.3073
v 1.6836 -7.7951 -0.3937
v 1.6703 -7.9119 -0.4302
v 2.3342 -7.8134 1.8754
v 2.3951 -7.9107 1.9664
v 2.2033 -7.3515 -0.3300
v 2.2480 -7.5726 -0.3409
v 1.6971 -7.7932 1.9686
v 1.6533 -7.8743 2.1006
v 1.5536 -7.3477 -0.1701
v 1.5151 -7.5606 -0.1871
v 2.4205 -7.6069 0.8135
v 2.4814 -7.8309 0.8056
v 1.6001 -7.5764 0.9425
v 1.5607 -7.7960 0.9817
v 2.0193 -7.8062 2.0459
v 2.0375 -7.8848 2.1661
v 1.8261 -7.3050 -0.4200
v 1.8232 -7.5409 -0.4313
v 2.4370 -8.1674 2.0357
v 2.2993 -8.0734 -0.3726
v 1.6171 -8.1391 2.2845
v 1.4489 -8.0708 -0.2093
v 2.5378 -8.2042 0.7837
v 1.4753 -8.1921 0.9722
v 2.0976 -8.1252 2.2905
v 1.8046 -8.0416 -0.5026
v 2.4150 -7.7957 1.4566
v 2.5292 -7.9360 1.4661
v 1.6013 -7.7834 1.5997
v 1.5152 -7.9196 1.6605
v 2.5752 -8.2367 1.4914
v 1.4316 -8.2271 1.7042
v 2.5726 -8.2814 0.9766
v 2.5889 -8.2917 1.3166
v 1.4428 -8.2677 1.1763
v 1.4201 -8.2812 1.5254
v 2.3407 -7.5787 0.9772
v 2.3165 -7.6964 1.2923
v 1.6512 -7.5774 1.0776
v 1.6692 -7.6971 1.3895
v 2.5099 -7.9599 0.9694
v 2.5369 -7.9925 1.3035
v 1.5285 -7.9466 1.1633
v 1.5004 -7.9852 1.4930
v 2.0047 -8.2749 1.0789
v 2.0232 -8.2885 1.4195
v 1.9922 -7.5920 1.2886
v 1.9852 -7.4375 1.0071
v 2.4865 -7.8467 1.3065
v 2.4668 -7.7701 0.9706
v 1.5786 -7.7373 1.1307
v 1.5512 -7.8290 1.4829
v 2.5896 -8.1831 1.3075
v 2.5685 -8.1717 0.9447
v 1.4551 -8.1617 1.1434
v 1.4247 -8.1746 1.5166
v 2.4020 -7.7249 1.1355
v 2.5124 -7.8959 1.1385
v 1.6108 -7.7142 1.2696
v 1.5308 -7.8769 1.3224
v 2.5893 -8.2321 1.1295
v 1.4272 -8.2217 1.3364
v 2.4804 -8.2390 1.9360
v 2.5481 -8.2775 1.6637
v 1.5422 -8.2109 2.1926
v 1.4508 -8.2632 1.8871
v 2.2982 -7.7731 1.7785
v 2.3100 -7.7502 1.5860
v 1.7076 -7.7575 1.8625
v 1.6804 -7.7405 1.6797
v 2.4538 -7.9851 1.8747
v 2.5182 -8.0064 1.6096
v 1.5836 -7.9395 2.0558
v 1.5148 -7.9804 1.8046
v 2.0829 -8.2121 2.1324
v 2.0543 -8.2695 1.7885
v 1.9986 -7.6808 1.5890
v 2.0073 -7.7408 1.8448
v 2.4876 -7.8800 1.6041
v 2.4257 -7.8694 1.8374
v 1.6227 -7.8361 1.9769
v 1.5604 -7.8515 1.7821
v 2.4857 -8.1389 1.9104
v 2.5520 -8.1769 1.6371
v 1.5460 -8.1138 2.1644
v 1.4534 -8.1623 1.8655
v 2.3917 -7.8151 1.7107
v 2.4911 -7.9409 1.7379
v 1.6341 -7.7907 1.8393
v 1.5567 -7.8976 1.9207
v 2.5214 -8.2069 1.7928
v 1.4882 -8.1897 2.0351
v 2.3609 -8.2271 -0.1068
v 1.4579 -8.2220 0.0614
v 2.3211 -7.7346 -0.1776
v 1.4978 -7.7376 -0.0307
v 1.8754 -8.2070 -0.0832
v 2.2976 -7.5140 -0.1880
v 1.5108 -7.4998 -0.0222
v 2.3539 -7.9636 -0.2305
v 1.4537 -7.9573 -0.0627
v 2.3673 -7.6760 0.0110
v 1.5026 -7.6661 0.1675
v 2.4003 -8.1089 0.0552
v 1.4773 -8.1009 0.2226
v 2.4980 -8.1953 0.5940
v 2.4326 -8.1892 0.2807
v 1.4899 -8.1851 0.7733
v 1.4975 -8.1800 0.4490
v 2.4001 -7.4118 0.6692
v 1.5748 -7.3888 0.7898
v 2.4555 -7.8890 0.6350
v 2.3978 -7.8060 0.2369
v 1.5593 -7.8700 0.8091
v 1.5368 -7.8013 0.3829
v 1.9865 -8.1895 0.6865
v 1.9599 -8.1824 0.3879
v 1.9813 -7.2479 0.8539
v 2.4450 -7.6739 0.6474
v 2.4008 -7.5936 0.2403
v 1.5611 -7.6211 0.7852
v 1.5130 -7.5601 0.3871
v 2.4931 -8.1016 0.5596
v 2.4238 -8.0079 0.1590
v 1.4986 -8.0916 0.7343
v 1.4913 -8.0009 0.3235
v 2.4235 -7.5148 0.4681
v 2.4318 -7.7438 0.4669
v 1.5371 -7.4682 0.6001
v 1.5425 -7.6993 0.6068
v 2.4552 -8.0999 0.3766
v 1.5019 -8.0919 0.5452
v 2.3699 -8.2055 2.1285
v 2.2042 -8.1843 2.2529
v 2.2246 -8.1767 -0.4689
v 1.9684 -8.1619 -0.5156
v 2.2498 -7.7792 1.8686
v 2.1033 -7.7745 1.9420
v 2.0410 -4.6398 -0.7594
v 1.7225 -4.6601 -0.8171
v 2.4224 -8.2665 0.8380
v 2.1522 -8.2618 0.8872
v 2.3089 -7.4316 0.8463
v 2.1150 -7.3509 0.8818
v 2.3258 -7.9561 2.0691
v 2.1489 -7.9394 2.1694
v 2.1877 -7.6926 -0.4199
v 1.9578 -7.6800 -0.4626
v 2.3112 -7.8581 2.0006
v 2.1331 -7.8525 2.0923
v 2.1413 -7.4252 -0.4057
v 1.9416 -7.4083 -0.4321
v 2.3696 -8.1026 2.1193
v 2.2043 -8.0820 2.2414
v 2.2276 -7.9403 -0.4856
v 1.9725 -7.9248 -0.5303
v 2.4572 -8.2892 1.5266
v 2.1900 -8.2871 1.5801
v 2.2294 -7.6884 1.4453
v 2.0739 -7.6485 1.4430
v 2.4539 -8.2859 1.1620
v 2.1653 -8.2840 1.2138
v 2.2500 -7.5933 1.1274
v 2.0862 -7.5344 1.1279
v 2.4135 -8.2515 1.8633
v 2.1977 -8.2444 1.9403
v 2.2232 -7.7351 1.7026
v 2.0764 -7.7158 1.7163
v 2.3215 -8.2474 0.1927
v 2.0879 -8.2400 0.2506
v 2.3560 -8.1445 0.4010
v 2.1175 -8.1429 0.4454
v 2.4555 -4.6717 0.5286
v 2.0898 -4.7044 0.7365
v 2.2102 -7.8158 1.9916
v 2.2386 -7.9013 2.0993
v 2.0725 -7.5448 -0.4521
v 2.0316 -7.3017 -0.4350
v 2.2925 -8.1393 2.1949
v 2.1218 -8.0491 -0.5161
v 2.3260 -8.2901 1.3672
v 2.3043 -8.2802 1.0257
v 2.1595 -7.6189 1.2840
v 2.2021 -7.4762 0.9904
v 2.2988 -8.2202 2.0590
v 2.3229 -8.2713 1.7376
v 2.1627 -7.7488 1.8209
v 2.1459 -7.6965 1.5871
v 2.1719 -8.2135 -0.1237
v 2.2710 -8.1950 0.6360
v 2.2347 -8.1872 0.3299
v 2.2312 -7.2941 0.8091
v 1.7018 -8.1789 2.3399
v 1.9542 -8.1760 2.3266
v 1.4732 -8.1823 -0.3211
v 1.6548 -8.1655 -0.4515
v 1.7655 -7.7660 1.9302
v 1.9206 -7.7689 1.9593
v 1.1976 -4.7091 -0.6161
v 1.4321 -4.6839 -0.7708
v 1.5731 -8.2508 0.9884
v 1.8403 -8.2535 0.9423
v 1.6752 -7.4266 0.9285
v 1.8566 -7.3463 0.9082
v 1.7263 -7.9211 2.1949
v 1.9379 -7.9251 2.2116
v 1.5286 -7.6883 -0.2779
v 1.6904 -7.6805 -0.3936
v 1.7411 -7.8325 2.0841
v 1.9228 -7.8401 2.1220
v 1.5824 -7.4245 -0.2707
v 1.7252 -7.4133 -0.3790
v 1.7074 -8.0757 2.3233
v 1.9594 -8.0692 2.3179
v 1.4779 -7.9348 -0.3377
v 1.6595 -7.9234 -0.4676
v 1.5804 -8.2819 1.6846
v 1.8851 -8.2849 1.6317
v 1.7472 -7.6841 1.5123
v 1.9126 -7.6437 1.4634
v 1.5589 -8.2768 1.3189
v 1.8536 -8.2809 1.2678
v 1.7262 -7.5969 1.1929
v 1.8896 -7.5339 1.1481
v 1.6135 -8.2380 2.0344
v 1.9121 -8.2409 1.9919
v 1.7634 -7.7249 1.7548
v 1.9216 -7.7113 1.7270
v 1.5552 -8.2382 0.3325
v 1.7854 -8.2371 0.3058
v 1.5818 -8.1387 0.5392
v 1.8174 -8.1403 0.4989
v 1.2371 -4.7681 0.6718
v 1.6142 -4.7419 0.7896
v 1.8297 -7.8001 2.0384
v 1.8251 -7.8752 2.1700
v 1.6118 -7.5483 -0.3371
v 1.6694 -7.3144 -0.3569
v 1.8150 -8.1232 2.3380
v 1.5425 -8.0506 -0.3999
v 1.7157 -8.2857 1.4727
v 1.6942 -8.2700 1.1328
v 1.8161 -7.6161 1.3267
v 1.7755 -7.4738 1.0364
v 1.7781 -8.2082 2.1823
v 1.7399 -8.2658 1.8405
v 1.8388 -7.7402 1.8498
v 1.8366 -7.6880 1.6209
v 1.5974 -8.2128 -0.0137
v 1.6861 -8.1849 0.7397
v 1.6671 -8.1817 0.4318
v 1.7381 -7.2881 0.8723
v 2.4029 -4.6319 -0.4965
v 2.3572 -7.4396 0.0069
v 2.5606 -4.6403 -0.0140
v 1.0400 -4.7381 -0.2687
v 1.5000 -7.4261 0.1725
v 1.0070 -4.7639 0.2034
v 1.1393 -4.7386 0.5533
v 1.0778 -4.7183 0.1918
v 1.0291 -4.7194 -0.0344
v 1.1054 -4.6944 -0.2764
v 1.1283 -4.6919 -0.4593
v 2.5056 -4.6036 -0.2528
v 2.5091 -4.6015 -0.0140
v 2.5395 -4.6270 0.3798
v 2.2290 -4.6045 -0.6399
v 2.3594 -4.5944 -0.4955
v 1.8581 -4.6918 0.7748
v 1.6301 -4.7001 0.7567
v 1.4186 -4.7245 0.7378
v 1.2812 -4.7232 0.6341
v 1.3248 -4.6659 -0.6988
v 1.4657 -4.6454 -0.7395
v 1.5818 -4.6426 -0.7874
v 1.2561 -4.6678 -0.6024
v 2.2950 -4.6550 0.6367
v 2.0789 -4.6636 0.7008
v 2.4190 -4.6305 0.4907
v 1.7294 -4.6235 -0.7801
v 1.8836 -4.6201 -0.7908
v 2.0189 -4.6036 -0.7361
v 1.8559 -5.7098 -0.5540
v 2.0853 -5.6952 -0.4587
v 1.6609 -5.7300 -0.5489
v 2.2918 -5.7155 0.2390
v 2.1346 -5.7409 0.4112
v 1.8436 -5.7750 0.5093
v 1.3659 -5.7735 -0.3374
v 1.4946 -5.7505 -0.4936
v 1.5522 -5.8046 0.4829
v 1.3726 -5.8164 0.3565
v 2.2703 -5.6944 -0.1906
v 1.3015 -5.7986 -0.0436
v 2.3934 -8.0251 1.9966
v 2.4107 -8.0994 2.0150
v 2.2628 -7.8204 -0.3255
v 2.2767 -7.9408 -0.3591
v 1.6466 -7.9910 2.1772
v 1.6373 -8.0761 2.2355
v 1.4968 -7.8178 -0.1834
v 1.4737 -7.9356 -0.2063
v 2.4731 -8.0267 0.7914
v 2.4950 -8.1340 0.7685
v 1.5517 -8.0182 0.9795
v 1.5231 -8.1250 0.9470
v 2.0602 -7.9879 2.2087
v 2.0847 -8.0613 2.2487
v 1.8163 -7.7931 -0.4366
v 1.8111 -7.9114 -0.4713
v 2.5269 -8.0765 1.4646
v 2.5462 -8.1687 1.4751
v 1.5000 -8.0690 1.6536
v 1.4688 -8.1606 1.6730
v 2.5301 -8.0627 1.1298
v 2.5560 -8.1635 1.1223
v 1.5036 -8.0539 1.3171
v 1.4680 -8.1544 1.3180
v 2.4830 -8.0643 1.7489
v 2.4982 -8.1416 1.7637
v 1.5422 -8.0338 1.9495
v 1.5201 -8.1285 1.9913
v 2.3525 -7.8657 0.0166
v 2.3652 -7.9697 -0.0113
v 1.5201 -7.8713 0.1599
v 1.5004 -7.9648 0.1429
v 2.4040 -7.9329 0.4151
v 2.4131 -8.0327 0.3610
v 1.5678 -7.9254 0.5660
v 1.5390 -8.0255 0.5158
v 2.2435 -8.0030 2.1343
v 2.2712 -8.0732 2.1609
v 2.0949 -7.8066 -0.4526
v 2.1108 -7.9234 -0.4822
v 1.8276 -7.9822 2.2338
v 1.8239 -8.0598 2.2892
v 1.5793 -7.8007 -0.3376
v 1.5609 -7.9165 -0.3736
v 2.5269 -8.1549 1.2975
v 2.4961 -8.1401 0.9535
v 1.5333 -8.1313 1.1337
v 1.4971 -8.1469 1.4793
v 2.4311 -8.1059 1.8863
v 2.4969 -8.1446 1.6148
v 1.5214 -8.1359 1.8105
v 1.5948 -8.0879 2.0980
v 2.3027 -7.9413 -0.1718
v 1.5045 -7.9384 -0.0279
v 2.3539 -7.9824 0.1857
v 2.4109 -8.0705 0.5729
v 1.5554 -7.9776 0.3260
v 1.5785 -8.0638 0.7285
v 2.1675 -8.0544 2.1758
v 2.3206 -8.0702 2.0769
v 1.9637 -7.9070 -0.4490
v 2.1903 -7.9223 -0.4058
v 1.7326 -8.0520 2.2404
v 1.9499 -8.0489 2.2352
v 1.5184 -7.9147 -0.2770
v 1.6811 -7.9003 -0.3930
v 2.2993 -8.1956 -0.3503
v 2.4347 -8.2213 2.0414
v 1.6150 -8.1893 2.2960
v 1.4477 -8.1978 -0.1875
v 2.2334 -4.6338 -0.6530
v 2.2942 -7.7865 1.8394
v 1.7222 -7.7707 1.9191
v 1.1064 -4.7233 -0.4679
v 2.5369 -8.2689 0.8208
v 1.4774 -8.2539 1.0087
v 2.3666 -7.5037 0.8265
v 1.6279 -7.4944 0.9351
v 2.3996 -7.9666 1.9875
v 2.2636 -7.7043 -0.3307
v 1.6438 -7.9258 2.1477
v 1.5013 -7.7001 -0.1855
v 2.4837 -7.9321 0.8029
v 1.5477 -7.9170 0.9970
v 2.0959 -8.1788 2.2946
v 1.8024 -8.1616 -0.4949
v 2.0136 -7.7705 1.9557
v 1.5714 -4.6719 -0.8036
v 2.0001 -8.2574 0.9142
v 1.9832 -7.3375 0.8947
v 2.0496 -7.9307 2.1969
v 1.8186 -7.6762 -0.4381
v 2.3751 -7.8594 1.9302
v 2.2224 -7.4584 -0.3299
v 1.6719 -7.8317 2.0396
v 1.5383 -7.4485 -0.1729
v 2.4617 -7.7224 0.8069
v 1.5812 -7.6757 0.9562
v 2.0266 -7.8451 2.1159
v 1.8269 -7.4110 -0.4141
v 2.4358 -8.1185 2.0290
v 2.2994 -7.9510 -0.3950
v 1.6190 -8.0888 2.2731
v 1.4502 -7.9440 -0.2310
v 2.5343 -8.1505 0.7618
v 1.4821 -8.1404 0.9484
v 2.0984 -8.0740 2.2844
v 1.8069 -7.9217 -0.5103
v 2.5741 -8.2910 1.4980
v 1.4303 -8.2800 1.7106
v 2.3159 -7.7301 1.4477
v 1.6710 -7.7263 1.5469
v 2.5331 -8.0020 1.4644
v 1.5016 -7.9927 1.6581
v 2.0386 -8.2864 1.6054
v 1.9959 -7.6422 1.4466
v 2.4963 -7.8697 1.4649
v 1.5465 -7.8498 1.6460
v 2.5745 -8.1848 1.4845
v 1.4328 -8.1741 1.6977
v 2.5894 -8.2864 1.1371
v 1.4233 -8.2744 1.3433
v 2.3215 -7.6470 1.1314
v 1.6655 -7.6488 1.2264
v 2.5293 -7.9779 1.1356
v 1.5099 -7.9667 1.3235
v 2.0109 -8.2825 1.2408
v 1.9885 -7.5256 1.1352
v 2.4724 -7.8127 1.1383
v 1.5650 -7.7907 1.3068
v 2.5892 -8.1781 1.1220
v 1.4312 -8.1686 1.3292
v 2.5155 -8.2581 1.8106
v 1.4864 -8.2377 2.0494
v 2.3029 -7.7625 1.6989
v 1.6937 -7.7480 1.7856
v 2.4920 -8.0018 1.7444
v 1.5417 -7.9590 1.9360
v 2.0692 -8.2430 1.9653
v 2.0019 -7.7124 1.7202
v 2.4633 -7.8792 1.7271
v 1.5875 -7.8435 1.8922
v 2.5232 -8.1599 1.7756
v 1.4899 -8.1414 2.0205
v 2.4071 -8.2509 0.1813
v 1.4893 -8.2383 0.3482
v 2.3645 -7.7723 0.0186
v 1.5119 -7.7789 0.1658
v 1.9403 -8.2368 0.2814
v 2.3595 -7.5588 0.0099
v 1.5020 -7.5416 0.1720
v 2.3941 -7.9816 -0.0325
v 1.4728 -7.9759 0.1334
v 2.4443 -8.1316 0.3730
v 1.5125 -8.1261 0.5392
v 2.5478 -4.6593 0.3926
v 1.1195 -4.7727 0.5684
v 2.4265 -7.8427 0.4512
v 1.5576 -7.8250 0.6031
v 1.9719 -8.1415 0.4718
v 1.8520 -4.7235 0.7891
v 2.4268 -7.6329 0.4630
v 1.5360 -7.5807 0.5973
v 2.4533 -8.0467 0.3534
v 1.5023 -8.0377 0.5198
v 2.2913 -8.1928 2.1986
v 2.1202 -8.1666 -0.5088
v 2.1840 -7.7782 1.9143
v 1.8808 -4.6490 -0.8075
v 2.2940 -8.2653 0.8618
v 2.2307 -7.3834 0.8667
v 2.2395 -7.9487 2.1273
v 2.0875 -7.6873 -0.4590
v 2.2317 -7.8580 2.0532
v 2.0529 -7.4073 -0.4314
v 2.2910 -8.0907 2.1878
v 2.1235 -7.9317 -0.5235
v 2.3321 -8.2879 1.5543
v 2.1505 -7.6635 1.4450
v 2.3138 -8.2852 1.1874
v 2.1757 -7.5578 1.1254
v 2.3085 -8.2466 1.9088
v 2.1490 -7.7229 1.7117
v 2.2184 -8.2441 0.2192
v 2.2476 -8.1441 0.4214
v 2.2977 -4.6868 0.6517
v 1.8118 -8.1758 2.3436
v 1.5402 -8.1728 -0.3916
v 1.8345 -7.7676 1.9512
v 1.3072 -4.6961 -0.7127
v 1.6919 -8.2508 0.9683
v 1.7491 -7.3767 0.9204
v 1.8260 -7.9222 2.2116
v 1.5886 -7.6870 -0.3375
v 1.8261 -7.8363 2.1112
v 1.6412 -7.4159 -0.3323
v 1.8182 -8.0705 2.3325
v 1.5449 -7.9284 -0.4080
v 1.7315 -8.2834 1.6584
v 1.8282 -7.6564 1.4873
v 1.7005 -8.2790 1.2941
v 1.7990 -7.5583 1.1672
v 1.7516 -8.2388 2.0161
v 1.8404 -7.7146 1.7382
v 1.6486 -8.2381 0.3230
v 1.6790 -8.1393 0.5227
v 1.4043 -4.7574 0.7534
v 2.5142 -4.6343 -0.2563
v 1.0058 -4.7523 -0.0333
v 1.0733 -4.7077 -0.0433
v 2.4677 -4.5959 -0.2561
v 1.4338 -4.7143 0.7200
v 1.3553 -4.6562 -0.6887
v 2.2742 -4.6459 0.6155
v 1.8749 -4.6128 -0.7741
v 1.8546 -4.6825 0.7554
v 1.1767 -4.7265 0.5304
v 2.5002 -4.6184 0.3598
v 1.5902 -4.6346 -0.7679
v 1.1702 -4.6807 -0.4658
v 2.1969 -4.5972 -0.6425
v 2.3820 -8.0849 2.0000
v 2.2540 -7.9304 -0.3230
v 1.6554 -8.0632 2.1979
v 1.4971 -7.9269 -0.1819
v 2.4559 -8.1177 0.7754
v 1.5641 -8.1096 0.9458
v 2.0702 -8.0508 2.2108
v 1.8153 -7.9011 -0.4322
v 2.5159 -8.1545 1.4657
v 1.5046 -8.1470 1.6481
v 2.5228 -8.1487 1.1225
v 1.5047 -8.1399 1.3068
v 2.4690 -8.1276 1.7525
v 1.5503 -8.1155 1.9620
v 2.3361 -7.9577 0.0101
v 1.5279 -7.9538 0.1523
v 2.3730 -8.0190 0.3687
v 1.5758 -8.0132 0.5120
v 2.2488 -8.0607 2.1308
v 2.0981 -7.9149 -0.4410
v 1.8298 -8.0490 2.2460
v 1.5769 -7.9047 -0.3388
v 1.9222 -7.1888 -0.5033
v 2.1197 -7.2088 -0.4471
v 1.5877 -7.2148 -0.3095
v 1.7343 -7.1946 -0.4619
v 2.2969 -7.2779 -0.1936
v 2.4135 -7.3547 0.2284
v 1.4902 -7.2730 -0.0203
v 1.4817 -7.3311 0.3866
v 2.2112 -7.2390 -0.3489
v 1.5302 -7.2400 -0.1785
v 1.8237 -7.1904 -0.4893
v 2.4278 -7.3866 0.4503
v 1.5131 -7.3580 0.5921
v 2.0215 -7.1929 -0.4960
v 1.6564 -7.2007 -0.3985
v 2.3671 -7.3180 0.0042
v 1.4739 -7.3044 0.1738
v 2.3287 -7.2338 0.7052
v 2.1073 -7.1693 0.8043
v 1.8358 -7.1687 0.8402
v 1.6217 -7.2281 0.8055
v 2.3963 -7.2584 0.5923
v 1.5448 -7.2472 0.7189
v 1.9707 -7.1580 0.8278
v 2.2274 -7.1965 0.7682
v 1.7185 -7.1942 0.8379
v 1.9072 -7.0622 -0.5584
v 2.1143 -7.0846 -0.4884
v 1.5621 -7.0957 -0.3488
v 1.7150 -7.0689 -0.5141
v 2.3006 -7.1514 -0.2225
v 2.4169 -7.2273 0.2012
v 1.4605 -7.1553 -0.0441
v 1.4532 -7.2169 0.3674
v 2.2113 -7.1137 -0.3830
v 1.5025 -7.1220 -0.2096
v 1.8066 -7.0635 -0.5447
v 2.4274 -7.2548 0.4184
v 1.4871 -7.2408 0.5670
v 2.0104 -7.0670 -0.5456
v 1.6341 -7.0782 -0.4453
v 2.3718 -7.1911 -0.0223
v 1.4442 -7.1884 0.1543
v 2.3365 -7.1119 0.6877
v 2.3570 -6.9845 0.6718
v 2.3838 -6.8452 0.6645
v 2.4124 -6.7012 0.6566
v 2.4316 -6.5637 0.6464
v 2.4453 -6.4316 0.6372
v 2.4538 -6.3002 0.6307
v 2.4534 -6.1687 0.6212
v 2.4618 -6.0374 0.6126
v 2.4594 -5.9057 0.6056
v 2.4600 -5.7739 0.5924
v 2.4646 -5.6421 0.5861
v 2.4602 -5.5102 0.5845
v 2.4654 -5.3784 0.5783
v 2.4585 -5.2464 0.5707
v 2.4526 -5.1145 0.5621
v 2.4516 -4.9825 0.5531
v 2.4554 -4.8560 0.5493
v 2.4554 -4.7456 0.5403
v 2.1064 -7.0684 0.8165
v 2.1144 -6.9549 0.8116
v 2.1282 -6.8207 0.8132
v 2.1422 -6.6742 0.8113
v 2.1489 -6.5422 0.8168
v 2.1525 -6.4142 0.8103
v 2.1518 -6.2864 0.8045
v 2.1463 -6.1587 0.7957
v 2.1439 -6.0301 0.7887
v 2.1357 -5.9023 0.7834
v 2.1306 -5.7744 0.7716
v 2.1277 -5.6465 0.7675
v 2.1188 -5.5185 0.7687
v 2.1174 -5.3905 0.7653
v 2.1068 -5.2625 0.7604
v 2.0981 -5.1344 0.7546
v 2.0938 -5.0063 0.7482
v 2.0928 -4.8835 0.7498
v 2.0914 -4.7762 0.7446
v 1.8272 -7.0715 0.8545
v 1.8155 -6.9639 0.8511
v 1.8089 -6.8351 0.8538
v 1.8020 -6.6944 0.8530
v 1.7930 -6.5665 0.8591
v 1.7832 -6.4397 0.8531
v 1.7701 -6.3130 0.8476
v 1.7546 -6.1861 0.8392
v 1.7369 -6.0588 0.8327
v 1.7208 -5.9319 0.8281
v 1.7080 -5.8049 0.8165
v 1.6950 -5.6779 0.8131
v 1.6797 -5.5509 0.8152
v 1.6693 -5.4238 0.8126
v 1.6535 -5.2967 0.8086
v 1.6406 -5.1695 0.8036
v 1.6315 -5.0423 0.7980
v 1.6235 -4.9203 0.8009
v 1.6190 -4.8137 0.7969
v 1.6013 -7.1179 0.7940
v 1.5749 -7.0062 0.7821
v 1.5546 -6.8810 0.7776
v 1.5375 -6.7508 0.7720
v 1.5161 -6.6240 0.7636
v 1.4953 -6.4953 0.7557
v 1.4720 -6.3664 0.7497
v 1.4481 -6.2374 0.7409
v 1.4197 -6.1092 0.7336
v 1.3970 -5.9800 0.7282
v 1.3776 -5.8508 0.7158
v 1.3562 -5.7215 0.7113
v 1.3354 -5.5922 0.7121
v 1.3175 -5.4629 0.7081
v 1.2970 -5.3335 0.7028
v 1.2804 -5.2040 0.6964
v 1.2672 -5.0746 0.6895
v 1.2528 -4.9504 0.6893
v 1.2455 -4.8417 0.6825
v 2.4113 -7.1213 0.5584
v 2.4326 -6.9875 0.5351
v 2.4593 -6.8480 0.5240
v 2.4851 -6.7067 0.5183
v 2.5084 -6.5682 0.5095
v 2.5240 -6.4342 0.4994
v 2.5337 -6.3033 0.5015
v 2.5349 -6.1706 0.4924
v 2.5453 -6.0384 0.4864
v 2.5442 -5.9053 0.4788
v 2.5460 -5.7722 0.4661
v 2.5523 -5.6391 0.4589
v 2.5490 -5.5059 0.4561
v 2.5556 -5.3727 0.4487
v 2.5494 -5.2395 0.4400
v 2.5439 -5.1062 0.4304
v 2.5435 -4.9730 0.4204
v 2.5483 -4.8452 0.4139
v 2.5484 -4.7338 0.4041
v 1.5209 -7.1303 0.6981
v 1.4912 -7.0165 0.6808
v 1.4678 -6.8927 0.6734
v 1.4503 -6.7663 0.6724
v 1.4252 -6.6398 0.6640
v 1.4011 -6.5105 0.6560
v 1.3746 -6.3808 0.6503
v 1.3483 -6.2510 0.6417
v 1.3175 -6.1222 0.6371
v 1.2929 -5.9923 0.6314
v 1.2718 -5.8622 0.6195
v 1.2480 -5.7322 0.6145
v 1.2258 -5.6021 0.6145
v 1.2058 -5.4720 0.6099
v 1.1843 -5.3417 0.6038
v 1.1668 -5.2115 0.5969
v 1.1527 -5.0812 0.5894
v 1.1364 -4.9563 0.5873
v 1.1283 -4.8469 0.5794
v 1.9659 -7.0619 0.8445
v 1.9642 -6.9524 0.8415
v 1.9679 -6.8209 0.8439
v 1.9709 -6.6760 0.8409
v 1.9697 -6.5465 0.8474
v 1.9666 -6.4197 0.8504
v 1.9598 -6.2930 0.8452
v 1.9494 -6.1663 0.8368
v 1.9392 -6.0386 0.8311
v 1.9272 -5.9118 0.8265
v 1.9183 -5.7850 0.8151
v 1.9104 -5.6581 0.8117
v 1.8984 -5.5312 0.8138
v 1.8926 -5.4042 0.8112
v 1.8795 -5.2772 0.8071
v 1.8687 -5.1502 0.8022
v 1.8622 -5.0232 0.7967
v 1.8578 -4.9013 0.7996
v 1.8550 -4.7949 0.7959
v 2.2327 -7.0892 0.7678
v 2.2483 -6.9685 0.7581
v 2.2710 -6.8321 0.7571
v 2.2939 -6.6853 0.7592
v 2.3076 -6.5504 0.7499
v 2.3170 -6.4204 0.7416
v 2.3216 -6.2909 0.7351
v 2.3202 -6.1613 0.7258
v 2.3242 -6.0314 0.7189
v 2.3193 -5.9017 0.7128
v 2.3175 -5.7719 0.7003
v 2.3189 -5.6422 0.6951
v 2.3126 -5.5124 0.6951
v 2.3150 -5.3826 0.6904
v 2.3066 -5.2527 0.6842
v 2.2995 -5.1228 0.6772
v 2.2972 -4.9929 0.6696
v 2.2989 -4.8683 0.6687
v 2.2984 -4.7596 0.6616
v 1.7034 -7.0946 0.8417
v 1.6842 -6.9849 0.8346
v 1.6682 -6.8587 0.8357
v 1.6545 -6.7226 0.8396
v 1.6386 -6.5955 0.8316
v 1.6227 -6.4679 0.8243
v 1.6039 -6.3402 0.8185
v 1.5838 -6.2125 0.8098
v 1.5598 -6.0847 0.8039
v 1.5400 -5.9569 0.7989
v 1.5236 -5.8289 0.7869
v 1.5059 -5.7010 0.7831
v 1.4876 -5.5730 0.7848
v 1.4730 -5.4449 0.7817
v 1.4546 -5.3168 0.7771
v 1.4396 -5.1886 0.7716
v 1.4283 -5.0605 0.7656
v 1.4168 -4.9376 0.7673
v 1.4108 -4.8300 0.7620
v 1.8950 -6.9299 -0.5892
v 1.8841 -6.7957 -0.6144
v 1.8804 -6.6735 -0.6342
v 1.8796 -6.5559 -0.6489
v 1.8737 -6.4323 -0.6616
v 1.8675 -6.3089 -0.6732
v 1.8577 -6.1855 -0.6762
v 1.8449 -6.0621 -0.6826
v 1.8318 -5.9384 -0.6901
v 1.8178 -5.8149 -0.6997
v 1.8071 -5.6915 -0.7064
v 1.7967 -5.5680 -0.7186
v 1.7832 -5.4445 -0.7304
v 1.7751 -5.3209 -0.7459
v 1.7607 -5.1974 -0.7621
v 1.7489 -5.0738 -0.7783
v 1.7412 -4.9502 -0.7943
v 1.7342 -4.8317 -0.8165
v 1.7291 -4.7285 -0.8221
v 2.1157 -6.9524 -0.5134
v 2.1209 -6.8164 -0.5398
v 2.1304 -6.6882 -0.5623
v 2.1377 -6.5626 -0.5892
v 2.1419 -6.4348 -0.6031
v 2.1441 -6.3095 -0.6151
v 2.1414 -6.1844 -0.6188
v 2.1316 -6.0594 -0.6257
v 2.1232 -5.9338 -0.6358
v 2.1129 -5.8087 -0.6455
v 2.1058 -5.6837 -0.6526
v 2.1006 -5.5586 -0.6647
v 2.0896 -5.4335 -0.6761
v 2.0859 -5.3084 -0.6913
v 2.0731 -5.1833 -0.7072
v 2.0623 -5.0582 -0.7232
v 2.0559 -4.9330 -0.7389
v 2.0520 -4.8131 -0.7594
v 2.0470 -4.7088 -0.7646
v 1.5313 -6.9721 -0.3729
v 1.4947 -6.8480 -0.4026
v 1.4690 -6.7301 -0.4250
v 1.4549 -6.6142 -0.4504
v 1.4342 -6.4936 -0.4643
v 1.4146 -6.3699 -0.4759
v 1.3929 -6.2458 -0.4796
v 1.3713 -6.1217 -0.4867
v 1.3463 -5.9972 -0.4966
v 1.3264 -5.8730 -0.5060
v 1.3101 -5.7487 -0.5138
v 1.2914 -5.6244 -0.5252
v 1.2739 -5.5001 -0.5355
v 1.2590 -5.3757 -0.5498
v 1.2422 -5.2513 -0.5647
v 1.2293 -5.1268 -0.5799
v 1.2197 -5.0024 -0.5948
v 1.2081 -4.8831 -0.6133
v 1.2039 -4.7788 -0.6192
v 1.6921 -6.9388 -0.5417
v 1.6648 -6.8088 -0.5655
v 1.6478 -6.6900 -0.5849
v 1.6397 -6.5760 -0.6000
v 1.6258 -6.4548 -0.6131
v 1.6124 -6.3317 -0.6249
v 1.5962 -6.2086 -0.6282
v 1.5788 -6.0853 -0.6349
v 1.5592 -5.9619 -0.6428
v 1.5423 -5.8386 -0.6525
v 1.5287 -5.7152 -0.6597
v 1.5140 -5.5918 -0.6719
v 1.4986 -5.4684 -0.6834
v 1.4871 -5.3450 -0.6989
v 1.4716 -5.2215 -0.7149
v 1.4595 -5.0980 -0.7311
v 1.4511 -4.9745 -0.7470
v 1.4421 -4.8560 -0.7687
v 1.4379 -4.7527 -0.7748
v 2.3275 -7.0169 -0.2358
v 2.3573 -6.8800 -0.2627
v 2.3910 -6.7446 -0.2863
v 2.4001 -6.6109 -0.3153
v 2.4201 -6.4784 -0.3426
v 2.4317 -6.3486 -0.3542
v 2.4457 -6.2191 -0.3673
v 2.4417 -6.0906 -0.3751
v 2.4469 -5.9617 -0.3879
v 2.4411 -5.8332 -0.3966
v 2.4382 -5.7047 -0.4048
v 2.4389 -5.5762 -0.4152
v 2.4316 -5.4476 -0.4241
v 2.4329 -5.3191 -0.4370
v 2.4227 -5.1905 -0.4506
v 2.4137 -5.0619 -0.4645
v 2.4096 -4.9334 -0.4782
v 2.4100 -4.8101 -0.4937
v 2.4066 -4.7030 -0.4992
v 2.4340 -7.0908 0.1783
v 2.4636 -6.9534 0.1528
v 2.4891 -6.8142 0.1364
v 2.5069 -6.6754 0.1224
v 2.5290 -6.5382 0.1114
v 2.5471 -6.4048 0.1013
v 2.5604 -6.2737 0.0986
v 2.5613 -6.1417 0.0906
v 2.5691 -6.0099 0.0837
v 2.5671 -5.8777 0.0759
v 2.5681 -5.7454 0.0658
v 2.5736 -5.6131 0.0575
v 2.5691 -5.4808 0.0523
v 2.5748 -5.3485 0.0427
v 2.5675 -5.2161 0.0322
v 2.5609 -5.0837 0.0211
v 2.5595 -4.9513 0.0098
v 2.5634 -4.8244 -0.0010
v 2.5620 -4.7139 -0.0083
v 1.4316 -7.0350 -0.0613
v 1.3955 -6.9148 -0.0882
v 1.3678 -6.7956 -0.1080
v 1.3489 -6.6766 -0.1340
v 1.3228 -6.5546 -0.1468
v 1.2983 -6.4288 -0.1567
v 1.2720 -6.3026 -0.1603
v 1.2465 -6.1763 -0.1671
v 1.2163 -6.0498 -0.1763
v 1.1933 -5.9234 -0.1838
v 1.1739 -5.7969 -0.1919
v 1.1513 -5.6704 -0.2006
v 1.1313 -5.5439 -0.2070
v 1.1129 -5.4173 -0.2176
v 1.0939 -5.2907 -0.2289
v 1.0791 -5.1640 -0.2407
v 1.0675 -5.0373 -0.2524
v 1.0533 -4.9159 -0.2641
v 1.0475 -4.8096 -0.2693
v 1.4271 -7.1021 0.3530
v 1.3941 -6.9867 0.3324
v 1.3676 -6.8656 0.3205
v 1.3488 -6.7432 0.3114
v 1.3207 -6.6186 0.3016
v 1.2942 -6.4902 0.2933
v 1.2657 -6.3614 0.2891
v 1.2382 -6.2324 0.2819
v 1.2058 -6.1041 0.2765
v 1.1807 -5.9750 0.2706
v 1.1592 -5.8458 0.2610
v 1.1343 -5.7167 0.2551
v 1.1122 -5.5874 0.2530
v 1.0916 -5.4582 0.2464
v 1.0704 -5.3288 0.2388
v 1.0537 -5.1995 0.2305
v 1.0400 -5.0701 0.2219
v 1.0234 -4.9461 0.2161
v 1.0162 -4.8374 0.2099
v 2.2285 -6.9812 -0.3946
v 2.2402 -6.8455 -0.4213
v 2.2536 -6.7130 -0.4458
v 2.2692 -6.5829 -0.4766
v 2.2946 -6.4532 -0.4931
v 2.3047 -6.3255 -0.5044
v 2.3052 -6.1975 -0.5184
v 2.2981 -6.0709 -0.5260
v 2.2972 -5.9437 -0.5359
v 2.2891 -5.8171 -0.5452
v 2.2841 -5.6905 -0.5528
v 2.2818 -5.5639 -0.5642
v 2.2727 -5.4373 -0.5747
v 2.2715 -5.3107 -0.5891
v 2.2598 -5.1840 -0.6042
v 2.2497 -5.0573 -0.6194
v 2.2443 -4.9306 -0.6344
v 2.2427 -4.8092 -0.6526
v 2.2381 -4.7037 -0.6578
v 1.4720 -7.0008 -0.2333
v 1.4345 -6.8787 -0.2643
v 1.4071 -6.7602 -0.2873
v 1.3903 -6.6429 -0.3153
v 1.3665 -6.5218 -0.3291
v 1.3443 -6.3972 -0.3400
v 1.3200 -6.2722 -0.3437
v 1.2964 -6.1471 -0.3506
v 1.2686 -6.0217 -0.3607
v 1.2472 -5.8965 -0.3693
v 1.2293 -5.7713 -0.3773
v 1.2085 -5.6460 -0.3875
v 1.1898 -5.5207 -0.3962
v 1.1731 -5.3954 -0.4089
v 1.1552 -5.2700 -0.4223
v 1.1415 -5.1446 -0.4360
v 1.1310 -5.0191 -0.4496
v 1.1180 -4.8989 -0.4650
v 1.1132 -4.7938 -0.4704
v 1.7895 -6.9316 -0.5762
v 1.7702 -6.7993 -0.6015
v 1.7596 -6.6790 -0.6210
v 1.7548 -6.5639 -0.6345
v 1.7448 -6.4417 -0.6471
v 1.7348 -6.3186 -0.6588
v 1.7217 -6.1954 -0.6619
v 1.7065 -6.0723 -0.6684
v 1.6899 -5.9488 -0.6757
v 1.6744 -5.8256 -0.6854
v 1.6622 -5.7023 -0.6923
v 1.6496 -5.5790 -0.7045
v 1.6351 -5.4556 -0.7162
v 1.6252 -5.3323 -0.7317
v 1.6102 -5.2089 -0.7478
v 1.5983 -5.0855 -0.7641
v 1.5901 -4.9620 -0.7800
v 1.5822 -4.8437 -0.8022
v 1.5774 -4.7405 -0.8081
v 2.0042 -6.9363 -0.5721
v 2.0017 -6.8008 -0.5970
v 2.0049 -6.6757 -0.6187
v 2.0080 -6.5543 -0.6384
v 2.0067 -6.4289 -0.6516
v 2.0043 -6.3047 -0.6632
v 1.9980 -6.1808 -0.6663
v 1.9877 -6.0569 -0.6728
v 1.9782 -5.9324 -0.6814
v 1.9660 -5.8084 -0.6910
v 1.9570 -5.6844 -0.6978
v 1.9491 -5.5604 -0.7100
v 1.9367 -5.4363 -0.7217
v 1.9307 -5.3123 -0.7373
v 1.9170 -5.1882 -0.7534
v 1.9056 -5.0641 -0.7696
v 1.8984 -4.9400 -0.7856
v 1.8926 -4.8210 -0.8073
v 1.8876 -4.7175 -0.8126
v 1.6063 -6.9521 -0.4749
v 1.5728 -6.8249 -0.5008
v 1.5499 -6.7067 -0.5222
v 1.5389 -6.5921 -0.5419
v 1.5214 -6.4715 -0.5555
v 1.5049 -6.3482 -0.5673
v 1.4859 -6.2248 -0.5708
v 1.4664 -6.1013 -0.5778
v 1.4440 -5.9774 -0.5867
v 1.4256 -5.8538 -0.5964
v 1.4108 -5.7302 -0.6039
v 1.3941 -5.6065 -0.6159
v 1.3777 -5.4828 -0.6271
v 1.3646 -5.3591 -0.6422
v 1.3485 -5.2353 -0.6579
v 1.3362 -5.1115 -0.6738
v 1.3273 -4.9877 -0.6895
v 1.3171 -4.8689 -0.7101
v 1.3131 -4.7653 -0.7162
v 2.3983 -7.0555 -0.0384
v 2.4315 -6.9181 -0.0644
v 2.4694 -6.7805 -0.0847
v 2.4807 -6.6438 -0.1070
v 2.4969 -6.5087 -0.1210
v 2.5111 -6.3769 -0.1319
v 2.5312 -6.2464 -0.1402
v 2.5303 -6.1160 -0.1480
v 2.5389 -5.9855 -0.1557
v 2.5352 -5.8550 -0.1638
v 2.5345 -5.7244 -0.1726
v 2.5379 -5.5939 -0.1819
v 2.5322 -5.4633 -0.1888
v 2.5360 -5.3327 -0.1999
v 2.5272 -5.2021 -0.2118
v 2.5193 -5.0715 -0.2242
v 2.5166 -4.9408 -0.2365
v 2.5189 -4.8156 -0.2494
v 2.5168 -4.7067 -0.2556
v 1.4167 -7.0705 0.1406
v 1.3820 -6.9527 0.1178
v 1.3545 -6.8326 0.1021
v 1.3348 -6.7120 0.0839
v 1.3071 -6.5887 0.0726
v 1.2812 -6.4616 0.0636
v 1.2533 -6.3340 0.0600
v 1.2265 -6.2063 0.0532
v 1.1947 -6.0789 0.0460
v 1.1704 -5.9511 0.0396
v 1.1498 -5.8232 0.0310
v 1.1258 -5.6953 0.0239
v 1.1045 -5.5674 0.0198
v 1.0848 -5.4394 0.0115
v 1.0646 -5.3113 0.0023
v 1.0488 -5.1833 -0.0075
v 1.0362 -5.0552 -0.0173
v 1.0206 -4.9324 -0.0257
v 1.0139 -4.8249 -0.0311
v 1.0660 -4.7370 0.3995
v 1.3243 -5.8147 0.2494
v 1.0438 -4.7711 0.4115
v 1.1121 -4.7248 0.3863
v 1.4620 -7.1242 0.5473
v 1.4307 -7.0098 0.5278
v 1.4057 -6.8872 0.5184
v 1.3880 -6.7638 0.5169
v 1.3607 -6.6380 0.5082
v 1.3347 -6.5087 0.5001
v 1.3066 -6.3790 0.4951
v 1.2791 -6.2493 0.4872
v 1.2471 -6.1206 0.4828
v 1.2217 -5.9906 0.4771
v 1.1999 -5.8606 0.4662
v 1.1750 -5.7305 0.4609
v 1.1524 -5.6005 0.4600
v 1.1316 -5.4703 0.4545
v 1.1099 -5.3401 0.4478
v 1.0924 -5.2099 0.4403
v 1.0782 -5.0796 0.4324
v 1.0612 -4.9548 0.4284
v 1.0534 -4.8453 0.4209
v 2.5679 -4.6168 0.2018
v 2.3124 -5.7057 0.1154
v 2.5784 -4.6488 0.2103
v 2.5236 -4.6090 0.1954
v 2.5786 -4.7233 0.2199
v 2.5792 -4.8347 0.2289
v 2.5743 -4.9627 0.2377
v 2.5749 -5.0962 0.2483
v 2.5806 -5.2296 0.2587
v 2.5869 -5.3630 0.2683
v 2.5801 -5.4964 0.2767
v 2.5835 -5.6298 0.2807
v 2.5769 -5.7631 0.2885
v 2.5750 -5.8964 0.3001
v 2.5760 -6.0297 0.3078
v 2.5662 -6.1620 0.3136
v 2.5647 -6.2949 0.3221
v 2.5548 -6.4257 0.3204
v 2.5385 -6.5600 0.3303
v 2.5173 -6.6983 0.3395
v 2.4927 -6.8383 0.3471
v 2.4660 -6.9782 0.3604
v 2.4423 -7.1149 0.3859
v 1.5366 -7.4344 0.8806
v 2.2433 -7.2800 1.0768
v 2.0132 -7.3751 1.0628
v 2.2247 -7.4159 0.9969
v 1.4935 -7.4630 0.7554
v 2.3199 -7.4447 0.8839
v 1.4780 -7.5675 1.1763
v 1.6375 -7.3810 0.9782
v 2.1239 -7.4096 1.0622
v 1.9432 -7.4278 -0.4914
v 1.7200 -7.4331 -0.4271
v 2.3101 -7.4490 -0.2444
v 2.1475 -7.4357 -0.4301
v 1.4985 -7.4611 -0.1311
v 1.4424 -7.4840 0.3600
v 2.4158 -7.4766 0.0918
v 2.4415 -7.4739 0.5410
v 1.5765 -7.4444 -0.3029
v 2.3722 -7.4611 -0.0905
v 2.0496 -7.4311 -0.4702
v 1.4606 -7.4877 0.5661
v 2.3977 -7.4650 0.7279
v 1.8324 -7.4263 -0.4736
v 2.2342 -7.4401 -0.3523
v 1.4582 -7.4739 0.1158
v 2.4328 -7.4874 0.3090
v 1.5286 -7.3154 0.8507
v 2.2264 -7.1706 1.1023
v 2.0625 -7.2775 1.0642
v 2.2536 -7.3081 0.9749
v 1.4859 -7.3390 0.7066
v 2.3521 -7.3382 0.8520
v 1.5502 -7.6441 1.1866
v 1.6325 -7.2636 0.9654
v 2.1537 -7.3036 1.0519
v 1.9648 -7.2958 -0.4961
v 1.7444 -7.3009 -0.4324
v 2.3231 -7.3257 -0.2578
v 2.1647 -7.3057 -0.4362
v 1.5048 -7.3269 -0.1408
v 1.4460 -7.3519 0.3129
v 2.4201 -7.3575 0.0657
v 2.4423 -7.3624 0.4937
v 1.5935 -7.3111 -0.3001
v 2.3807 -7.3409 -0.1121
v 2.0683 -7.2997 -0.4763
v 1.8561 -7.2957 -0.4757
v 2.2495 -7.3146 -0.3649
v 1.4591 -7.3405 0.0890
v 2.4344 -7.3715 0.2745
v 2.4314 -7.3522 0.6946
v 1.4556 -7.3525 0.5275
v 1.5532 -7.4369 0.8649
v 2.2503 -7.2749 1.0556
v 2.0111 -7.3740 1.0399
v 2.2118 -7.4159 0.9775
v 1.5143 -7.4648 0.7475
v 2.3011 -7.4420 0.8717
v 1.4846 -7.5573 1.1960
v 1.6476 -7.3832 0.9576
v 2.1160 -7.4096 1.0404
v 1.9435 -7.4171 -0.4698
v 1.7336 -7.4255 -0.4087
v 2.2924 -7.4376 -0.2334
v 2.1379 -7.4238 -0.4114
v 1.5194 -7.4561 -0.1215
v 1.4657 -7.4815 0.3623
v 2.3944 -7.4676 0.0955
v 2.4191 -7.4672 0.5379
v 1.5948 -7.4385 -0.2890
v 2.3523 -7.4509 -0.0833
v 2.0453 -7.4198 -0.4495
v 1.4842 -7.4870 0.5637
v 2.3770 -7.4599 0.7218
v 1.8391 -7.4168 -0.4523
v 2.2198 -7.4283 -0.3374
v 1.4806 -7.4700 0.1218
v 2.4106 -7.4797 0.3091
v 1.5451 -7.3179 0.8350
v 2.2335 -7.1656 1.0811
v 2.0604 -7.2764 1.0413
v 2.2407 -7.3081 0.9554
v 1.5067 -7.3409 0.6986
v 2.3333 -7.3356 0.8398
v 1.5567 -7.6339 1.2064
v 1.6425 -7.2658 0.9447
v 2.1459 -7.3037 1.0300
v 1.9650 -7.2851 -0.4753
v 1.7570 -7.2933 -0.4146
v 2.3067 -7.3144 -0.2469
v 2.1559 -7.2939 -0.4181
v 1.5242 -7.3220 -0.1311
v 1.4676 -7.3492 0.3158
v 2.4002 -7.3485 0.0698
v 2.4214 -7.3557 0.4915
v 1.6105 -7.3051 -0.2865
v 2.3622 -7.3306 -0.1046
v 2.0643 -7.2884 -0.4563
v 1.8623 -7.2863 -0.4552
v 2.2361 -7.3029 -0.3504
v 1.4799 -7.3366 0.0953
v 2.4138 -7.3637 0.2753
v 2.4107 -7.3470 0.6885
v 1.4775 -7.3517 0.5260
v 1.9161 -7.2640 1.0548
v 1.8167 -7.3466 0.9553
v 1.7498 -7.3879 0.9712
v 1.6745 -7.4253 1.0144
v 1.6090 -7.4727 1.0684
v 1.5435 -7.5201 1.1223
v 2.0144 -7.2180 1.0654
v 1.8932 -7.4179 0.9732
v 1.8264 -7.4572 0.9942
v 1.7484 -7.5007 1.0249
v 1.6823 -7.5485 1.0788
v 1.6163 -7.5963 1.1327
v 1.5499 -7.5099 1.1421
v 1.6152 -7.4626 1.0883
v 1.6805 -7.4152 1.0344
v 1.7520 -7.3775 0.9919
v 1.8202 -7.3364 0.9759
v 1.9165 -7.2625 1.0318
v 1.6226 -7.5861 1.1525
v 1.6885 -7.5384 1.0987
v 1.7544 -7.4907 1.0449
v 1.8286 -7.4468 1.0149
v 1.8968 -7.4077 0.9938
v 2.0149 -7.2165 1.0424
v 2.1255 -7.2993 1.0316
v 1.9984 -7.3286 1.0152
v 1.8780 -7.3492 1.0223
v 1.7578 -7.3637 1.0137
v 2.1089 -7.1885 1.0547
v 1.9925 -7.2152 1.0364
v 1.8724 -7.2335 1.0148
v 1.7525 -7.2471 1.0035
v 1.7673 -7.3656 0.9928
v 1.8868 -7.3509 1.0012
v 2.0067 -7.3249 0.9942
v 2.1332 -7.2945 1.0106
v 1.7619 -7.2491 0.9826
v 1.8812 -7.2352 0.9936
v 2.0007 -7.2115 1.0154
v 2.1166 -7.1837 1.0337
v 1.8985 -7.1949 1.0271
v 1.8939 -7.1993 0.9923
v 1.8808 -7.2391 0.9630
v 1.8715 -7.2993 0.9638
v 1.9984 -7.1708 0.9928
v 1.9939 -7.1928 0.9684
v 1.9662 -7.2727 0.9477
v 1.9624 -7.3505 0.9602
v 1.8747 -7.2965 0.9865
v 1.8808 -7.2399 0.9860
v 1.8935 -7.2208 1.0016
v 1.8988 -7.2166 1.0178
v 1.9656 -7.3477 0.9829
v 1.9663 -7.2708 0.9707
v 1.9937 -7.2072 0.9865
v 1.9986 -7.1928 1.0008
v 1.9538 -7.3266 1.0594
v 2.0277 -7.2550 1.0633
v 1.9530 -7.3253 1.0365
v 2.0269 -7.2538 1.0403
v 1.9067 -7.2240 1.0487
v 2.0034 -7.1853 1.0472
v 1.9069 -7.2298 1.0275
v 2.0034 -7.1990 1.0299
v 2.3398 -7.3020 0.7637
v 1.5932 -7.1535 0.9673
v 1.8348 -7.2537 0.9476
v 1.6080 -7.3089 0.8789
v 2.4185 -7.3350 0.6375
v 1.5248 -7.3263 0.7656
v 2.3352 -7.1136 1.0476
v 2.2339 -7.2652 0.8629
v 1.7161 -7.2841 0.9452
v 1.9072 -7.1905 -0.5264
v 2.1275 -7.2085 -0.4540
v 1.5443 -7.2188 -0.3099
v 1.7053 -7.1970 -0.4801
v 2.3211 -7.2660 -0.1829
v 2.4399 -7.3280 0.2420
v 1.4594 -7.2679 -0.0022
v 1.4542 -7.3159 0.4098
v 2.2291 -7.2334 -0.3454
v 1.4987 -7.2403 -0.1691
v 1.8020 -7.1919 -0.5121
v 2.4507 -7.3372 0.4601
v 1.4812 -7.3328 0.6103
v 2.0167 -7.1940 -0.5134
v 1.6195 -7.2045 -0.4087
v 2.3938 -7.2992 0.0182
v 1.4460 -7.2943 0.1968
v 2.3520 -7.1827 0.7410
v 1.6145 -7.0482 0.9988
v 1.7854 -7.1560 0.9547
v 1.5806 -7.2001 0.8634
v 2.4304 -7.2094 0.5964
v 1.4938 -7.2179 0.7403
v 2.3757 -7.2139 1.0535
v 2.2428 -7.1488 0.8570
v 1.6876 -7.1779 0.9411
v 1.8887 -7.0594 -0.5801
v 2.1227 -7.0770 -0.5032
v 1.5070 -7.0959 -0.3548
v 1.6759 -7.0680 -0.5304
v 2.3363 -7.1323 -0.2158
v 2.4532 -7.1933 0.2063
v 1.4233 -7.1484 -0.0366
v 1.4210 -7.2024 0.3853
v 2.2425 -7.1017 -0.3780
v 1.4615 -7.1199 -0.2115
v 1.7786 -7.0614 -0.5658
v 2.0042 -7.0643 -0.5633
v 1.5856 -7.0793 -0.4602
v 2.4089 -7.1649 -0.0145
v 1.4113 -7.1774 0.1691
v 1.4488 -7.2180 0.5839
v 2.4622 -7.2103 0.4184
v 2.3221 -7.3027 0.7481
v 1.5859 -7.1467 0.9467
v 1.8371 -7.2510 0.9249
v 1.6217 -7.3078 0.8596
v 2.3963 -7.3356 0.6296
v 1.5448 -7.3233 0.7536
v 2.3247 -7.1166 1.0677
v 2.2231 -7.2656 0.8423
v 1.7245 -7.2827 0.9236
v 1.9072 -7.1816 -0.5052
v 2.1143 -7.2020 -0.4359
v 1.5621 -7.2091 -0.2985
v 1.7150 -7.1870 -0.4615
v 2.3006 -7.2612 -0.1730
v 2.4169 -7.3249 0.2451
v 1.4809 -7.2600 0.0023
v 1.4766 -7.3098 0.4080
v 2.2113 -7.2280 -0.3316
v 1.5187 -7.2314 -0.1611
v 1.8066 -7.1825 -0.4917
v 2.4274 -7.3356 0.4587
v 1.5033 -7.3279 0.6045
v 2.0104 -7.1860 -0.4925
v 1.6341 -7.1944 -0.3937
v 2.3718 -7.2951 0.0247
v 1.4682 -7.2873 0.1980
v 2.3343 -7.1835 0.7254
v 1.6072 -7.0414 0.9782
v 1.7877 -7.1533 0.9321
v 1.5943 -7.1990 0.8441
v 2.4082 -7.2100 0.5884
v 1.5139 -7.2150 0.7284
v 2.3651 -7.2169 1.0736
v 2.2320 -7.1491 0.8364
v 1.6960 -7.1765 0.9195
v 1.8888 -7.0504 -0.5589
v 2.1095 -7.0705 -0.4851
v 1.5248 -7.0861 -0.3434
v 1.6857 -7.0580 -0.5118
v 2.3158 -7.1275 -0.2058
v 2.4303 -7.1902 0.2093
v 1.4448 -7.1405 -0.0320
v 1.4434 -7.1963 0.3835
v 2.2246 -7.0963 -0.3641
v 1.4815 -7.1110 -0.2036
v 1.7832 -7.0519 -0.5453
v 1.9979 -7.0564 -0.5425
v 1.6002 -7.0693 -0.4452
v 2.3869 -7.1608 -0.0080
v 1.4335 -7.1705 0.1703
v 1.4709 -7.2131 0.5782
v 2.4389 -7.2087 0.4171
v 1.9414 -7.1467 0.9459
v 2.0445 -7.2239 0.8426
v 2.0846 -7.2779 0.8558
v 2.1349 -7.2434 0.8962
v 2.1874 -7.2025 0.9467
v 2.2613 -7.1580 0.9972
v 1.8383 -7.0990 0.9592
v 1.9610 -7.2930 0.8563
v 2.0212 -7.3647 0.8746
v 2.1348 -7.3522 0.9023
v 2.2267 -7.3037 0.9527
v 2.3012 -7.2588 1.0031
v 2.2509 -7.1609 1.0173
v 2.1771 -7.2052 0.9670
v 2.1245 -7.2422 0.9166
v 2.0803 -7.2700 0.8768
v 2.0411 -7.2153 0.8635
v 1.9410 -7.1435 0.9232
v 2.2908 -7.2617 1.0233
v 2.2164 -7.3064 0.9730
v 2.1244 -7.3509 0.9227
v 2.0170 -7.3567 0.8957
v 1.9575 -7.2844 0.8772
v 1.8378 -7.0958 0.9365
v 1.7178 -7.1730 0.9213
v 1.8519 -7.2047 0.9031
v 1.9792 -7.2295 0.9088
v 2.1065 -7.2470 0.8992
v 1.7389 -7.0661 0.9505
v 1.8617 -7.0948 0.9306
v 1.9888 -7.1151 0.9080
v 2.1158 -7.1315 0.8958
v 2.0965 -7.2470 0.8784
v 1.9698 -7.2293 0.8878
v 1.8432 -7.1993 0.8826
v 1.7098 -7.1665 0.9008
v 2.1057 -7.1316 0.8750
v 1.9794 -7.1148 0.8870
v 1.8531 -7.0893 0.9101
v 1.7308 -7.0596 0.9301
v 1.9622 -7.0772 0.9225
v 1.9670 -7.0790 0.8878
v 1.9797 -7.1164 0.8565
v 1.9877 -7.1761 0.8538
v 1.8570 -7.0396 0.8906
v 1.8609 -7.0676 0.8647
v 1.8879 -7.1457 0.8396
v 1.8895 -7.2234 0.8475
v 1.9844 -7.1749 0.8764
v 1.9797 -7.1190 0.8792
v 1.9668 -7.1009 0.8958
v 1.9612 -7.0978 0.9120
v 1.8862 -7.2222 0.8701
v 1.8879 -7.1455 0.8624
v 1.8607 -7.0831 0.8818
v 1.8561 -7.0618 0.8972
v 1.8994 -7.2076 0.9469
v 1.8231 -7.1349 0.9550
v 1.9003 -7.2046 0.9243
v 1.8240 -7.1320 0.9323
v 1.9526 -7.1071 0.9422
v 1.8513 -7.0556 0.9437
v 1.9522 -7.1112 0.9209
v 1.8510 -7.0678 0.9258
vt 0.3095 0.5602
vt 0.3053 0.5887
vt 0.2613 0.5777
vt 0.2650 0.5522
vt 0.3573 0.5654
vt 0.3533 0.5965
vt 0.4045 0.5700
vt 0.4084 0.5363
vt 0.4483 0.5387
vt 0.4479 0.5740
vt 0.3573 0.5654
vt 0.3661 0.5301
vt 0.3024 0.5980
vt 0.2995 0.6046
vt 0.2538 0.5922
vt 0.2575 0.5862
vt 0.3510 0.6065
vt 0.3490 0.6142
vt 0.4008 0.6120
vt 0.4023 0.6013
vt 0.4494 0.6013
vt 0.4498 0.6122
vt 0.3510 0.6065
vt 0.3533 0.5965
vt 0.3679 0.2038
vt 0.3618 0.1770
vt 0.4122 0.1747
vt 0.4138 0.1990
vt 0.3192 0.2101
vt 0.3115 0.1843
vt 0.2707 0.2190
vt 0.2881 0.2476
vt 0.2451 0.2588
vt 0.2271 0.2324
vt 0.3192 0.2101
vt 0.3350 0.2401
vt 0.3580 0.1663
vt 0.3568 0.1585
vt 0.4099 0.1541
vt 0.4095 0.1634
vt 0.3079 0.1748
vt 0.3057 0.1666
vt 0.2596 0.1870
vt 0.2635 0.1958
vt 0.2207 0.2120
vt 0.2160 0.2038
vt 0.3079 0.1748
vt 0.3115 0.1843
vt 0.2850 0.6496
vt 0.2846 0.6641
vt 0.2301 0.6471
vt 0.2339 0.6332
vt 0.3387 0.6621
vt 0.3400 0.6767
vt 0.3941 0.6694
vt 0.3956 0.6574
vt 0.4537 0.6578
vt 0.4525 0.6695
vt 0.3387 0.6621
vt 0.3402 0.6504
vt 0.3498 0.1048
vt 0.3448 0.0870
vt 0.4021 0.0808
vt 0.4109 0.0986
vt 0.2930 0.1174
vt 0.2925 0.1000
vt 0.2386 0.1353
vt 0.2425 0.1481
vt 0.1919 0.1702
vt 0.1867 0.1584
vt 0.2930 0.1174
vt 0.2963 0.1308
vt 0.1696 0.5136
vt 0.1639 0.5252
vt 0.1424 0.5025
vt 0.1491 0.4927
vt 0.1949 0.5294
vt 0.1906 0.5462
vt 0.2262 0.5416
vt 0.2381 0.5126
vt 0.2761 0.5197
vt 0.2650 0.5522
vt 0.1949 0.5294
vt 0.2056 0.5066
vt 0.1565 0.5306
vt 0.1495 0.5341
vt 0.1259 0.5096
vt 0.1339 0.5065
vt 0.1845 0.5528
vt 0.1788 0.5570
vt 0.2181 0.5715
vt 0.2229 0.5640
vt 0.2613 0.5777
vt 0.2575 0.5862
vt 0.1845 0.5528
vt 0.1906 0.5462
vt 0.1909 0.2490
vt 0.1852 0.2318
vt 0.2207 0.2120
vt 0.2271 0.2324
vt 0.1634 0.2662
vt 0.1575 0.2529
vt 0.1434 0.2840
vt 0.1517 0.2980
vt 0.1375 0.3051
vt 0.1296 0.3024
vt 0.1634 0.2662
vt 0.1791 0.2848
vt 0.1794 0.2249
vt 0.1743 0.2203
vt 0.2127 0.1985
vt 0.2160 0.2038
vt 0.1502 0.2479
vt 0.1429 0.2448
vt 0.1274 0.2719
vt 0.1364 0.2748
vt 0.1210 0.2969
vt 0.1106 0.2959
vt 0.1502 0.2479
vt 0.1575 0.2529
vt 0.1151 0.5658
vt 0.1073 0.5755
vt 0.0801 0.5499
vt 0.0876 0.5404
vt 0.1486 0.5905
vt 0.1408 0.6004
vt 0.1880 0.6132
vt 0.1925 0.6035
vt 0.2369 0.6226
vt 0.2339 0.6332
vt 0.1486 0.5905
vt 0.1541 0.5813
vt 0.1399 0.1866
vt 0.1331 0.1719
vt 0.1821 0.1412
vt 0.1867 0.1584
vt 0.0997 0.2195
vt 0.0909 0.2074
vt 0.0674 0.2545
vt 0.0756 0.2616
vt 0.0534 0.2939
vt 0.0442 0.2882
vt 0.0997 0.2195
vt 0.1071 0.2282
vt 0.7206 0.5575
vt 0.7160 0.5512
vt 0.7581 0.5313
vt 0.7635 0.5383
vt 0.6677 0.5755
vt 0.6636 0.5693
vt 0.7002 0.1816
vt 0.7045 0.1703
vt 0.7498 0.1820
vt 0.7428 0.1948
vt 0.6442 0.1699
vt 0.6489 0.1612
vt 0.7475 0.6399
vt 0.7468 0.6152
vt 0.8002 0.6018
vt 0.8068 0.6263
vt 0.6848 0.6493
vt 0.6877 0.6266
vt 0.7166 0.0920
vt 0.7130 0.0502
vt 0.7805 0.0535
vt 0.7765 0.0967
vt 0.6525 0.0912
vt 0.6193 0.0433
vt 0.4956 0.5784
vt 0.4969 0.5979
vt 0.4494 0.6013
vt 0.4479 0.5740
vt 0.5466 0.5791
vt 0.5492 0.5922
vt 0.4996 0.6078
vt 0.5028 0.6151
vt 0.4509 0.6197
vt 0.4498 0.6122
vt 0.5530 0.6001
vt 0.5576 0.6069
vt 0.6099 0.5893
vt 0.6059 0.5828
vt 0.5530 0.6001
vt 0.5492 0.5922
vt 0.4643 0.1921
vt 0.4640 0.2244
vt 0.4194 0.2303
vt 0.4138 0.1990
vt 0.5176 0.1857
vt 0.5178 0.2005
vt 0.5840 0.1649
vt 0.5882 0.1557
vt 0.5228 0.1630
vt 0.5264 0.1537
vt 0.4641 0.1626
vt 0.4641 0.1734
vt 0.4122 0.1747
vt 0.4095 0.1634
vt 0.5228 0.1630
vt 0.5204 0.1722
vt 0.6144 0.6495
vt 0.6303 0.6353
vt 0.5773 0.6523
vt 0.5739 0.6435
vt 0.5131 0.6643
vt 0.5130 0.6750
vt 0.4460 0.6859
vt 0.4525 0.6695
vt 0.5773 0.6523
vt 0.5747 0.6643
vt 0.5861 0.0967
vt 0.5684 0.0865
vt 0.5405 0.0993
vt 0.5368 0.0877
vt 0.4746 0.0969
vt 0.4775 0.1107
vt 0.4134 0.1120
vt 0.4109 0.0986
vt 0.5405 0.0993
vt 0.5405 0.1122
vt 0.1174 0.4242
vt 0.1069 0.4288
vt 0.1029 0.4008
vt 0.1139 0.3977
vt 0.1242 0.4487
vt 0.1145 0.4549
vt 0.1344 0.4708
vt 0.1496 0.4720
vt 0.1581 0.4915
vt 0.1491 0.4927
vt 0.1242 0.4487
vt 0.1424 0.4489
vt 0.0971 0.4312
vt 0.0879 0.4347
vt 0.0832 0.4068
vt 0.0928 0.4033
vt 0.1049 0.4572
vt 0.0960 0.4605
vt 0.1168 0.4820
vt 0.1261 0.4792
vt 0.1424 0.5025
vt 0.1339 0.5065
vt 0.1049 0.4572
vt 0.1145 0.4549
vt 0.8503 0.4674
vt 0.8411 0.4580
vt 0.8540 0.4156
vt 0.8706 0.4274
vt 0.8255 0.4946
vt 0.8180 0.4853
vt 0.7962 0.5189
vt 0.8056 0.5294
vt 0.7704 0.5485
vt 0.7635 0.5383
vt 0.8255 0.4946
vt 0.8350 0.5070
vt 0.8272 0.4396
vt 0.8124 0.4145
vt 0.8133 0.3512
vt 0.8358 0.3951
vt 0.7843 0.4979
vt 0.7902 0.5107
vt 0.7581 0.5313
vt 0.7536 0.5214
vt 0.8077 0.4712
vt 0.8180 0.4853
vt 0.7808 0.4821
vt 0.8002 0.4518
vt 0.0365 0.4600
vt 0.0253 0.4666
vt 0.0158 0.4324
vt 0.0281 0.4269
vt 0.0488 0.4884
vt 0.0395 0.4958
vt 0.0657 0.5146
vt 0.0731 0.5069
vt 0.0942 0.5320
vt 0.0876 0.5404
vt 0.0488 0.4884
vt 0.0577 0.4820
vt 0.8551 0.6098
vt 0.8683 0.6451
vt 0.8156 0.6600
vt 0.8068 0.6263
vt 0.8940 0.5893
vt 0.9115 0.6237
vt 0.9328 0.5638
vt 0.9147 0.5416
vt 0.9523 0.5062
vt 0.9707 0.5327
vt 0.8940 0.5893
vt 0.8784 0.5664
vt 0.1599 0.8071
vt 0.1921 0.8214
vt 0.2028 0.7966
vt 0.1707 0.7823
vt 0.1497 0.8309
vt 0.1820 0.8453
vt 0.1407 0.8527
vt 0.1089 0.8354
vt 0.1023 0.8549
vt 0.1324 0.8735
vt 0.1497 0.8309
vt 0.1165 0.8147
vt 0.2208 0.8350
vt 0.2500 0.8490
vt 0.2604 0.8245
vt 0.2314 0.8103
vt 0.2109 0.8585
vt 0.2404 0.8718
vt 0.2017 0.8806
vt 0.1725 0.8679
vt 0.1634 0.8898
vt 0.1928 0.9018
vt 0.2109 0.8585
vt 0.1820 0.8453
vt 0.3267 0.4821
vt 0.3728 0.4842
vt 0.3661 0.5301
vt 0.3198 0.5257
vt 0.3348 0.4467
vt 0.3791 0.4481
vt 0.3347 0.4155
vt 0.2913 0.4158
vt 0.2892 0.3863
vt 0.3324 0.3835
vt 0.3348 0.4467
vt 0.2914 0.4449
vt 0.4116 0.4889
vt 0.4447 0.4940
vt 0.4149 0.4506
vt 0.4414 0.4542
vt 0.4133 0.4161
vt 0.3784 0.4155
vt 0.3761 0.3811
vt 0.4105 0.3801
vt 0.4149 0.4506
vt 0.3791 0.4481
vt 0.0329 0.7451
vt 0.0619 0.7597
vt 0.0703 0.7388
vt 0.0390 0.7251
vt 0.0306 0.7632
vt 0.0564 0.7787
vt 0.0316 0.7819
vt 0.0110 0.7669
vt 0.0176 0.7850
vt 0.0344 0.8009
vt 0.0306 0.7632
vt 0.0063 0.7490
vt 0.0932 0.7757
vt 0.1262 0.7919
vt 0.1368 0.7677
vt 0.1031 0.7531
vt 0.0852 0.7966
vt 0.1165 0.8147
vt 0.0799 0.8165
vt 0.0540 0.7980
vt 0.0531 0.8176
vt 0.0759 0.8360
vt 0.0852 0.7966
vt 0.0564 0.7787
vt 0.1752 0.4691
vt 0.2040 0.4761
vt 0.2056 0.5066
vt 0.1720 0.4905
vt 0.1731 0.4438
vt 0.2089 0.4463
vt 0.1692 0.4195
vt 0.1364 0.4242
vt 0.1331 0.3974
vt 0.1668 0.3936
vt 0.1731 0.4438
vt 0.1424 0.4489
vt 0.2429 0.4757
vt 0.2823 0.4790
vt 0.2520 0.4439
vt 0.2914 0.4449
vt 0.2515 0.4167
vt 0.2069 0.4201
vt 0.2047 0.3932
vt 0.2496 0.3894
vt 0.2520 0.4439
vt 0.2089 0.4463
vt 0.4258 0.9618
vt 0.3666 0.9407
vt 0.3594 0.9545
vt 0.4151 0.9731
vt 0.4367 0.9472
vt 0.3722 0.9234
vt 0.4480 0.9255
vt 0.5242 0.9519
vt 0.5368 0.9258
vt 0.4586 0.9005
vt 0.4367 0.9472
vt 0.5083 0.9734
vt 0.2919 0.8669
vt 0.3326 0.8840
vt 0.3423 0.8606
vt 0.3020 0.8430
vt 0.2828 0.8888
vt 0.3240 0.9050
vt 0.2749 0.9078
vt 0.2318 0.8926
vt 0.2228 0.9115
vt 0.2676 0.9255
vt 0.2828 0.8888
vt 0.2404 0.8718
vt 0.3539 0.8924
vt 0.3795 0.9018
vt 0.3885 0.8777
vt 0.3631 0.8687
vt 0.3463 0.9137
vt 0.3722 0.9234
vt 0.3404 0.9311
vt 0.3169 0.9226
vt 0.3123 0.9385
vt 0.3354 0.9467
vt 0.3463 0.9137
vt 0.3240 0.9050
vt 0.4674 0.4973
vt 0.4846 0.4935
vt 0.5121 0.5267
vt 0.4921 0.5438
vt 0.4518 0.4187
vt 0.4381 0.4173
vt 0.4349 0.3802
vt 0.4480 0.3810
vt 0.4574 0.4569
vt 0.4414 0.4542
vt 0.4628 0.4189
vt 0.4703 0.4564
vt 0.1210 0.3222
vt 0.1105 0.3201
vt 0.1210 0.2969
vt 0.1296 0.3024
vt 0.1158 0.3450
vt 0.1044 0.3453
vt 0.1134 0.3706
vt 0.1320 0.3702
vt 0.1331 0.3974
vt 0.1139 0.3977
vt 0.1158 0.3450
vt 0.1328 0.3441
vt 0.0997 0.3203
vt 0.0889 0.3222
vt 0.1003 0.2964
vt 0.1106 0.2959
vt 0.0938 0.3465
vt 0.0833 0.3493
vt 0.0917 0.3745
vt 0.1020 0.3725
vt 0.1029 0.4008
vt 0.0928 0.4033
vt 0.0938 0.3465
vt 0.1044 0.3453
vt 0.7766 0.2088
vt 0.7710 0.2172
vt 0.7366 0.2018
vt 0.7428 0.1948
vt 0.8043 0.2248
vt 0.7987 0.2346
vt 0.8312 0.2443
vt 0.8419 0.2298
vt 0.8725 0.2487
vt 0.8565 0.2679
vt 0.8043 0.2248
vt 0.8127 0.2104
vt 0.7645 0.2281
vt 0.7604 0.2405
vt 0.7277 0.2207
vt 0.7315 0.2112
vt 0.8127 0.2696
vt 0.8242 0.2542
vt 0.8436 0.2849
vt 0.8276 0.3082
vt 0.7900 0.2471
vt 0.7987 0.2346
vt 0.8016 0.2889
vt 0.7841 0.2625
vt 0.0303 0.3205
vt 0.0186 0.3134
vt 0.0325 0.2826
vt 0.0442 0.2882
vt 0.0242 0.3541
vt 0.0126 0.3462
vt 0.0240 0.3903
vt 0.0350 0.3905
vt 0.0390 0.4245
vt 0.0281 0.4269
vt 0.0242 0.3541
vt 0.0350 0.3567
vt 0.8241 0.1044
vt 0.8157 0.1314
vt 0.7737 0.1237
vt 0.7765 0.0967
vt 0.8611 0.1155
vt 0.8496 0.1429
vt 0.8974 0.1298
vt 0.9117 0.0883
vt 0.9608 0.1119
vt 0.9334 0.1501
vt 0.8611 0.1155
vt 0.8751 0.0729
vt 0.2021 0.7089
vt 0.2340 0.7240
vt 0.2432 0.7021
vt 0.2120 0.6853
vt 0.1919 0.7329
vt 0.2243 0.7468
vt 0.1814 0.7575
vt 0.1474 0.7430
vt 0.1368 0.7677
vt 0.1707 0.7823
vt 0.1919 0.7329
vt 0.1580 0.7183
vt 0.2619 0.7394
vt 0.2900 0.7558
vt 0.2960 0.7392
vt 0.2702 0.7200
vt 0.2529 0.7604
vt 0.2817 0.7749
vt 0.2423 0.7847
vt 0.2137 0.7714
vt 0.2028 0.7966
vt 0.2314 0.8103
vt 0.2529 0.7604
vt 0.2243 0.7468
vt 0.3278 0.3509
vt 0.3718 0.3466
vt 0.3761 0.3811
vt 0.3324 0.3835
vt 0.3205 0.3188
vt 0.3652 0.3135
vt 0.3029 0.2851
vt 0.2589 0.2935
vt 0.3205 0.3188
vt 0.2776 0.3258
vt 0.4067 0.3441
vt 0.4316 0.3434
vt 0.4349 0.3802
vt 0.4105 0.3801
vt 0.4013 0.3099
vt 0.4277 0.3076
vt 0.3892 0.2744
vt 0.3497 0.2795
vt 0.3350 0.2401
vt 0.3784 0.2330
vt 0.4013 0.3099
vt 0.3652 0.3135
vt 0.0715 0.6576
vt 0.1034 0.6665
vt 0.1134 0.6467
vt 0.0823 0.6414
vt 0.0605 0.6764
vt 0.0928 0.6882
vt 0.0490 0.7006
vt 0.0171 0.6883
vt 0.0086 0.7118
vt 0.0390 0.7251
vt 0.0605 0.6764
vt 0.0283 0.6662
vt 0.1356 0.6793
vt 0.1685 0.6941
vt 0.1788 0.6700
vt 0.1457 0.6567
vt 0.1252 0.7028
vt 0.1580 0.7183
vt 0.1140 0.7281
vt 0.0811 0.7136
vt 0.0703 0.7388
vt 0.1031 0.7531
vt 0.1252 0.7028
vt 0.0928 0.6882
vt 0.1652 0.3672
vt 0.2016 0.3655
vt 0.2047 0.3932
vt 0.1668 0.3936
vt 0.1640 0.3416
vt 0.1972 0.3378
vt 0.1596 0.3184
vt 0.1343 0.3213
vt 0.1640 0.3416
vt 0.1328 0.3441
vt 0.2456 0.3614
vt 0.2847 0.3562
vt 0.2892 0.3863
vt 0.2496 0.3894
vt 0.2394 0.3328
vt 0.2776 0.3258
vt 0.2212 0.3028
vt 0.1837 0.3103
vt 0.1791 0.2848
vt 0.2091 0.2718
vt 0.2394 0.3328
vt 0.1972 0.3378
vt 0.4746 0.8389
vt 0.5385 0.8623
vt 0.5294 0.8494
vt 0.4736 0.8270
vt 0.4734 0.8540
vt 0.5443 0.8783
vt 0.4675 0.8755
vt 0.3993 0.8532
vt 0.3885 0.8777
vt 0.4586 0.9005
vt 0.4734 0.8540
vt 0.4095 0.8319
vt 0.3300 0.7776
vt 0.3691 0.7982
vt 0.3758 0.7873
vt 0.3362 0.7633
vt 0.3226 0.7947
vt 0.3623 0.8137
vt 0.3128 0.8177
vt 0.2714 0.7988
vt 0.2604 0.8245
vt 0.3020 0.8430
vt 0.3226 0.7947
vt 0.2817 0.7749
vt 0.3915 0.8078
vt 0.4168 0.8175
vt 0.4200 0.8059
vt 0.3976 0.7964
vt 0.3841 0.8226
vt 0.4095 0.8319
vt 0.3739 0.8442
vt 0.3528 0.8358
vt 0.3423 0.8606
vt 0.3631 0.8687
vt 0.3841 0.8226
vt 0.3623 0.8137
vt 0.4451 0.3437
vt 0.4562 0.3448
vt 0.4586 0.3816
vt 0.4480 0.3810
vt 0.4461 0.2690
vt 0.4231 0.2705
vt 0.4435 0.3071
vt 0.4277 0.3076
vt 0.4640 0.2732
vt 0.4566 0.3087
vt 0.7124 0.5435
vt 0.7121 0.5346
vt 0.7522 0.5096
vt 0.7536 0.5214
vt 0.6037 0.5747
vt 0.6610 0.5623
vt 0.6046 0.5654
vt 0.6613 0.5545
vt 0.6877 0.1959
vt 0.6938 0.1883
vt 0.7366 0.2018
vt 0.7315 0.2112
vt 0.6343 0.1852
vt 0.6388 0.1773
vt 0.6841 0.2039
vt 0.6310 0.1932
vt 0.5760 0.1819
vt 0.5176 0.1857
vt 0.5204 0.1722
vt 0.5799 0.1729
vt 0.5737 0.1915
vt 0.6313 0.3440
vt 0.6395 0.3438
vt 0.6397 0.3462
vt 0.6319 0.3465
vt 0.6313 0.3440
vt 0.6242 0.3460
vt 0.6222 0.3431
vt 0.6303 0.3408
vt 0.6476 0.3455
vt 0.6395 0.3438
vt 0.6394 0.3406
vt 0.6484 0.3425
vt 0.6476 0.3479
vt 0.6548 0.3487
vt 0.6541 0.3511
vt 0.6375 0.3990
vt 0.6457 0.3976
vt 0.6463 0.4006
vt 0.6371 0.4022
vt 0.6376 0.3967
vt 0.6456 0.3954
vt 0.6298 0.3982
vt 0.6306 0.3959
vt 0.6534 0.3941
vt 0.6597 0.3891
vt 0.6617 0.3912
vt 0.6548 0.3967
vt 0.6531 0.3919
vt 0.6588 0.3871
vt 0.6108 0.3661
vt 0.6108 0.3725
vt 0.6080 0.3727
vt 0.6079 0.3656
vt 0.6129 0.3665
vt 0.6129 0.3722
vt 0.6119 0.3600
vt 0.6140 0.3610
vt 0.6144 0.3544
vt 0.6119 0.3600
vt 0.6090 0.3588
vt 0.6116 0.3525
vt 0.6165 0.3558
vt 0.6669 0.3610
vt 0.6644 0.3567
vt 0.6671 0.3548
vt 0.6701 0.3591
vt 0.6642 0.3626
vt 0.6622 0.3586
vt 0.6682 0.3659
vt 0.6652 0.3670
vt 0.6604 0.3525
vt 0.6548 0.3487
vt 0.6563 0.3460
vt 0.6626 0.3503
vt 0.6590 0.3549
vt 0.6120 0.3790
vt 0.6143 0.3852
vt 0.6116 0.3867
vt 0.6092 0.3798
vt 0.6140 0.3781
vt 0.6162 0.3840
vt 0.6180 0.3909
vt 0.6232 0.3954
vt 0.6212 0.3980
vt 0.6155 0.3930
vt 0.6198 0.3892
vt 0.6248 0.3934
vt 0.6681 0.3716
vt 0.6682 0.3659
vt 0.6721 0.3632
vt 0.6714 0.3713
vt 0.6652 0.3720
vt 0.6668 0.3777
vt 0.6644 0.3771
vt 0.6641 0.3836
vt 0.6668 0.3777
vt 0.6697 0.3783
vt 0.6666 0.3849
vt 0.6624 0.3821
vt 0.6619 0.3804
vt 0.6625 0.3768
vt 0.6628 0.3721
vt 0.6627 0.3673
vt 0.6203 0.3883
vt 0.6262 0.3928
vt 0.6151 0.3773
vt 0.6169 0.3829
vt 0.6588 0.3574
vt 0.6551 0.3537
vt 0.6621 0.3637
vt 0.6608 0.3607
vt 0.6172 0.3569
vt 0.6150 0.3618
vt 0.6141 0.3667
vt 0.6142 0.3717
vt 0.6544 0.3904
vt 0.6597 0.3844
vt 0.6359 0.3955
vt 0.6463 0.3951
vt 0.6487 0.3494
vt 0.6404 0.3467
vt 0.6306 0.3483
vt 0.6263 0.3503
vt 0.6255 0.3484
vt 0.6319 0.3465
vt 0.2907 0.6290
vt 0.3435 0.6405
vt 0.3402 0.6504
vt 0.2868 0.6384
vt 0.2942 0.6197
vt 0.3455 0.6305
vt 0.2975 0.6128
vt 0.2510 0.5994
vt 0.2942 0.6197
vt 0.2466 0.6054
vt 0.3988 0.6472
vt 0.4567 0.6475
vt 0.3993 0.6366
vt 0.4553 0.6367
vt 0.3998 0.6288
vt 0.3476 0.6229
vt 0.3490 0.6142
vt 0.3999 0.6194
vt 0.3993 0.6366
vt 0.3455 0.6305
vt 0.3573 0.1286
vt 0.3013 0.1405
vt 0.2963 0.1308
vt 0.3528 0.1184
vt 0.3577 0.1396
vt 0.3042 0.1504
vt 0.3573 0.1482
vt 0.4123 0.1430
vt 0.3577 0.1396
vt 0.4151 0.1337
vt 0.2485 0.1571
vt 0.1992 0.1782
vt 0.2534 0.1659
vt 0.2056 0.1857
vt 0.2566 0.1723
vt 0.3056 0.1580
vt 0.3057 0.1666
vt 0.2572 0.1804
vt 0.2534 0.1659
vt 0.3042 0.1504
vt 0.1284 0.5488
vt 0.1609 0.5731
vt 0.1541 0.5813
vt 0.1213 0.5571
vt 0.1357 0.5424
vt 0.1674 0.5667
vt 0.1427 0.5377
vt 0.1181 0.5128
vt 0.1357 0.5424
vt 0.1101 0.5177
vt 0.1986 0.5953
vt 0.2419 0.6139
vt 0.2042 0.5874
vt 0.2466 0.6054
vt 0.2095 0.5824
vt 0.1735 0.5614
vt 0.1788 0.5570
vt 0.2134 0.5766
vt 0.2042 0.5874
vt 0.1674 0.5667
vt 0.1548 0.2040
vt 0.1165 0.2342
vt 0.1071 0.2282
vt 0.1463 0.1970
vt 0.1631 0.2106
vt 0.1265 0.2385
vt 0.1701 0.2145
vt 0.2108 0.1911
vt 0.1631 0.2106
vt 0.2056 0.1857
vt 0.0856 0.2666
vt 0.0640 0.2978
vt 0.0971 0.2693
vt 0.0763 0.2989
vt 0.1080 0.2705
vt 0.1356 0.2418
vt 0.1429 0.2448
vt 0.1182 0.2708
vt 0.0971 0.2693
vt 0.1265 0.2385
vt 0.7315 0.5773
vt 0.6781 0.5919
vt 0.6725 0.5825
vt 0.7260 0.5663
vt 0.7384 0.5866
vt 0.6844 0.5995
vt 0.7462 0.5969
vt 0.7947 0.5842
vt 0.7384 0.5866
vt 0.7853 0.5726
vt 0.7216 0.1361
vt 0.6649 0.1315
vt 0.6591 0.1150
vt 0.7197 0.1184
vt 0.7154 0.1467
vt 0.6597 0.1409
vt 0.7097 0.1579
vt 0.7553 0.1675
vt 0.7154 0.1467
vt 0.7624 0.1539
vt 0.6215 0.6044
vt 0.5648 0.6150
vt 0.5576 0.6069
vt 0.6148 0.5961
vt 0.6275 0.6112
vt 0.5701 0.6221
vt 0.6339 0.6207
vt 0.6909 0.6090
vt 0.6275 0.6112
vt 0.6844 0.5995
vt 0.5085 0.6237
vt 0.4534 0.6289
vt 0.5126 0.6312
vt 0.4553 0.6367
vt 0.5167 0.6418
vt 0.5762 0.6321
vt 0.5739 0.6435
vt 0.5144 0.6520
vt 0.5126 0.6312
vt 0.5701 0.6221
vt 0.6052 0.1272
vt 0.5440 0.1231
vt 0.5405 0.1122
vt 0.5997 0.1135
vt 0.5997 0.1369
vt 0.5381 0.1339
vt 0.5942 0.1455
vt 0.6542 0.1502
vt 0.5997 0.1369
vt 0.6597 0.1409
vt 0.4807 0.1208
vt 0.4174 0.1221
vt 0.4760 0.1324
vt 0.4151 0.1337
vt 0.4711 0.1420
vt 0.5326 0.1430
vt 0.5264 0.1537
vt 0.4662 0.1533
vt 0.4760 0.1324
vt 0.5381 0.1339
vt 0.0576 0.4503
vt 0.0677 0.4756
vt 0.0577 0.4820
vt 0.0466 0.4553
vt 0.0684 0.4449
vt 0.0775 0.4696
vt 0.0786 0.4396
vt 0.0733 0.4122
vt 0.0684 0.4449
vt 0.0624 0.4171
vt 0.0818 0.4994
vt 0.1019 0.5239
vt 0.0909 0.4933
vt 0.1101 0.5177
vt 0.0997 0.4883
vt 0.0871 0.4644
vt 0.0960 0.4605
vt 0.1083 0.4849
vt 0.0909 0.4933
vt 0.0775 0.4696
vt 0.8754 0.4944
vt 0.8451 0.5217
vt 0.8350 0.5070
vt 0.8637 0.4789
vt 0.8885 0.5092
vt 0.8566 0.5362
vt 0.9013 0.5233
vt 0.9381 0.4913
vt 0.8885 0.5092
vt 0.9248 0.4802
vt 0.8140 0.5434
vt 0.7771 0.5612
vt 0.8238 0.5567
vt 0.7853 0.5726
vt 0.8341 0.5692
vt 0.8675 0.5492
vt 0.8784 0.5664
vt 0.8430 0.5865
vt 0.8238 0.5567
vt 0.8566 0.5362
vt 0.0516 0.3277
vt 0.0469 0.3578
vt 0.0350 0.3567
vt 0.0402 0.3249
vt 0.0642 0.3276
vt 0.0594 0.3566
vt 0.0767 0.3259
vt 0.0884 0.2985
vt 0.0642 0.3276
vt 0.0763 0.2989
vt 0.0473 0.3896
vt 0.0509 0.4214
vt 0.0593 0.3869
vt 0.0624 0.4171
vt 0.0710 0.3830
vt 0.0717 0.3539
vt 0.0833 0.3493
vt 0.0817 0.3778
vt 0.0593 0.3869
vt 0.0594 0.3566
vt 0.7908 0.1787
vt 0.8206 0.1929
vt 0.8127 0.2104
vt 0.7842 0.1952
vt 0.7995 0.1629
vt 0.8307 0.1758
vt 0.8088 0.1495
vt 0.7703 0.1415
vt 0.7995 0.1629
vt 0.7624 0.1539
vt 0.8509 0.2121
vt 0.8847 0.2327
vt 0.8622 0.1943
vt 0.8982 0.2135
vt 0.8738 0.1782
vt 0.8411 0.1618
vt 0.8496 0.1429
vt 0.8839 0.1572
vt 0.8622 0.1943
vt 0.8307 0.1758
vt 0.1720 0.4905
vt 0.1083 0.4849
vt 0.7260 0.5663
vt 0.1182 0.2708
vt 0.7842 0.1952
vt 0.4921 0.5438
vt 0.3999 0.6194
vt 0.3784 0.2330
vt 0.4662 0.1533
vt 0.0817 0.3778
vt 0.8115 0.3313
vt 0.8846 0.4392
vt 0.8637 0.4789
vt 0.0576 0.5234
vt 0.1213 0.5571
vt 0.7506 0.6719
vt 0.8430 0.5865
vt 0.0570 0.2458
vt 0.0402 0.3249
vt 0.8324 0.0589
vt 0.7197 0.1184
vt 0.3912 0.6852
vt 0.5144 0.6520
vt 0.4727 0.0834
vt 0.3528 0.1184
vt 0.0115 0.3890
vt 0.0466 0.4553
vt 1.0090 0.5635
vt 0.9604 0.5932
vt 0.9218 0.1804
vt 0.8839 0.1572
vt 0.3198 0.5257
vt 0.2134 0.5766
vt 0.2091 0.2718
vt 0.2572 0.1804
vt 0.1819 0.6251
vt 0.2868 0.6384
vt 0.2368 0.1176
vt 0.1463 0.1970
vt 0.0519 0.6384
vt 0.0400 0.6506
vt 0.0053 0.7313
vt 0.4734 0.9920
vt 0.4911 0.9851
vt 0.6632 0.6967
vt 0.5436 0.9004
vt 0.6148 0.5961
vt 0.5799 0.1729
vt 0.6010 0.6601
vt 0.5997 0.1135
vt 0.5481 0.5638
vt 0.5550 0.5473
vt 0.4852 0.2401
vt 0.6699 0.3864
vt 0.6645 0.3935
vt 0.6752 0.3715
vt 0.6732 0.3790
vt 0.9083 0.4643
vt 0.6123 0.3956
vt 0.6081 0.3885
vt 0.6055 0.3808
vt 0.6042 0.3728
vt 0.6655 0.3480
vt 0.6703 0.3529
vt 0.6737 0.3575
vt 0.6761 0.3609
vt 0.9102 0.1989
vt 0.6159 0.3471
vt 0.6185 0.3496
vt 0.6079 0.3503
vt 0.6127 0.3442
vt 0.6041 0.3649
vt 0.6052 0.3573
vt 0.6567 0.3998
vt 0.6471 0.4043
vt 0.6285 0.4013
vt 0.6496 0.3390
vt 0.6585 0.3431
vt 0.6290 0.3369
vt 0.6394 0.3368
vt 0.6198 0.3396
vt 0.6204 0.3515
vt 0.6242 0.3460
vt 0.6255 0.3484
vt 0.6311 0.3941
vt 0.6220 0.3523
vt 0.6766 0.3638
vt 0.6185 0.4013
vt 0.6268 0.4051
vt 0.6367 0.4062
vt 0.7988 0.3958
vt 0.7998 0.3533
vt 0.7767 0.4643
vt 0.7917 0.4324
vt 0.7562 0.2550
vt 0.7252 0.2330
vt 0.7906 0.3048
vt 0.7772 0.2784
vt 0.7134 0.5221
vt 0.7513 0.4944
vt 0.6088 0.5525
vt 0.6641 0.5431
vt 0.6826 0.2146
vt 0.6308 0.2037
vt 0.5755 0.2038
vt 0.5239 0.2162
vt 0.7988 0.3355
vt 0.4964 0.4867
vt 0.5233 0.5155
vt 0.4726 0.4177
vt 0.4809 0.4533
vt 0.4662 0.3463
vt 0.4681 0.3817
vt 0.4767 0.2795
vt 0.4679 0.3119
vt 0.5637 0.5343
vt 0.4972 0.2503
vt 0.7890 0.3871
vt 0.7907 0.3541
vt 0.7716 0.4502
vt 0.7837 0.4189
vt 0.7516 0.2672
vt 0.7225 0.2444
vt 0.7821 0.3138
vt 0.7705 0.2905
vt 0.7135 0.5099
vt 0.7490 0.4814
vt 0.6136 0.5400
vt 0.6665 0.5311
vt 0.6818 0.2254
vt 0.6321 0.2145
vt 0.5794 0.2153
vt 0.5326 0.2279
vt 0.7898 0.3375
vt 0.4918 0.4485
vt 0.5072 0.4791
vt 0.5328 0.5051
vt 0.5012 0.4439
vt 0.5161 0.4725
vt 0.5406 0.4967
vt 0.5099 0.4394
vt 0.5241 0.4664
vt 0.5472 0.4891
vt 0.5181 0.4353
vt 0.5315 0.4606
vt 0.5532 0.4820
vt 0.5260 0.4313
vt 0.5386 0.4551
vt 0.5590 0.4752
vt 0.5336 0.4273
vt 0.5455 0.4496
vt 0.5645 0.4684
vt 0.5412 0.4234
vt 0.5523 0.4442
vt 0.5701 0.4617
vt 0.5488 0.4195
vt 0.5591 0.4387
vt 0.5756 0.4550
vt 0.5563 0.4156
vt 0.5659 0.4333
vt 0.5810 0.4483
vt 0.5636 0.4118
vt 0.5723 0.4280
vt 0.5862 0.4418
vt 0.5704 0.4082
vt 0.5784 0.4231
vt 0.5912 0.4356
vt 0.5768 0.4048
vt 0.5842 0.4184
vt 0.5958 0.4298
vt 0.5828 0.4016
vt 0.5895 0.4140
vt 0.6001 0.4244
vt 0.5884 0.3987
vt 0.5946 0.4098
vt 0.6041 0.4193
vt 0.5938 0.3958
vt 0.5994 0.4059
vt 0.6080 0.4144
vt 0.5990 0.3932
vt 0.6040 0.4021
vt 0.6118 0.4096
vt 0.6038 0.3907
vt 0.6084 0.3987
vt 0.6154 0.4052
vt 0.4789 0.3813
vt 0.4832 0.4152
vt 0.4888 0.3806
vt 0.4929 0.4126
vt 0.4982 0.3800
vt 0.5021 0.4101
vt 0.5070 0.3794
vt 0.5107 0.4076
vt 0.5154 0.3788
vt 0.5189 0.4053
vt 0.5236 0.3782
vt 0.5269 0.4031
vt 0.5319 0.3777
vt 0.5350 0.4008
vt 0.5401 0.3771
vt 0.5430 0.3985
vt 0.5482 0.3765
vt 0.5509 0.3962
vt 0.5561 0.3760
vt 0.5585 0.3940
vt 0.5635 0.3754
vt 0.5658 0.3920
vt 0.5705 0.3750
vt 0.5726 0.3900
vt 0.5770 0.3745
vt 0.5789 0.3882
vt 0.5831 0.3741
vt 0.5848 0.3865
vt 0.5889 0.3737
vt 0.5905 0.3849
vt 0.5944 0.3733
vt 0.5959 0.3834
vt 0.5996 0.3731
vt 0.6010 0.3820
vt 0.4795 0.3156
vt 0.4772 0.3478
vt 0.4897 0.3188
vt 0.4873 0.3491
vt 0.4992 0.3219
vt 0.4968 0.3504
vt 0.5080 0.3248
vt 0.5058 0.3516
vt 0.5165 0.3275
vt 0.5143 0.3527
vt 0.5247 0.3302
vt 0.5226 0.3538
vt 0.5330 0.3329
vt 0.5310 0.3549
vt 0.5412 0.3356
vt 0.5393 0.3560
vt 0.5493 0.3383
vt 0.5475 0.3571
vt 0.5571 0.3409
vt 0.5554 0.3581
vt 0.5645 0.3434
vt 0.5629 0.3592
vt 0.5715 0.3458
vt 0.5700 0.3601
vt 0.5779 0.3479
vt 0.5765 0.3610
vt 0.5840 0.3500
vt 0.5827 0.3618
vt 0.5898 0.3520
vt 0.5886 0.3626
vt 0.5953 0.3539
vt 0.5942 0.3634
vt 0.6006 0.3557
vt 0.5994 0.3642
vt 0.5081 0.2593
vt 0.4886 0.2858
vt 0.5172 0.2661
vt 0.4986 0.2909
vt 0.5253 0.2722
vt 0.5077 0.2956
vt 0.5326 0.2780
vt 0.5161 0.3000
vt 0.5396 0.2836
vt 0.5241 0.3043
vt 0.5464 0.2890
vt 0.5319 0.3084
vt 0.5532 0.2945
vt 0.5397 0.3126
vt 0.5600 0.3001
vt 0.5474 0.3168
vt 0.5666 0.3055
vt 0.5551 0.3210
vt 0.5730 0.3108
vt 0.5624 0.3250
vt 0.5791 0.3159
vt 0.5694 0.3289
vt 0.5847 0.3206
vt 0.5759 0.3325
vt 0.5900 0.3250
vt 0.5820 0.3358
vt 0.5950 0.3292
vt 0.5878 0.3390
vt 0.5998 0.3333
vt 0.5932 0.3421
vt 0.6045 0.3372
vt 0.5985 0.3450
vt 0.6088 0.3409
vt 0.6035 0.3478
vt 0.5706 0.5224
vt 0.5761 0.5127
vt 0.5806 0.5042
vt 0.5846 0.4962
vt 0.5883 0.4885
vt 0.5919 0.4809
vt 0.5955 0.4733
vt 0.5991 0.4657
vt 0.6026 0.4582
vt 0.6060 0.4509
vt 0.6092 0.4440
vt 0.6121 0.4374
vt 0.6149 0.4313
vt 0.6175 0.4255
vt 0.6201 0.4199
vt 0.6225 0.4146
vt 0.6248 0.4096
vt 0.5409 0.2385
vt 0.5480 0.2467
vt 0.5542 0.2539
vt 0.5597 0.2608
vt 0.5649 0.2674
vt 0.5700 0.2739
vt 0.5751 0.2804
vt 0.5802 0.2870
vt 0.5852 0.2935
vt 0.5900 0.2998
vt 0.5945 0.3057
vt 0.5988 0.3114
vt 0.6028 0.3166
vt 0.6065 0.3216
vt 0.6102 0.3265
vt 0.6136 0.3311
vt 0.6169 0.3355
vt 0.6198 0.3396
vt 0.7749 0.4116
vt 0.7796 0.3831
vt 0.7815 0.3549
vt 0.7668 0.4080
vt 0.7712 0.3817
vt 0.7735 0.3557
vt 0.7593 0.4057
vt 0.7634 0.3809
vt 0.7654 0.3565
vt 0.7522 0.4034
vt 0.7558 0.3801
vt 0.7573 0.3573
vt 0.7454 0.4012
vt 0.7488 0.3794
vt 0.7501 0.3580
vt 0.7387 0.3991
vt 0.7419 0.3787
vt 0.7439 0.3586
vt 0.7320 0.3970
vt 0.7350 0.3780
vt 0.7364 0.3593
vt 0.7254 0.3950
vt 0.7281 0.3774
vt 0.7293 0.3601
vt 0.7188 0.3929
vt 0.7213 0.3767
vt 0.7223 0.3608
vt 0.7124 0.3910
vt 0.7146 0.3761
vt 0.7155 0.3615
vt 0.7063 0.3891
vt 0.7083 0.3755
vt 0.7090 0.3622
vt 0.7006 0.3874
vt 0.7023 0.3750
vt 0.7024 0.3629
vt 0.6952 0.3857
vt 0.6968 0.3745
vt 0.6974 0.3635
vt 0.6902 0.3842
vt 0.6917 0.3740
vt 0.6920 0.3641
vt 0.6856 0.3827
vt 0.6872 0.3733
vt 0.6873 0.3646
vt 0.6813 0.3813
vt 0.6832 0.3726
vt 0.6847 0.3638
vt 0.6771 0.3800
vt 0.6792 0.3720
vt 0.6810 0.3639
vt 0.7440 0.4710
vt 0.7644 0.4409
vt 0.7383 0.4640
vt 0.7572 0.4355
vt 0.7325 0.4583
vt 0.7504 0.4315
vt 0.7271 0.4529
vt 0.7438 0.4277
vt 0.7219 0.4478
vt 0.7375 0.4241
vt 0.7167 0.4427
vt 0.7314 0.4206
vt 0.7116 0.4377
vt 0.7252 0.4170
vt 0.7064 0.4327
vt 0.7191 0.4135
vt 0.7013 0.4277
vt 0.7130 0.4100
vt 0.6964 0.4229
vt 0.7071 0.4066
vt 0.6917 0.4183
vt 0.7015 0.4034
vt 0.6872 0.4140
vt 0.6962 0.4004
vt 0.6831 0.4100
vt 0.6912 0.3976
vt 0.6791 0.4062
vt 0.6865 0.3950
vt 0.6753 0.4026
vt 0.6821 0.3925
vt 0.6715 0.3993
vt 0.6778 0.3902
vt 0.6678 0.3962
vt 0.6737 0.3882
vt 0.7628 0.2988
vt 0.7456 0.2768
vt 0.7186 0.2547
vt 0.7556 0.3039
vt 0.7397 0.2833
vt 0.7144 0.2623
vt 0.7488 0.3079
vt 0.7338 0.2885
vt 0.7100 0.2688
vt 0.7424 0.3117
vt 0.7283 0.2934
vt 0.7059 0.2749
vt 0.7362 0.3153
vt 0.7230 0.2981
vt 0.7020 0.2807
vt 0.7301 0.3189
vt 0.7178 0.3028
vt 0.6982 0.2864
vt 0.7240 0.3224
vt 0.7126 0.3074
vt 0.6943 0.2921
vt 0.7180 0.3259
vt 0.7074 0.3120
vt 0.6904 0.2978
vt 0.7120 0.3294
vt 0.7023 0.3166
vt 0.6866 0.3035
vt 0.7062 0.3328
vt 0.6973 0.3210
vt 0.6829 0.3090
vt 0.7007 0.3360
vt 0.6925 0.3252
vt 0.6793 0.3142
vt 0.6954 0.3390
vt 0.6880 0.3292
vt 0.6760 0.3191
vt 0.6906 0.3418
vt 0.6838 0.3329
vt 0.6728 0.3237
vt 0.6860 0.3445
vt 0.6798 0.3363
vt 0.6698 0.3281
vt 0.6818 0.3469
vt 0.6760 0.3396
vt 0.6669 0.3322
vt 0.6778 0.3491
vt 0.6723 0.3426
vt 0.6640 0.3361
vt 0.6740 0.3511
vt 0.6688 0.3454
vt 0.6612 0.3398
vt 0.7807 0.3395
vt 0.7734 0.3195
vt 0.7727 0.3413
vt 0.7656 0.3230
vt 0.7647 0.3431
vt 0.7581 0.3259
vt 0.7567 0.3448
vt 0.7509 0.3286
vt 0.7496 0.3464
vt 0.7442 0.3312
vt 0.7434 0.3477
vt 0.7377 0.3337
vt 0.7360 0.3493
vt 0.7311 0.3362
vt 0.7289 0.3509
vt 0.7244 0.3387
vt 0.7220 0.3524
vt 0.7179 0.3412
vt 0.7152 0.3538
vt 0.7116 0.3436
vt 0.7088 0.3552
vt 0.7055 0.3459
vt 0.7022 0.3566
vt 0.6998 0.3480
vt 0.6972 0.3577
vt 0.6945 0.3500
vt 0.6918 0.3589
vt 0.6897 0.3519
vt 0.6872 0.3599
vt 0.6853 0.3536
vt 0.6846 0.3610
vt 0.6815 0.3551
vt 0.6807 0.3614
vt 0.6776 0.3563
vt 0.6671 0.5194
vt 0.7112 0.4988
vt 0.6664 0.5099
vt 0.7076 0.4904
vt 0.6651 0.5015
vt 0.7037 0.4831
vt 0.6637 0.4936
vt 0.7000 0.4763
vt 0.6624 0.4861
vt 0.6964 0.4698
vt 0.6611 0.4786
vt 0.6929 0.4634
vt 0.6598 0.4712
vt 0.6894 0.4570
vt 0.6585 0.4637
vt 0.6859 0.4505
vt 0.6572 0.4563
vt 0.6824 0.4442
vt 0.6559 0.4492
vt 0.6790 0.4380
vt 0.6547 0.4424
vt 0.6758 0.4321
vt 0.6535 0.4360
vt 0.6727 0.4266
vt 0.6524 0.4300
vt 0.6699 0.4215
vt 0.6514 0.4243
vt 0.6671 0.4166
vt 0.6503 0.4189
vt 0.6644 0.4120
vt 0.6492 0.4136
vt 0.6618 0.4075
vt 0.6481 0.4087
vt 0.6592 0.4034
vt 0.6173 0.5277
vt 0.6199 0.5178
vt 0.6216 0.5090
vt 0.6229 0.5006
vt 0.6242 0.4927
vt 0.6254 0.4848
vt 0.6266 0.4770
vt 0.6278 0.4691
vt 0.6290 0.4613
vt 0.6301 0.4537
vt 0.6311 0.4465
vt 0.6321 0.4398
vt 0.6330 0.4334
vt 0.6339 0.4274
vt 0.6347 0.4216
vt 0.6354 0.4161
vt 0.6361 0.4109
vt 0.6367 0.4062
vt 0.6805 0.2361
vt 0.6786 0.2446
vt 0.6337 0.2255
vt 0.6764 0.2521
vt 0.6349 0.2345
vt 0.6743 0.2591
vt 0.6354 0.2425
vt 0.6723 0.2659
vt 0.6358 0.2501
vt 0.6704 0.2725
vt 0.6362 0.2574
vt 0.6684 0.2791
vt 0.6366 0.2645
vt 0.6664 0.2858
vt 0.6370 0.2717
vt 0.6645 0.2924
vt 0.6373 0.2789
vt 0.6626 0.2988
vt 0.6377 0.2860
vt 0.6608 0.3049
vt 0.6380 0.2929
vt 0.6590 0.3106
vt 0.6383 0.2995
vt 0.6574 0.3160
vt 0.6386 0.3057
vt 0.6559 0.3210
vt 0.6388 0.3115
vt 0.6543 0.3259
vt 0.6391 0.3170
vt 0.6527 0.3306
vt 0.6393 0.3223
vt 0.6511 0.3350
vt 0.6394 0.3275
vt 0.6394 0.3323
vt 0.5844 0.2264
vt 0.5887 0.2354
vt 0.5923 0.2433
vt 0.5954 0.2508
vt 0.5983 0.2580
vt 0.6012 0.2651
vt 0.6041 0.2723
vt 0.6069 0.2794
vt 0.6097 0.2865
vt 0.6124 0.2933
vt 0.6149 0.2999
vt 0.6173 0.3060
vt 0.6196 0.3118
vt 0.6217 0.3173
vt 0.6237 0.3225
vt 0.6257 0.3276
vt 0.6274 0.3325
vt 0.9138 0.8264
vt 0.9138 0.7788
vt 0.9246 0.7788
vt 0.9246 0.8264
vt 0.9138 0.8264
vt 0.9138 0.8597
vt 0.9029 0.8597
vt 0.9029 0.8264
vt 0.9845 0.8264
vt 0.9723 0.8264
vt 0.9723 0.7788
vt 0.9845 0.7788
vt 0.6426 0.8264
vt 0.6426 0.7788
vt 0.6512 0.7788
vt 0.6512 0.8264
vt 0.6342 0.8264
vt 0.6342 0.7788
vt 0.6604 0.8264
vt 0.6604 0.7788
vt 0.6702 0.7788
vt 0.6702 0.8264
vt 0.6604 0.8264
vt 0.6604 0.8597
vt 0.6512 0.8597
vt 0.6512 0.8264
vt 0.9029 0.7788
vt 0.8901 0.8597
vt 0.8901 0.8264
vt 0.6803 0.7788
vt 0.6803 0.8264
vt 0.6702 0.8597
vt 0.5388 0.8264
vt 0.5204 0.8264
vt 0.5204 0.7788
vt 0.5388 0.7788
vt 0.5474 0.8264
vt 0.5474 0.8597
vt 0.5388 0.8597
vt 0.9246 0.8597
vt 0.9355 0.8264
vt 0.9355 0.8597
vt 0.6426 0.8597
vt 0.7954 0.8264
vt 0.7954 0.7788
vt 0.8081 0.7788
vt 0.8081 0.8264
vt 0.7954 0.8264
vt 0.7954 0.8597
vt 0.7828 0.8597
vt 0.7828 0.8264
vt 0.8208 0.8264
vt 0.8208 0.7788
vt 0.8339 0.7788
vt 0.8339 0.8264
vt 0.8208 0.8264
vt 0.8208 0.8597
vt 0.8081 0.8597
vt 0.8081 0.8264
vt 0.7469 0.8264
vt 0.7469 0.7788
vt 0.7581 0.7788
vt 0.7581 0.8264
vt 0.7469 0.8264
vt 0.7469 0.8597
vt 0.7342 0.8597
vt 0.7342 0.8264
vt 0.7711 0.8264
vt 0.7711 0.7788
vt 0.7828 0.7788
vt 0.7828 0.8264
vt 0.7711 0.8264
vt 0.7711 0.8597
vt 0.7581 0.8597
vt 0.7581 0.8264
vt 0.8461 0.8264
vt 0.8461 0.7788
vt 0.8619 0.7788
vt 0.8619 0.8264
vt 0.8461 0.8264
vt 0.8461 0.8597
vt 0.8339 0.8597
vt 0.8339 0.8264
vt 0.8766 0.8264
vt 0.8766 0.7788
vt 0.8901 0.7788
vt 0.8901 0.8264
vt 0.8766 0.8264
vt 0.8766 0.8597
vt 0.8619 0.8597
vt 0.8619 0.8264
vt 0.7211 0.8264
vt 0.7211 0.7788
vt 0.7342 0.7788
vt 0.7342 0.8264
vt 0.7211 0.8264
vt 0.7211 0.8597
vt 0.7058 0.8597
vt 0.7058 0.8264
vt 0.6923 0.8264
vt 0.6923 0.7788
vt 0.7058 0.7788
vt 0.7058 0.8264
vt 0.6923 0.8264
vt 0.6923 0.8597
vt 0.6803 0.8597
vt 0.6803 0.8264
vt 0.9138 0.7545
vt 0.9246 0.7545
vt 0.9951 0.7788
vt 0.9951 0.8264
vt 0.9723 0.7545
vt 0.9845 0.7545
vt 0.6426 0.7545
vt 0.6512 0.7545
vt 0.6342 0.7545
vt 0.6604 0.7545
vt 0.6702 0.7545
vt 0.9029 0.7545
vt 0.6803 0.7545
vt 0.5474 0.7788
vt 0.9355 0.7788
vt 0.7954 0.7545
vt 0.8081 0.7545
vt 0.8208 0.7545
vt 0.8339 0.7545
vt 0.7469 0.7545
vt 0.7581 0.7545
vt 0.7711 0.7545
vt 0.7828 0.7545
vt 0.8461 0.7545
vt 0.8619 0.7545
vt 0.8766 0.7545
vt 0.8901 0.7545
vt 0.7211 0.7545
vt 0.7342 0.7545
vt 0.6923 0.7545
vt 0.7058 0.7545
vt 0.9138 0.7181
vt 0.9029 0.7181
vt 0.9845 0.8597
vt 0.9723 0.8597
vt 0.6342 0.8597
vt 0.6604 0.7181
vt 0.6512 0.7181
vt 0.8901 0.7181
vt 0.6702 0.7181
vt 0.5388 0.7181
vt 0.5474 0.7181
vt 0.5474 0.7545
vt 0.5388 0.7545
vt 0.9246 0.7181
vt 0.9355 0.7181
vt 0.9355 0.7545
vt 0.6426 0.7181
vt 0.7954 0.7181
vt 0.7828 0.7181
vt 0.8208 0.7181
vt 0.8081 0.7181
vt 0.7469 0.7181
vt 0.7342 0.7181
vt 0.7711 0.7181
vt 0.7581 0.7181
vt 0.8461 0.7181
vt 0.8339 0.7181
vt 0.8766 0.7181
vt 0.8619 0.7181
vt 0.7211 0.7181
vt 0.7058 0.7181
vt 0.6923 0.7181
vt 0.6803 0.7181
vt 0.9723 0.7181
vt 0.9845 0.7181
vt 0.6342 0.7181
vt 0.6258 0.8264
vt 0.6258 0.8597
vt 0.6258 0.8264
vt 0.6180 0.8264
vt 0.6180 0.7788
vt 0.6258 0.7788
vt 0.5806 0.8264
vt 0.5806 0.8597
vt 0.5726 0.8597
vt 0.5726 0.8264
vt 0.5885 0.8264
vt 0.5885 0.8597
vt 0.5726 0.7788
vt 0.5806 0.7788
vt 0.5646 0.8597
vt 0.5646 0.8264
vt 0.5646 0.7788
vt 0.5560 0.8597
vt 0.5560 0.8264
vt 0.5560 0.7788
vt 0.6180 0.7545
vt 0.6258 0.7545
vt 0.5885 0.7788
vt 0.5726 0.7545
vt 0.5806 0.7545
vt 0.5646 0.7545
vt 0.5560 0.7545
vt 0.5560 0.7181
vt 0.5646 0.7181
vt 0.5726 0.7181
vt 0.5806 0.7181
vt 0.5885 0.7181
vt 0.5885 0.7545
vt 0.6258 0.7181
vt 0.6258 0.7545
vt 0.6180 0.8597
vt 0.6180 0.7181
vt 0.9599 0.8597
vt 0.9599 0.8264
vt 0.9599 0.7788
vt 0.9473 0.8597
vt 0.9473 0.8264
vt 0.9473 0.7788
vt 0.9599 0.7545
vt 0.9473 0.7545
vt 0.9473 0.7181
vt 0.9599 0.7181
vt 0.6109 0.8264
vt 0.6109 0.8597
vt 0.6036 0.8597
vt 0.6036 0.8264
vt 0.6036 0.7788
vt 0.6109 0.7788
vt 0.5961 0.8597
vt 0.5961 0.8264
vt 0.5961 0.7788
vt 0.6036 0.7545
vt 0.6109 0.7545
vt 0.5961 0.7545
vt 0.5961 0.7181
vt 0.6036 0.7181
vt 0.6109 0.7181
vt 0.9138 0.8264
vt 0.9138 0.7788
vt 0.9029 0.7788
vt 0.9029 0.8264
vt 0.9138 0.8264
vt 0.9138 0.8597
vt 0.9246 0.8597
vt 0.9246 0.8264
vt 0.9845 0.8264
vt 0.9951 0.8264
vt 0.9951 0.7788
vt 0.9845 0.7788
vt 0.9723 0.8264
vt 0.9723 0.8597
vt 0.9845 0.8597
vt 0.6426 0.8264
vt 0.6426 0.8597
vt 0.6512 0.8597
vt 0.6512 0.8264
vt 0.6342 0.8264
vt 0.6342 0.8597
vt 0.6604 0.8264
vt 0.6604 0.7788
vt 0.6512 0.7788
vt 0.6512 0.8264
vt 0.6604 0.8264
vt 0.6604 0.8597
vt 0.6702 0.8597
vt 0.6702 0.8264
vt 0.8901 0.7788
vt 0.8901 0.8264
vt 0.9029 0.8597
vt 0.6702 0.7788
vt 0.6803 0.8597
vt 0.6803 0.8264
vt 0.5388 0.8264
vt 0.5474 0.8264
vt 0.5474 0.7788
vt 0.5388 0.7788
vt 0.9246 0.7788
vt 0.9355 0.8264
vt 0.9355 0.7788
vt 0.6426 0.7788
vt 0.7954 0.8264
vt 0.7954 0.7788
vt 0.7828 0.7788
vt 0.7828 0.8264
vt 0.7954 0.8264
vt 0.7954 0.8597
vt 0.8081 0.8597
vt 0.8081 0.8264
vt 0.8208 0.8264
vt 0.8208 0.7788
vt 0.8081 0.7788
vt 0.8081 0.8264
vt 0.8208 0.8264
vt 0.8208 0.8597
vt 0.8339 0.8597
vt 0.8339 0.8264
vt 0.7469 0.8264
vt 0.7469 0.7788
vt 0.7342 0.7788
vt 0.7342 0.8264
vt 0.7469 0.8264
vt 0.7469 0.8597
vt 0.7581 0.8597
vt 0.7581 0.8264
vt 0.7711 0.8264
vt 0.7711 0.7788
vt 0.7581 0.7788
vt 0.7581 0.8264
vt 0.7711 0.8264
vt 0.7711 0.8597
vt 0.7828 0.8597
vt 0.7828 0.8264
vt 0.8461 0.8264
vt 0.8461 0.7788
vt 0.8339 0.7788
vt 0.8339 0.8264
vt 0.8461 0.8264
vt 0.8461 0.8597
vt 0.8619 0.8597
vt 0.8619 0.8264
vt 0.8766 0.8264
vt 0.8766 0.7788
vt 0.8619 0.7788
vt 0.8619 0.8264
vt 0.8766 0.8264
vt 0.8766 0.8597
vt 0.8901 0.8597
vt 0.8901 0.8264
vt 0.7211 0.8264
vt 0.7211 0.7788
vt 0.7058 0.7788
vt 0.7058 0.8264
vt 0.7211 0.8264
vt 0.7211 0.8597
vt 0.7342 0.8597
vt 0.7342 0.8264
vt 0.6923 0.8264
vt 0.6923 0.7788
vt 0.6803 0.7788
vt 0.6803 0.8264
vt 0.6923 0.8264
vt 0.6923 0.8597
vt 0.7058 0.8597
vt 0.7058 0.8264
vt 0.9138 0.7545
vt 0.9029 0.7545
vt 0.9723 0.7788
vt 0.6342 0.7788
vt 0.6604 0.7545
vt 0.6512 0.7545
vt 0.8901 0.7545
vt 0.6702 0.7545
vt 0.5204 0.7788
vt 0.5204 0.8264
vt 0.5474 0.7545
vt 0.5388 0.7545
vt 0.9246 0.7545
vt 0.9355 0.7545
vt 0.6426 0.7545
vt 0.7954 0.7545
vt 0.7828 0.7545
vt 0.8208 0.7545
vt 0.8081 0.7545
vt 0.7469 0.7545
vt 0.7342 0.7545
vt 0.7711 0.7545
vt 0.7581 0.7545
vt 0.8461 0.7545
vt 0.8339 0.7545
vt 0.8766 0.7545
vt 0.8619 0.7545
vt 0.7211 0.7545
vt 0.7058 0.7545
vt 0.6923 0.7545
vt 0.6803 0.7545
vt 0.9138 0.7181
vt 0.9246 0.7181
vt 0.9845 0.7181
vt 0.9723 0.7181
vt 0.9723 0.7545
vt 0.9845 0.7545
vt 0.6426 0.7181
vt 0.6512 0.7181
vt 0.6342 0.7181
vt 0.6342 0.7545
vt 0.6604 0.7181
vt 0.6702 0.7181
vt 0.9029 0.7181
vt 0.6803 0.7181
vt 0.5388 0.8597
vt 0.5474 0.8597
vt 0.9355 0.8597
vt 0.7954 0.7181
vt 0.8081 0.7181
vt 0.8208 0.7181
vt 0.8339 0.7181
vt 0.7469 0.7181
vt 0.7581 0.7181
vt 0.7711 0.7181
vt 0.7828 0.7181
vt 0.8461 0.7181
vt 0.8619 0.7181
vt 0.8766 0.7181
vt 0.8901 0.7181
vt 0.7211 0.7181
vt 0.7342 0.7181
vt 0.6923 0.7181
vt 0.7058 0.7181
vt 0.5474 0.7181
vt 0.5388 0.7181
vt 0.9355 0.7181
vt 0.6258 0.8264
vt 0.6258 0.7788
vt 0.6258 0.8264
vt 0.6180 0.8264
vt 0.6180 0.8597
vt 0.6258 0.8597
vt 0.5806 0.8264
vt 0.5806 0.7788
vt 0.5726 0.7788
vt 0.5726 0.8264
vt 0.5885 0.8264
vt 0.5885 0.7788
vt 0.5646 0.7788
vt 0.5646 0.8264
vt 0.5726 0.8597
vt 0.5806 0.8597
vt 0.5560 0.7788
vt 0.5560 0.8264
vt 0.5646 0.8597
vt 0.5560 0.8597
vt 0.6258 0.7545
vt 0.6180 0.7788
vt 0.5806 0.7545
vt 0.5726 0.7545
vt 0.5885 0.7545
vt 0.5646 0.7545
vt 0.5560 0.7545
vt 0.5560 0.7181
vt 0.5646 0.7181
vt 0.5726 0.7181
vt 0.5806 0.7181
vt 0.5885 0.8597
vt 0.6258 0.7181
vt 0.6180 0.7181
vt 0.6180 0.7545
vt 0.6258 0.7545
vt 0.5885 0.7181
vt 0.9599 0.7788
vt 0.9599 0.8264
vt 0.9473 0.7788
vt 0.9473 0.8264
vt 0.9599 0.8597
vt 0.9473 0.8597
vt 0.9599 0.7545
vt 0.9473 0.7545
vt 0.9473 0.7181
vt 0.9599 0.7181
vt 0.6109 0.8264
vt 0.6109 0.7788
vt 0.6036 0.7788
vt 0.6036 0.8264
vt 0.5961 0.7788
vt 0.5961 0.8264
vt 0.6036 0.8597
vt 0.6109 0.8597
vt 0.5961 0.8597
vt 0.6109 0.7545
vt 0.6036 0.7545
vt 0.5961 0.7545
vt 0.5961 0.7181
vt 0.6036 0.7181
vt 0.6109 0.7181
vt 0.2886 0.2065
vt 0.3026 0.2406
vt 0.2599 0.2513
vt 0.2452 0.2194
vt 0.3356 0.1962
vt 0.3482 0.2312
vt 0.3820 0.1866
vt 0.3764 0.1549
vt 0.4233 0.1499
vt 0.4248 0.1779
vt 0.3356 0.1962
vt 0.3282 0.1649
vt 0.2774 0.1688
vt 0.2814 0.1779
vt 0.2388 0.1937
vt 0.2341 0.1855
vt 0.3248 0.1550
vt 0.3282 0.1649
vt 0.3738 0.1441
vt 0.3721 0.1367
vt 0.4227 0.1309
vt 0.4225 0.1388
vt 0.3248 0.1550
vt 0.3221 0.1473
vt 0.3855 0.5635
vt 0.3928 0.5326
vt 0.4339 0.5310
vt 0.4316 0.5635
vt 0.3364 0.5622
vt 0.3489 0.5300
vt 0.2872 0.5582
vt 0.2825 0.5826
vt 0.2382 0.5706
vt 0.2424 0.5492
vt 0.3364 0.5622
vt 0.3315 0.5893
vt 0.3798 0.6027
vt 0.3823 0.5914
vt 0.4328 0.5884
vt 0.4313 0.6002
vt 0.3290 0.5993
vt 0.3315 0.5893
vt 0.2797 0.5920
vt 0.2780 0.5990
vt 0.2318 0.5852
vt 0.2345 0.5795
vt 0.3290 0.5993
vt 0.3277 0.6079
vt 0.2545 0.1180
vt 0.2576 0.1293
vt 0.2097 0.1506
vt 0.2055 0.1401
vt 0.3066 0.0996
vt 0.3093 0.1114
vt 0.3608 0.0864
vt 0.3562 0.0705
vt 0.4107 0.0640
vt 0.4189 0.0801
vt 0.3066 0.0996
vt 0.3063 0.0846
vt 0.3783 0.6662
vt 0.3798 0.6520
vt 0.4408 0.6522
vt 0.4397 0.6661
vt 0.3204 0.6594
vt 0.3223 0.6454
vt 0.2644 0.6468
vt 0.2646 0.6651
vt 0.2075 0.6468
vt 0.2103 0.6288
vt 0.3204 0.6594
vt 0.3219 0.6772
vt 0.1546 0.2688
vt 0.1595 0.2921
vt 0.1456 0.2925
vt 0.1365 0.2923
vt 0.1780 0.2500
vt 0.1911 0.2721
vt 0.2078 0.2342
vt 0.2021 0.2118
vt 0.2388 0.1937
vt 0.2452 0.2194
vt 0.1780 0.2500
vt 0.1719 0.2333
vt 0.1397 0.2529
vt 0.1476 0.2575
vt 0.1288 0.2829
vt 0.1198 0.2797
vt 0.1651 0.2273
vt 0.1719 0.2333
vt 0.1965 0.2046
vt 0.1913 0.2000
vt 0.2298 0.1798
vt 0.2341 0.1855
vt 0.1651 0.2273
vt 0.1590 0.2235
vt 0.2046 0.5361
vt 0.2202 0.5109
vt 0.2574 0.5204
vt 0.2424 0.5492
vt 0.1754 0.5215
vt 0.1890 0.5008
vt 0.1535 0.5054
vt 0.1476 0.5155
vt 0.1298 0.4947
vt 0.1378 0.4882
vt 0.1754 0.5215
vt 0.1710 0.5356
vt 0.1958 0.5618
vt 0.2008 0.5542
vt 0.2382 0.5706
vt 0.2345 0.5795
vt 0.1642 0.5416
vt 0.1710 0.5356
vt 0.1389 0.5195
vt 0.1299 0.5216
vt 0.1093 0.4973
vt 0.1196 0.4968
vt 0.1642 0.5416
vt 0.1573 0.5454
vt 0.0947 0.2213
vt 0.1018 0.2296
vt 0.0776 0.2580
vt 0.0701 0.2501
vt 0.1253 0.1927
vt 0.1318 0.2014
vt 0.1620 0.1653
vt 0.1547 0.1539
vt 0.2002 0.1264
vt 0.2055 0.1401
vt 0.1253 0.1927
vt 0.1165 0.1834
vt 0.1606 0.6050
vt 0.1659 0.5938
vt 0.2141 0.6163
vt 0.2103 0.6288
vt 0.1171 0.5757
vt 0.1235 0.5661
vt 0.0812 0.5435
vt 0.0718 0.5535
vt 0.0435 0.5186
vt 0.0545 0.5117
vt 0.1171 0.5757
vt 0.1097 0.5890
vt 0.6978 0.1659
vt 0.7022 0.1563
vt 0.7482 0.1698
vt 0.7424 0.1809
vt 0.6432 0.1532
vt 0.6472 0.1455
vt 0.7183 0.5510
vt 0.7113 0.5448
vt 0.7523 0.5266
vt 0.7593 0.5330
vt 0.6640 0.5688
vt 0.6577 0.5618
vt 0.7155 0.0791
vt 0.7151 0.0462
vt 0.7811 0.0515
vt 0.7759 0.0867
vt 0.6521 0.0762
vt 0.6254 0.0301
vt 0.7444 0.6406
vt 0.7446 0.6133
vt 0.7977 0.6022
vt 0.8034 0.6294
vt 0.6808 0.6482
vt 0.6847 0.6232
vt 0.4717 0.1684
vt 0.4720 0.2040
vt 0.4290 0.2138
vt 0.4248 0.1779
vt 0.5224 0.1623
vt 0.5255 0.1776
vt 0.4724 0.1379
vt 0.4709 0.1483
vt 0.4233 0.1499
vt 0.4225 0.1388
vt 0.5264 0.1402
vt 0.5235 0.1486
vt 0.5841 0.1452
vt 0.5884 0.1377
vt 0.5264 0.1402
vt 0.5303 0.1328
vt 0.4827 0.5652
vt 0.4844 0.5843
vt 0.4328 0.5884
vt 0.4316 0.5635
vt 0.5364 0.5661
vt 0.5406 0.5795
vt 0.6046 0.5803
vt 0.5996 0.5726
vt 0.5440 0.5887
vt 0.5406 0.5795
vt 0.4856 0.5953
vt 0.4888 0.6045
vt 0.4326 0.6097
vt 0.4313 0.6002
vt 0.5440 0.5887
vt 0.5486 0.5978
vt 0.5821 0.0834
vt 0.5677 0.0739
vt 0.5449 0.0844
vt 0.5410 0.0725
vt 0.4797 0.0790
vt 0.4823 0.0914
vt 0.4214 0.0919
vt 0.4189 0.0801
vt 0.5449 0.0844
vt 0.5425 0.0938
vt 0.6141 0.6495
vt 0.6258 0.6310
vt 0.5686 0.6517
vt 0.5671 0.6386
vt 0.5033 0.6611
vt 0.5029 0.6750
vt 0.4329 0.6852
vt 0.4397 0.6661
vt 0.5686 0.6517
vt 0.5661 0.6639
vt 0.1124 0.3653
vt 0.1313 0.3634
vt 0.1309 0.3910
vt 0.1118 0.3928
vt 0.1165 0.3396
vt 0.1345 0.3375
vt 0.1242 0.3161
vt 0.1151 0.3085
vt 0.1288 0.2829
vt 0.1365 0.2923
vt 0.1165 0.3396
vt 0.1062 0.3344
vt 0.0915 0.3604
vt 0.1015 0.3618
vt 0.1005 0.3907
vt 0.0903 0.3892
vt 0.0964 0.3331
vt 0.1062 0.3344
vt 0.1055 0.3065
vt 0.0967 0.3044
vt 0.1116 0.2775
vt 0.1198 0.2797
vt 0.0964 0.3331
vt 0.0872 0.3307
vt 0.8365 0.2440
vt 0.8486 0.2308
vt 0.8737 0.2691
vt 0.8611 0.2826
vt 0.8089 0.2189
vt 0.8170 0.2052
vt 0.7771 0.1972
vt 0.7721 0.2063
vt 0.7379 0.1886
vt 0.7424 0.1809
vt 0.8089 0.2189
vt 0.8025 0.2292
vt 0.8166 0.2748
vt 0.8284 0.2545
vt 0.8459 0.2963
vt 0.8299 0.3192
vt 0.7937 0.2446
vt 0.8025 0.2292
vt 0.8046 0.3019
vt 0.7884 0.2652
vt 0.7676 0.2199
vt 0.7658 0.2363
vt 0.7343 0.2114
vt 0.7345 0.1992
vt 0.0280 0.3375
vt 0.0386 0.3412
vt 0.0344 0.3733
vt 0.0233 0.3720
vt 0.0372 0.3072
vt 0.0468 0.3128
vt 0.0511 0.2787
vt 0.0422 0.2706
vt 0.0616 0.2413
vt 0.0701 0.2501
vt 0.0372 0.3072
vt 0.0271 0.3007
vt 0.8258 0.0984
vt 0.8163 0.1234
vt 0.7721 0.1123
vt 0.7759 0.0867
vt 0.8667 0.1152
vt 0.8536 0.1402
vt 0.9081 0.1370
vt 0.9323 0.1042
vt 0.9839 0.1294
vt 0.9492 0.1647
vt 0.8667 0.1152
vt 0.8803 0.0783
vt 0.1599 0.8071
vt 0.1262 0.7919
vt 0.1368 0.7677
vt 0.1707 0.7823
vt 0.1497 0.8309
vt 0.1165 0.8147
vt 0.1407 0.8527
vt 0.1725 0.8679
vt 0.1634 0.8898
vt 0.1324 0.8735
vt 0.1497 0.8309
vt 0.1820 0.8453
vt 0.2208 0.8350
vt 0.1921 0.8214
vt 0.2028 0.7966
vt 0.2314 0.8103
vt 0.2109 0.8585
vt 0.1820 0.8453
vt 0.2017 0.8806
vt 0.2318 0.8926
vt 0.2228 0.9115
vt 0.1928 0.9018
vt 0.2109 0.8585
vt 0.2404 0.8718
vt 0.3143 0.2843
vt 0.2704 0.2922
vt 0.3262 0.3195
vt 0.2832 0.3259
vt 0.3294 0.3513
vt 0.3730 0.3467
vt 0.3744 0.3820
vt 0.3307 0.3842
vt 0.3262 0.3195
vt 0.3701 0.3133
vt 0.3979 0.2684
vt 0.3599 0.2773
vt 0.3482 0.2312
vt 0.3895 0.2204
vt 0.4054 0.3071
vt 0.3701 0.3133
vt 0.4075 0.3424
vt 0.4321 0.3385
vt 0.4329 0.3767
vt 0.4087 0.3794
vt 0.4054 0.3071
vt 0.4314 0.3006
vt 0.0329 0.7451
vt 0.0053 0.7313
vt 0.0086 0.7118
vt 0.0390 0.7251
vt 0.0306 0.7632
vt 0.0063 0.7490
vt 0.0316 0.7819
vt 0.0540 0.7980
vt 0.0531 0.8176
vt 0.0344 0.8009
vt 0.0306 0.7632
vt 0.0564 0.7787
vt 0.0932 0.7757
vt 0.0619 0.7597
vt 0.0703 0.7388
vt 0.1031 0.7531
vt 0.0852 0.7966
vt 0.0564 0.7787
vt 0.0799 0.8165
vt 0.1089 0.8354
vt 0.1023 0.8549
vt 0.0759 0.8360
vt 0.0852 0.7966
vt 0.1165 0.8147
vt 0.1650 0.3135
vt 0.1392 0.3133
vt 0.1656 0.3395
vt 0.1345 0.3375
vt 0.1644 0.3647
vt 0.2018 0.3601
vt 0.2026 0.3877
vt 0.1649 0.3913
vt 0.1656 0.3395
vt 0.2010 0.3331
vt 0.2316 0.2996
vt 0.1929 0.3034
vt 0.1911 0.2721
vt 0.2228 0.2626
vt 0.2441 0.3311
vt 0.2010 0.3331
vt 0.2466 0.3588
vt 0.2862 0.3555
vt 0.2874 0.3858
vt 0.2476 0.3869
vt 0.2441 0.3311
vt 0.2832 0.3259
vt 0.4258 0.9618
vt 0.4911 0.9851
vt 0.4734 0.9920
vt 0.4151 0.9731
vt 0.4367 0.9472
vt 0.5083 0.9734
vt 0.4480 0.9255
vt 0.3795 0.9018
vt 0.3885 0.8777
vt 0.4586 0.9005
vt 0.4367 0.9472
vt 0.3722 0.9234
vt 0.2919 0.8669
vt 0.2500 0.8490
vt 0.2604 0.8245
vt 0.3020 0.8430
vt 0.2828 0.8888
vt 0.2404 0.8718
vt 0.2749 0.9078
vt 0.3169 0.9226
vt 0.3123 0.9385
vt 0.2676 0.9255
vt 0.2828 0.8888
vt 0.3240 0.9050
vt 0.3539 0.8924
vt 0.3326 0.8840
vt 0.3423 0.8606
vt 0.3631 0.8687
vt 0.3463 0.9137
vt 0.3240 0.9050
vt 0.3404 0.9311
vt 0.3666 0.9407
vt 0.3594 0.9545
vt 0.3354 0.9467
vt 0.3463 0.9137
vt 0.3722 0.9234
vt 0.4525 0.2540
vt 0.4302 0.2597
vt 0.4469 0.2961
vt 0.4314 0.3006
vt 0.4700 0.2559
vt 0.4598 0.2953
vt 0.4455 0.3356
vt 0.4565 0.3343
vt 0.4564 0.3728
vt 0.4459 0.3745
vt 0.1271 0.4690
vt 0.1404 0.4684
vt 0.1454 0.4846
vt 0.1378 0.4882
vt 0.1195 0.4462
vt 0.1364 0.4454
vt 0.1143 0.4204
vt 0.1028 0.4197
vt 0.1005 0.3907
vt 0.1118 0.3928
vt 0.1195 0.4462
vt 0.1081 0.4471
vt 0.1061 0.4730
vt 0.1169 0.4722
vt 0.1298 0.4947
vt 0.1196 0.4968
vt 0.0974 0.4470
vt 0.1081 0.4471
vt 0.0923 0.4187
vt 0.0820 0.4164
vt 0.0803 0.3867
vt 0.0903 0.3892
vt 0.0974 0.4470
vt 0.0866 0.4453
vt 0.7914 0.5153
vt 0.8005 0.5283
vt 0.7676 0.5454
vt 0.7593 0.5330
vt 0.8172 0.4960
vt 0.8271 0.5098
vt 0.8418 0.4733
vt 0.8337 0.4639
vt 0.8498 0.4306
vt 0.8644 0.4466
vt 0.8172 0.4960
vt 0.8105 0.4866
vt 0.7773 0.4968
vt 0.7849 0.5073
vt 0.7523 0.5266
vt 0.7463 0.5175
vt 0.8006 0.4748
vt 0.8105 0.4866
vt 0.7718 0.4846
vt 0.7930 0.4597
vt 0.8207 0.4495
vt 0.8075 0.4309
vt 0.8127 0.3868
vt 0.8313 0.4086
vt 0.0371 0.4803
vt 0.0465 0.4747
vt 0.0629 0.5048
vt 0.0545 0.5117
vt 0.0274 0.4467
vt 0.0378 0.4428
vt 0.0232 0.4097
vt 0.0110 0.4124
vt 0.0105 0.3678
vt 0.0233 0.3720
vt 0.0274 0.4467
vt 0.0166 0.4559
vt 0.8500 0.6165
vt 0.8632 0.6620
vt 0.8122 0.6730
vt 0.8034 0.6294
vt 0.8856 0.6013
vt 0.9042 0.6432
vt 0.9201 0.5829
vt 0.9037 0.5565
vt 0.9389 0.5288
vt 0.9537 0.5585
vt 0.8856 0.6013
vt 0.8711 0.5747
vt 0.2021 0.7089
vt 0.1685 0.6941
vt 0.1788 0.6700
vt 0.2120 0.6853
vt 0.1919 0.7329
vt 0.1580 0.7183
vt 0.1814 0.7575
vt 0.2137 0.7714
vt 0.2028 0.7966
vt 0.1707 0.7823
vt 0.1919 0.7329
vt 0.2243 0.7468
vt 0.2619 0.7394
vt 0.2340 0.7240
vt 0.2432 0.7021
vt 0.2702 0.7200
vt 0.2529 0.7604
vt 0.2243 0.7468
vt 0.2423 0.7847
vt 0.2714 0.7988
vt 0.2604 0.8245
vt 0.2314 0.8103
vt 0.2529 0.7604
vt 0.2817 0.7749
vt 0.3296 0.4178
vt 0.2862 0.4170
vt 0.2874 0.3858
vt 0.3307 0.3842
vt 0.3259 0.4513
vt 0.2824 0.4487
vt 0.3120 0.4875
vt 0.3592 0.4882
vt 0.3489 0.5300
vt 0.3014 0.5273
vt 0.3259 0.4513
vt 0.3709 0.4520
vt 0.4088 0.4164
vt 0.3738 0.4176
vt 0.3744 0.3820
vt 0.4087 0.3794
vt 0.4072 0.4519
vt 0.3709 0.4520
vt 0.3990 0.4893
vt 0.4332 0.4897
vt 0.4072 0.4519
vt 0.4337 0.4514
vt 0.0715 0.6576
vt 0.0400 0.6506
vt 0.0519 0.6384
vt 0.0823 0.6414
vt 0.0605 0.6764
vt 0.0283 0.6662
vt 0.0490 0.7006
vt 0.0811 0.7136
vt 0.0703 0.7388
vt 0.0390 0.7251
vt 0.0605 0.6764
vt 0.0928 0.6882
vt 0.1356 0.6793
vt 0.1034 0.6665
vt 0.1134 0.6467
vt 0.1457 0.6567
vt 0.1252 0.7028
vt 0.0928 0.6882
vt 0.1140 0.7281
vt 0.1474 0.7430
vt 0.1368 0.7677
vt 0.1031 0.7531
vt 0.1252 0.7028
vt 0.1580 0.7183
vt 0.1661 0.4184
vt 0.1328 0.4189
vt 0.1309 0.3910
vt 0.1649 0.3913
vt 0.1677 0.4446
vt 0.1364 0.4454
vt 0.1659 0.4687
vt 0.1908 0.4744
vt 0.1890 0.5008
vt 0.1603 0.4903
vt 0.1677 0.4446
vt 0.2012 0.4450
vt 0.2468 0.4158
vt 0.2025 0.4163
vt 0.2026 0.3877
vt 0.2476 0.3869
vt 0.2437 0.4456
vt 0.2012 0.4450
vt 0.2288 0.4781
vt 0.2674 0.4836
vt 0.2437 0.4456
vt 0.2824 0.4487
vt 0.4746 0.8389
vt 0.4168 0.8175
vt 0.4200 0.8059
vt 0.4736 0.8270
vt 0.4734 0.8540
vt 0.4095 0.8319
vt 0.4675 0.8755
vt 0.5436 0.9004
vt 0.5368 0.9258
vt 0.4586 0.9005
vt 0.4734 0.8540
vt 0.5443 0.8783
vt 0.3300 0.7776
vt 0.2900 0.7558
vt 0.2960 0.7392
vt 0.3362 0.7633
vt 0.3226 0.7947
vt 0.2817 0.7749
vt 0.3128 0.8177
vt 0.3528 0.8358
vt 0.3423 0.8606
vt 0.3020 0.8430
vt 0.3226 0.7947
vt 0.3623 0.8137
vt 0.3915 0.8078
vt 0.3691 0.7982
vt 0.3758 0.7873
vt 0.3976 0.7964
vt 0.3841 0.8226
vt 0.3623 0.8137
vt 0.3739 0.8442
vt 0.3993 0.8532
vt 0.3885 0.8777
vt 0.3631 0.8687
vt 0.3841 0.8226
vt 0.4095 0.8319
vt 0.4470 0.4127
vt 0.4336 0.4146
vt 0.4329 0.3767
vt 0.4459 0.3745
vt 0.4494 0.4503
vt 0.4337 0.4514
vt 0.4580 0.4105
vt 0.4623 0.4472
vt 0.4562 0.4888
vt 0.4735 0.4826
vt 0.4982 0.5141
vt 0.4789 0.5323
vt 0.6911 0.1810
vt 0.6939 0.1728
vt 0.7379 0.1886
vt 0.7345 0.1992
vt 0.6379 0.1673
vt 0.6398 0.1599
vt 0.6918 0.1901
vt 0.6391 0.1753
vt 0.5797 0.1607
vt 0.5224 0.1623
vt 0.5235 0.1486
vt 0.5810 0.1522
vt 0.5815 0.1701
vt 0.7044 0.5377
vt 0.6999 0.5300
vt 0.7414 0.5083
vt 0.7463 0.5175
vt 0.5948 0.5639
vt 0.6524 0.5542
vt 0.5915 0.5542
vt 0.6483 0.5465
vt 0.6322 0.3928
vt 0.6403 0.3922
vt 0.6406 0.3954
vt 0.6315 0.3962
vt 0.6322 0.3928
vt 0.6249 0.3915
vt 0.6259 0.3890
vt 0.6325 0.3902
vt 0.6482 0.3896
vt 0.6550 0.3856
vt 0.6569 0.3881
vt 0.6493 0.3925
vt 0.6324 0.3361
vt 0.6248 0.3377
vt 0.6231 0.3347
vt 0.6316 0.3329
vt 0.6487 0.3395
vt 0.6407 0.3367
vt 0.6409 0.3336
vt 0.6498 0.3367
vt 0.6486 0.3417
vt 0.6408 0.3390
vt 0.6094 0.3725
vt 0.6112 0.3786
vt 0.6084 0.3801
vt 0.6065 0.3733
vt 0.6143 0.3840
vt 0.6188 0.3885
vt 0.6166 0.3912
vt 0.6116 0.3862
vt 0.6161 0.3823
vt 0.6205 0.3863
vt 0.6657 0.3717
vt 0.6664 0.3666
vt 0.6707 0.3690
vt 0.6691 0.3733
vt 0.6602 0.3810
vt 0.6637 0.3764
vt 0.6666 0.3780
vt 0.6626 0.3831
vt 0.6585 0.3788
vt 0.6613 0.3746
vt 0.6092 0.3592
vt 0.6087 0.3660
vt 0.6058 0.3661
vt 0.6063 0.3587
vt 0.6112 0.3599
vt 0.6108 0.3660
vt 0.6139 0.3465
vt 0.6108 0.3526
vt 0.6079 0.3514
vt 0.6112 0.3446
vt 0.6158 0.3479
vt 0.6128 0.3537
vt 0.6658 0.3608
vt 0.6638 0.3548
vt 0.6667 0.3539
vt 0.6691 0.3608
vt 0.6605 0.3491
vt 0.6555 0.3438
vt 0.6573 0.3415
vt 0.6629 0.3474
vt 0.6590 0.3507
vt 0.6548 0.3460
vt 0.6587 0.3525
vt 0.6560 0.3486
vt 0.6604 0.3609
vt 0.6596 0.3561
vt 0.6615 0.3556
vt 0.6629 0.3607
vt 0.6164 0.3488
vt 0.6137 0.3547
vt 0.6124 0.3606
vt 0.6122 0.3664
vt 0.6580 0.3762
vt 0.6597 0.3727
vt 0.6606 0.3695
vt 0.6609 0.3657
vt 0.6634 0.3658
vt 0.6629 0.3704
vt 0.6168 0.3812
vt 0.6220 0.3853
vt 0.6126 0.3715
vt 0.6140 0.3764
vt 0.6131 0.3774
vt 0.6114 0.3719
vt 0.6501 0.3431
vt 0.6416 0.3392
vt 0.6312 0.3399
vt 0.6265 0.3418
vt 0.6259 0.3400
vt 0.6327 0.3385
vt 0.6489 0.3855
vt 0.6547 0.3804
vt 0.6541 0.3831
vt 0.6479 0.3871
vt 0.6310 0.3885
vt 0.6409 0.3891
vt 0.6403 0.3897
vt 0.6325 0.3902
vt 0.2624 0.1384
vt 0.2156 0.1590
vt 0.2669 0.1475
vt 0.2211 0.1671
vt 0.2710 0.1542
vt 0.3197 0.1386
vt 0.3221 0.1473
vt 0.2738 0.1624
vt 0.2669 0.1475
vt 0.3168 0.1311
vt 0.3680 0.1085
vt 0.3137 0.1211
vt 0.3093 0.1114
vt 0.3636 0.0984
vt 0.3696 0.1192
vt 0.3168 0.1311
vt 0.3710 0.1271
vt 0.4242 0.1213
vt 0.3696 0.1192
vt 0.4253 0.1132
vt 0.3832 0.6412
vt 0.4436 0.6414
vt 0.3823 0.6300
vt 0.4401 0.6299
vt 0.3810 0.6213
vt 0.3286 0.6167
vt 0.3277 0.6079
vt 0.3794 0.6108
vt 0.3823 0.6300
vt 0.3280 0.6245
vt 0.2719 0.6236
vt 0.3262 0.6350
vt 0.3223 0.6454
vt 0.2668 0.6334
vt 0.2757 0.6142
vt 0.3280 0.6245
vt 0.2783 0.6073
vt 0.2306 0.5930
vt 0.2757 0.6142
vt 0.2261 0.5990
vt 0.1098 0.2373
vt 0.0861 0.2655
vt 0.1178 0.2430
vt 0.0950 0.2709
vt 0.1253 0.2471
vt 0.1533 0.2196
vt 0.1590 0.2235
vt 0.1323 0.2500
vt 0.1178 0.2430
vt 0.1466 0.2149
vt 0.1745 0.1825
vt 0.1395 0.2091
vt 0.1318 0.2014
vt 0.1676 0.1748
vt 0.1810 0.1899
vt 0.1466 0.2149
vt 0.1868 0.1945
vt 0.2261 0.1727
vt 0.1810 0.1899
vt 0.2211 0.1671
vt 0.1736 0.5858
vt 0.2205 0.6073
vt 0.1811 0.5781
vt 0.2261 0.5990
vt 0.1876 0.5735
vt 0.1504 0.5493
vt 0.1573 0.5454
vt 0.1912 0.5671
vt 0.1811 0.5781
vt 0.1417 0.5536
vt 0.0979 0.5293
vt 0.1322 0.5590
vt 0.1235 0.5661
vt 0.0886 0.5354
vt 0.1090 0.5253
vt 0.1417 0.5536
vt 0.1198 0.5230
vt 0.0972 0.4965
vt 0.1090 0.5253
vt 0.0852 0.4973
vt 0.7064 0.1446
vt 0.7536 0.1562
vt 0.7122 0.1344
vt 0.7604 0.1437
vt 0.7189 0.1231
vt 0.6626 0.1165
vt 0.6574 0.0989
vt 0.7175 0.1044
vt 0.7122 0.1344
vt 0.6572 0.1269
vt 0.7446 0.5951
vt 0.7924 0.5844
vt 0.7373 0.5850
vt 0.7832 0.5726
vt 0.7304 0.5741
vt 0.6761 0.5878
vt 0.6696 0.5772
vt 0.7239 0.5620
vt 0.7373 0.5850
vt 0.6826 0.5967
vt 0.5941 0.1286
vt 0.6517 0.1353
vt 0.5993 0.1210
vt 0.6572 0.1269
vt 0.6046 0.1107
vt 0.5460 0.1051
vt 0.5425 0.0938
vt 0.5995 0.0962
vt 0.5993 0.1210
vt 0.5411 0.1160
vt 0.4796 0.1208
vt 0.5366 0.1237
vt 0.5303 0.1328
vt 0.4749 0.1302
vt 0.4829 0.1127
vt 0.5411 0.1160
vt 0.4858 0.1015
vt 0.4255 0.1021
vt 0.4829 0.1127
vt 0.4253 0.1132
vt 0.6299 0.6164
vt 0.6887 0.6058
vt 0.6233 0.6071
vt 0.6826 0.5967
vt 0.6169 0.5990
vt 0.5559 0.6080
vt 0.5486 0.5978
vt 0.6098 0.5892
vt 0.6233 0.6071
vt 0.5624 0.6167
vt 0.5067 0.6361
vt 0.5694 0.6271
vt 0.5671 0.6386
vt 0.5046 0.6467
vt 0.5008 0.6248
vt 0.5624 0.6167
vt 0.4948 0.6155
vt 0.4362 0.6207
vt 0.5008 0.6248
vt 0.4401 0.6299
vt 0.0501 0.3451
vt 0.0465 0.3753
vt 0.0614 0.3494
vt 0.0585 0.3784
vt 0.0722 0.3538
vt 0.0779 0.3276
vt 0.0872 0.3307
vt 0.0820 0.3578
vt 0.0614 0.3494
vt 0.0678 0.3234
vt 0.0688 0.2925
vt 0.0573 0.3183
vt 0.0468 0.3128
vt 0.0594 0.2858
vt 0.0785 0.2978
vt 0.0678 0.3234
vt 0.0878 0.3019
vt 0.1034 0.2750
vt 0.0785 0.2978
vt 0.0950 0.2709
vt 0.8585 0.2139
vt 0.8945 0.2410
vt 0.8699 0.1974
vt 0.9092 0.2231
vt 0.8811 0.1817
vt 0.8447 0.1589
vt 0.8536 0.1402
vt 0.8925 0.1616
vt 0.8699 0.1974
vt 0.8353 0.1732
vt 0.7921 0.1704
vt 0.8255 0.1892
vt 0.8170 0.2052
vt 0.7853 0.1855
vt 0.8004 0.1558
vt 0.8353 0.1732
vt 0.8093 0.1420
vt 0.7685 0.1309
vt 0.8004 0.1558
vt 0.7604 0.1437
vt 0.0575 0.4707
vt 0.0730 0.4998
vt 0.0701 0.4694
vt 0.0852 0.4973
vt 0.0827 0.4698
vt 0.0746 0.4419
vt 0.0866 0.4453
vt 0.0952 0.4723
vt 0.0701 0.4694
vt 0.0620 0.4404
vt 0.0464 0.4080
vt 0.0496 0.4404
vt 0.0378 0.4428
vt 0.0341 0.4084
vt 0.0587 0.4095
vt 0.0620 0.4404
vt 0.0708 0.4122
vt 0.0698 0.3822
vt 0.0587 0.4095
vt 0.0585 0.3784
vt 0.8088 0.5444
vt 0.7747 0.5596
vt 0.8192 0.5595
vt 0.7832 0.5726
vt 0.8299 0.5722
vt 0.8606 0.5563
vt 0.8711 0.5747
vt 0.8386 0.5900
vt 0.8192 0.5595
vt 0.8488 0.5431
vt 0.8649 0.5040
vt 0.8369 0.5267
vt 0.8271 0.5098
vt 0.8540 0.4869
vt 0.8781 0.5210
vt 0.8488 0.5431
vt 0.8913 0.5361
vt 0.9253 0.5112
vt 0.8781 0.5210
vt 0.9118 0.4976
vt 0.1323 0.2500
vt 0.7853 0.1855
vt 0.1603 0.4903
vt 0.0952 0.4723
vt 0.7239 0.5620
vt 0.3895 0.2204
vt 0.4749 0.1302
vt 0.4789 0.5323
vt 0.3794 0.6108
vt 0.0820 0.3578
vt 0.8124 0.3662
vt 0.8824 0.4645
vt 0.8540 0.4869
vt 0.0859 0.2123
vt 0.0594 0.2858
vt 0.8350 0.0610
vt 0.7175 0.1044
vt 0.0262 0.4887
vt 0.0886 0.5354
vt 0.7454 0.6835
vt 0.8386 0.5900
vt 0.4785 0.0681
vt 0.3636 0.0984
vt 0.3753 0.6849
vt 0.5046 0.6467
vt 0.0163 0.3318
vt 0.0341 0.4084
vt 0.9851 0.5945
vt 0.9389 0.6237
vt 0.9337 0.1937
vt 0.8925 0.1616
vt 0.2228 0.2626
vt 0.2738 0.1624
vt 0.3014 0.5273
vt 0.1912 0.5671
vt 0.2525 0.1033
vt 0.1676 0.1748
vt 0.1555 0.6208
vt 0.2668 0.6334
vt 0.0176 0.7850
vt 0.0110 0.7669
vt 0.0171 0.6883
vt 0.5294 0.8494
vt 0.5385 0.8623
vt 0.6530 0.7004
vt 0.5242 0.9519
vt 0.5810 0.1522
vt 0.6098 0.5892
vt 0.5995 0.0962
vt 0.5976 0.6618
vt 0.4937 0.2192
vt 0.5349 0.5510
vt 0.5393 0.5344
vt 0.6659 0.3456
vt 0.6701 0.3527
vt 0.6729 0.3602
vt 0.6750 0.3678
vt 0.9213 0.2103
vt 0.6162 0.3388
vt 0.6185 0.3413
vt 0.6077 0.3423
vt 0.6132 0.3358
vt 0.6025 0.3581
vt 0.6042 0.3499
vt 0.6657 0.3852
vt 0.6594 0.3909
vt 0.6729 0.3746
vt 0.6700 0.3796
vt 0.8962 0.4794
vt 0.6082 0.3889
vt 0.6047 0.3820
vt 0.6028 0.3744
vt 0.6021 0.3663
vt 0.6514 0.3333
vt 0.6598 0.3389
vt 0.6307 0.3289
vt 0.6413 0.3297
vt 0.6210 0.3311
vt 0.6509 0.3960
vt 0.6410 0.3993
vt 0.6233 0.3947
vt 0.6265 0.3869
vt 0.6479 0.3871
vt 0.6327 0.3385
vt 0.6203 0.3432
vt 0.6114 0.3719
vt 0.6629 0.3704
vt 0.6629 0.3607
vt 0.6218 0.3437
vt 0.6749 0.3709
vt 0.6137 0.3946
vt 0.6212 0.3985
vt 0.6307 0.4003
vt 0.7931 0.3224
vt 0.7821 0.2858
vt 0.7636 0.2550
vt 0.7352 0.2269
vt 0.7660 0.4704
vt 0.7844 0.4442
vt 0.7948 0.4159
vt 0.7997 0.3838
vt 0.6944 0.2028
vt 0.6432 0.1866
vt 0.5871 0.1828
vt 0.5341 0.1937
vt 0.6973 0.5192
vt 0.7376 0.4960
vt 0.5920 0.5416
vt 0.6470 0.5359
vt 0.7987 0.3656
vt 0.4825 0.2616
vt 0.4707 0.2974
vt 0.4663 0.3345
vt 0.4658 0.3716
vt 0.4677 0.4079
vt 0.4732 0.4428
vt 0.4854 0.4748
vt 0.5090 0.5024
vt 0.5061 0.2295
vt 0.5466 0.5215
vt 0.7844 0.3323
vt 0.7756 0.3004
vt 0.7601 0.2698
vt 0.7343 0.2405
vt 0.7601 0.4584
vt 0.7764 0.4326
vt 0.7854 0.4077
vt 0.7905 0.3827
vt 0.6959 0.2151
vt 0.6468 0.1984
vt 0.5932 0.1950
vt 0.5442 0.2061
vt 0.6953 0.5083
vt 0.7337 0.4846
vt 0.5946 0.5294
vt 0.6470 0.5246
vt 0.7896 0.3657
vt 0.5167 0.2391
vt 0.4940 0.2683
vt 0.5253 0.2468
vt 0.5037 0.2740
vt 0.4820 0.3011
vt 0.5328 0.2538
vt 0.5123 0.2794
vt 0.4919 0.3048
vt 0.5395 0.2605
vt 0.5203 0.2846
vt 0.5011 0.3084
vt 0.5460 0.2668
vt 0.5279 0.2895
vt 0.5097 0.3118
vt 0.5522 0.2731
vt 0.5353 0.2943
vt 0.5179 0.3150
vt 0.5585 0.2794
vt 0.5427 0.2991
vt 0.5260 0.3182
vt 0.5647 0.2857
vt 0.5501 0.3040
vt 0.5340 0.3214
vt 0.5708 0.2919
vt 0.5574 0.3088
vt 0.5420 0.3246
vt 0.5767 0.2980
vt 0.5644 0.3134
vt 0.5498 0.3278
vt 0.5823 0.3037
vt 0.5710 0.3179
vt 0.5575 0.3309
vt 0.5875 0.3091
vt 0.5772 0.3220
vt 0.5646 0.3339
vt 0.5924 0.3142
vt 0.5830 0.3259
vt 0.5714 0.3366
vt 0.5970 0.3190
vt 0.5885 0.3296
vt 0.5777 0.3392
vt 0.6014 0.3236
vt 0.5937 0.3331
vt 0.5836 0.3417
vt 0.6056 0.3280
vt 0.5987 0.3365
vt 0.5892 0.3440
vt 0.6097 0.3321
vt 0.6035 0.3396
vt 0.5947 0.3462
vt 0.5997 0.3482
vt 0.4772 0.3359
vt 0.4765 0.3709
vt 0.4871 0.3375
vt 0.4864 0.3705
vt 0.4965 0.3392
vt 0.4959 0.3702
vt 0.5053 0.3407
vt 0.5047 0.3699
vt 0.5137 0.3422
vt 0.5131 0.3696
vt 0.5220 0.3437
vt 0.5214 0.3693
vt 0.5302 0.3451
vt 0.5296 0.3690
vt 0.5384 0.3466
vt 0.5379 0.3687
vt 0.5465 0.3481
vt 0.5460 0.3685
vt 0.5544 0.3495
vt 0.5539 0.3682
vt 0.5618 0.3509
vt 0.5613 0.3679
vt 0.5688 0.3521
vt 0.5683 0.3677
vt 0.5752 0.3533
vt 0.5748 0.3675
vt 0.5814 0.3544
vt 0.5810 0.3673
vt 0.5872 0.3555
vt 0.5868 0.3671
vt 0.5927 0.3564
vt 0.5923 0.3668
vt 0.5979 0.3573
vt 0.5975 0.3666
vt 0.4786 0.4052
vt 0.4884 0.4028
vt 0.4844 0.4378
vt 0.4978 0.4005
vt 0.4941 0.4334
vt 0.5065 0.3984
vt 0.5032 0.4293
vt 0.5149 0.3963
vt 0.5117 0.4254
vt 0.5230 0.3943
vt 0.5198 0.4217
vt 0.5312 0.3923
vt 0.5277 0.4181
vt 0.5394 0.3903
vt 0.5356 0.4145
vt 0.5474 0.3883
vt 0.5435 0.4108
vt 0.5552 0.3864
vt 0.5513 0.4072
vt 0.5625 0.3846
vt 0.5587 0.4038
vt 0.5694 0.3829
vt 0.5658 0.4005
vt 0.5758 0.3813
vt 0.5725 0.3974
vt 0.5819 0.3798
vt 0.5787 0.3944
vt 0.5876 0.3783
vt 0.5845 0.3917
vt 0.5931 0.3769
vt 0.5900 0.3891
vt 0.5983 0.3756
vt 0.5953 0.3866
vt 0.6003 0.3842
vt 0.4966 0.4671
vt 0.5189 0.4922
vt 0.5060 0.4609
vt 0.5272 0.4842
vt 0.5145 0.4552
vt 0.5346 0.4772
vt 0.5224 0.4498
vt 0.5412 0.4705
vt 0.5299 0.4446
vt 0.5476 0.4641
vt 0.5372 0.4395
vt 0.5537 0.4578
vt 0.5445 0.4345
vt 0.5599 0.4515
vt 0.5517 0.4294
vt 0.5660 0.4451
vt 0.5589 0.4243
vt 0.5720 0.4389
vt 0.5658 0.4194
vt 0.5778 0.4328
vt 0.5723 0.4148
vt 0.5833 0.4270
vt 0.5784 0.4104
vt 0.5884 0.4216
vt 0.5841 0.4063
vt 0.5932 0.4165
vt 0.5894 0.4025
vt 0.5977 0.4117
vt 0.5945 0.3988
vt 0.6020 0.4071
vt 0.5995 0.3953
vt 0.6062 0.4026
vt 0.6041 0.3919
vt 0.6102 0.3984
vt 0.5524 0.2175
vt 0.5589 0.2267
vt 0.5644 0.2349
vt 0.5691 0.2427
vt 0.5737 0.2502
vt 0.5781 0.2575
vt 0.5825 0.2648
vt 0.5869 0.2722
vt 0.5912 0.2795
vt 0.5954 0.2866
vt 0.5993 0.2933
vt 0.6029 0.2997
vt 0.6064 0.3056
vt 0.6096 0.3112
vt 0.6127 0.3166
vt 0.6157 0.3218
vt 0.6185 0.3267
vt 0.6210 0.3311
vt 0.5537 0.5099
vt 0.5599 0.5007
vt 0.5653 0.4928
vt 0.5700 0.4851
vt 0.5745 0.4779
vt 0.5789 0.4707
vt 0.5832 0.4635
vt 0.5876 0.4563
vt 0.5918 0.4492
vt 0.5959 0.4423
vt 0.5998 0.4357
vt 0.6034 0.4295
vt 0.6068 0.4237
vt 0.6100 0.4182
vt 0.6131 0.4129
vt 0.6160 0.4078
vt 0.6188 0.4030
vt 0.7804 0.3658
vt 0.7754 0.3373
vt 0.7723 0.3659
vt 0.7672 0.3397
vt 0.7676 0.3088
vt 0.7641 0.3660
vt 0.7595 0.3413
vt 0.7600 0.3133
vt 0.7560 0.3660
vt 0.7521 0.3429
vt 0.7528 0.3165
vt 0.7488 0.3661
vt 0.7452 0.3443
vt 0.7459 0.3195
vt 0.7426 0.3661
vt 0.7384 0.3458
vt 0.7394 0.3225
vt 0.7350 0.3661
vt 0.7316 0.3472
vt 0.7330 0.3253
vt 0.7279 0.3661
vt 0.7248 0.3486
vt 0.7266 0.3281
vt 0.7209 0.3661
vt 0.7181 0.3500
vt 0.7202 0.3310
vt 0.7140 0.3661
vt 0.7116 0.3513
vt 0.7139 0.3337
vt 0.7075 0.3661
vt 0.7053 0.3526
vt 0.7077 0.3364
vt 0.7008 0.3660
vt 0.6994 0.3538
vt 0.7019 0.3390
vt 0.6957 0.3660
vt 0.6940 0.3549
vt 0.6963 0.3413
vt 0.6903 0.3660
vt 0.6890 0.3559
vt 0.6912 0.3436
vt 0.6856 0.3659
vt 0.6846 0.3570
vt 0.6864 0.3457
vt 0.6831 0.3671
vt 0.6807 0.3582
vt 0.6820 0.3477
vt 0.6794 0.3673
vt 0.6768 0.3593
vt 0.6778 0.3496
vt 0.6738 0.3513
vt 0.7540 0.2800
vt 0.7304 0.2515
vt 0.7474 0.2863
vt 0.7255 0.2593
vt 0.7410 0.2911
vt 0.7204 0.2657
vt 0.7350 0.2956
vt 0.7156 0.2718
vt 0.7291 0.3000
vt 0.7109 0.2775
vt 0.7234 0.3043
vt 0.7064 0.2832
vt 0.7176 0.3085
vt 0.7018 0.2889
vt 0.7119 0.3128
vt 0.6972 0.2946
vt 0.7062 0.3170
vt 0.6927 0.3002
vt 0.7007 0.3210
vt 0.6883 0.3056
vt 0.6955 0.3249
vt 0.6841 0.3108
vt 0.6906 0.3285
vt 0.6802 0.3156
vt 0.6859 0.3319
vt 0.6765 0.3202
vt 0.6816 0.3350
vt 0.6729 0.3244
vt 0.6774 0.3380
vt 0.6695 0.3285
vt 0.6734 0.3408
vt 0.6661 0.3323
vt 0.6695 0.3434
vt 0.6628 0.3358
vt 0.7287 0.4746
vt 0.7532 0.4492
vt 0.7237 0.4672
vt 0.7465 0.4432
vt 0.7679 0.4250
vt 0.7187 0.4611
vt 0.7402 0.4385
vt 0.7602 0.4205
vt 0.7139 0.4554
vt 0.7342 0.4341
vt 0.7530 0.4172
vt 0.7094 0.4499
vt 0.7284 0.4299
vt 0.7461 0.4140
vt 0.7049 0.4444
vt 0.7227 0.4257
vt 0.7396 0.4110
vt 0.7005 0.4390
vt 0.7170 0.4215
vt 0.7332 0.4080
vt 0.6960 0.4336
vt 0.7113 0.4174
vt 0.7267 0.4050
vt 0.6916 0.4282
vt 0.7057 0.4132
vt 0.7204 0.4021
vt 0.6873 0.4230
vt 0.7003 0.4093
vt 0.7140 0.3991
vt 0.6832 0.4181
vt 0.6951 0.4055
vt 0.7079 0.3963
vt 0.6793 0.4134
vt 0.6902 0.4019
vt 0.7020 0.3937
vt 0.6757 0.4091
vt 0.6856 0.3986
vt 0.6965 0.3911
vt 0.6722 0.4050
vt 0.6812 0.3955
vt 0.6913 0.3888
vt 0.6689 0.4011
vt 0.6771 0.3926
vt 0.6865 0.3866
vt 0.6656 0.3974
vt 0.6731 0.3899
vt 0.6821 0.3846
vt 0.6624 0.3940
vt 0.6693 0.3874
vt 0.6779 0.3827
vt 0.6738 0.3811
vt 0.7762 0.4028
vt 0.7812 0.3816
vt 0.7680 0.4000
vt 0.7731 0.3806
vt 0.7602 0.3979
vt 0.7649 0.3797
vt 0.7528 0.3959
vt 0.7568 0.3787
vt 0.7458 0.3939
vt 0.7496 0.3779
vt 0.7391 0.3921
vt 0.7433 0.3772
vt 0.7322 0.3902
vt 0.7357 0.3763
vt 0.7254 0.3883
vt 0.7285 0.3755
vt 0.7186 0.3865
vt 0.7215 0.3747
vt 0.7121 0.3848
vt 0.7145 0.3739
vt 0.7058 0.3831
vt 0.7080 0.3732
vt 0.6998 0.3815
vt 0.7013 0.3725
vt 0.6944 0.3800
vt 0.6962 0.3719
vt 0.6894 0.3786
vt 0.6907 0.3713
vt 0.6849 0.3774
vt 0.6860 0.3707
vt 0.6809 0.3762
vt 0.6833 0.3699
vt 0.6769 0.3754
vt 0.6794 0.3698
vt 0.6947 0.2266
vt 0.6921 0.2356
vt 0.6487 0.2104
vt 0.6890 0.2434
vt 0.6490 0.2201
vt 0.6860 0.2508
vt 0.6486 0.2288
vt 0.6832 0.2578
vt 0.6481 0.2370
vt 0.6804 0.2647
vt 0.6477 0.2448
vt 0.6776 0.2716
vt 0.6472 0.2525
vt 0.6748 0.2785
vt 0.6467 0.2602
vt 0.6721 0.2854
vt 0.6462 0.2680
vt 0.6694 0.2920
vt 0.6457 0.2756
vt 0.6668 0.2983
vt 0.6452 0.2831
vt 0.6644 0.3043
vt 0.6447 0.2901
vt 0.6621 0.3098
vt 0.6443 0.2968
vt 0.6599 0.3151
vt 0.6438 0.3030
vt 0.6577 0.3201
vt 0.6434 0.3089
vt 0.6556 0.3249
vt 0.6430 0.3146
vt 0.6534 0.3293
vt 0.6424 0.3200
vt 0.6419 0.3251
vt 0.5983 0.2071
vt 0.6019 0.2170
vt 0.6045 0.2258
vt 0.6068 0.2341
vt 0.6089 0.2421
vt 0.6110 0.2500
vt 0.6131 0.2579
vt 0.6151 0.2658
vt 0.6171 0.2736
vt 0.6190 0.2812
vt 0.6208 0.2884
vt 0.6225 0.2952
vt 0.6241 0.3015
vt 0.6256 0.3076
vt 0.6271 0.3134
vt 0.6284 0.3190
vt 0.6297 0.3242
vt 0.6475 0.5133
vt 0.6928 0.4976
vt 0.6476 0.5040
vt 0.6900 0.4891
vt 0.6473 0.4958
vt 0.6871 0.4817
vt 0.6469 0.4880
vt 0.6842 0.4747
vt 0.6465 0.4805
vt 0.6815 0.4681
vt 0.6461 0.4732
vt 0.6788 0.4615
vt 0.6457 0.4659
vt 0.6761 0.4550
vt 0.6453 0.4585
vt 0.6735 0.4484
vt 0.6448 0.4512
vt 0.6708 0.4419
vt 0.6444 0.4441
vt 0.6682 0.4356
vt 0.6440 0.4374
vt 0.6657 0.4296
vt 0.6436 0.4311
vt 0.6634 0.4239
vt 0.6432 0.4252
vt 0.6612 0.4186
vt 0.6428 0.4195
vt 0.6591 0.4136
vt 0.6425 0.4141
vt 0.6570 0.4088
vt 0.6420 0.4088
vt 0.6549 0.4042
vt 0.6415 0.4039
vt 0.6529 0.3999
vt 0.5984 0.5175
vt 0.6017 0.5080
vt 0.6043 0.4996
vt 0.6066 0.4916
vt 0.6087 0.4839
vt 0.6108 0.4764
vt 0.6129 0.4688
vt 0.6149 0.4612
vt 0.6170 0.4537
vt 0.6189 0.4464
vt 0.6207 0.4395
vt 0.6224 0.4330
vt 0.6240 0.4269
vt 0.6255 0.4211
vt 0.6270 0.4155
vt 0.6283 0.4101
vt 0.6296 0.4049
vt 0.6307 0.4003
vt 0.9138 0.8264
vt 0.9138 0.7788
vt 0.9029 0.7788
vt 0.9029 0.8264
vt 0.9138 0.8264
vt 0.9138 0.8597
vt 0.9246 0.8597
vt 0.9246 0.8264
vt 0.9845 0.8264
vt 0.9951 0.8264
vt 0.9951 0.7788
vt 0.9845 0.7788
vt 0.9723 0.8264
vt 0.9723 0.8597
vt 0.9845 0.8597
vt 0.6426 0.8264
vt 0.6426 0.8597
vt 0.6512 0.8597
vt 0.6512 0.8264
vt 0.6342 0.8264
vt 0.6342 0.8597
vt 0.6604 0.8264
vt 0.6604 0.7788
vt 0.6512 0.7788
vt 0.6512 0.8264
vt 0.6604 0.8264
vt 0.6604 0.8597
vt 0.6702 0.8597
vt 0.6702 0.8264
vt 0.8901 0.7788
vt 0.8901 0.8264
vt 0.9029 0.8597
vt 0.6702 0.7788
vt 0.6803 0.8597
vt 0.6803 0.8264
vt 0.5388 0.8264
vt 0.5474 0.8264
vt 0.5474 0.7788
vt 0.5388 0.7788
vt 0.9246 0.7788
vt 0.9355 0.8264
vt 0.9355 0.7788
vt 0.6426 0.7788
vt 0.7954 0.8264
vt 0.7954 0.7788
vt 0.7828 0.7788
vt 0.7828 0.8264
vt 0.7954 0.8264
vt 0.7954 0.8597
vt 0.8081 0.8597
vt 0.8081 0.8264
vt 0.8208 0.8264
vt 0.8208 0.7788
vt 0.8081 0.7788
vt 0.8081 0.8264
vt 0.8208 0.8264
vt 0.8208 0.8597
vt 0.8339 0.8597
vt 0.8339 0.8264
vt 0.7469 0.8264
vt 0.7469 0.7788
vt 0.7342 0.7788
vt 0.7342 0.8264
vt 0.7469 0.8264
vt 0.7469 0.8597
vt 0.7581 0.8597
vt 0.7581 0.8264
vt 0.7711 0.8264
vt 0.7711 0.7788
vt 0.7581 0.7788
vt 0.7581 0.8264
vt 0.7711 0.8264
vt 0.7711 0.8597
vt 0.7828 0.8597
vt 0.7828 0.8264
vt 0.8461 0.8264
vt 0.8461 0.7788
vt 0.8339 0.7788
vt 0.8339 0.8264
vt 0.8461 0.8264
vt 0.8461 0.8597
vt 0.8619 0.8597
vt 0.8619 0.8264
vt 0.8766 0.8264
vt 0.8766 0.7788
vt 0.8619 0.7788
vt 0.8619 0.8264
vt 0.8766 0.8264
vt 0.8766 0.8597
vt 0.8901 0.8597
vt 0.8901 0.8264
vt 0.7211 0.8264
vt 0.7211 0.7788
vt 0.7058 0.7788
vt 0.7058 0.8264
vt 0.7211 0.8264
vt 0.7211 0.8597
vt 0.7342 0.8597
vt 0.7342 0.8264
vt 0.6923 0.8264
vt 0.6923 0.7788
vt 0.6803 0.7788
vt 0.6803 0.8264
vt 0.6923 0.8264
vt 0.6923 0.8597
vt 0.7058 0.8597
vt 0.7058 0.8264
vt 0.9138 0.7545
vt 0.9029 0.7545
vt 0.9723 0.7788
vt 0.6342 0.7788
vt 0.6604 0.7545
vt 0.6512 0.7545
vt 0.8901 0.7545
vt 0.6702 0.7545
vt 0.5204 0.7788
vt 0.5204 0.8264
vt 0.5474 0.7545
vt 0.5388 0.7545
vt 0.9246 0.7545
vt 0.9355 0.7545
vt 0.6426 0.7545
vt 0.7954 0.7545
vt 0.7828 0.7545
vt 0.8208 0.7545
vt 0.8081 0.7545
vt 0.7469 0.7545
vt 0.7342 0.7545
vt 0.7711 0.7545
vt 0.7581 0.7545
vt 0.8461 0.7545
vt 0.8339 0.7545
vt 0.8766 0.7545
vt 0.8619 0.7545
vt 0.7211 0.7545
vt 0.7058 0.7545
vt 0.6923 0.7545
vt 0.6803 0.7545
vt 0.9138 0.7181
vt 0.9246 0.7181
vt 0.9845 0.7181
vt 0.9723 0.7181
vt 0.9723 0.7545
vt 0.9845 0.7545
vt 0.6426 0.7181
vt 0.6512 0.7181
vt 0.6342 0.7181
vt 0.6342 0.7545
vt 0.6604 0.7181
vt 0.6702 0.7181
vt 0.9029 0.7181
vt 0.6803 0.7181
vt 0.5388 0.8597
vt 0.5474 0.8597
vt 0.9355 0.8597
vt 0.7954 0.7181
vt 0.8081 0.7181
vt 0.8208 0.7181
vt 0.8339 0.7181
vt 0.7469 0.7181
vt 0.7581 0.7181
vt 0.7711 0.7181
vt 0.7828 0.7181
vt 0.8461 0.7181
vt 0.8619 0.7181
vt 0.8766 0.7181
vt 0.8901 0.7181
vt 0.7211 0.7181
vt 0.7342 0.7181
vt 0.6923 0.7181
vt 0.7058 0.7181
vt 0.5474 0.7181
vt 0.5388 0.7181
vt 0.9355 0.7181
vt 0.6258 0.8264
vt 0.6258 0.7788
vt 0.6258 0.8264
vt 0.6180 0.8264
vt 0.6180 0.8597
vt 0.6258 0.8597
vt 0.5806 0.8264
vt 0.5806 0.7788
vt 0.5726 0.7788
vt 0.5726 0.8264
vt 0.5885 0.8264
vt 0.5885 0.7788
vt 0.5646 0.7788
vt 0.5646 0.8264
vt 0.5726 0.8597
vt 0.5806 0.8597
vt 0.5560 0.7788
vt 0.5560 0.8264
vt 0.5646 0.8597
vt 0.5560 0.8597
vt 0.6258 0.7545
vt 0.6180 0.7788
vt 0.5806 0.7545
vt 0.5726 0.7545
vt 0.5885 0.7545
vt 0.5646 0.7545
vt 0.5560 0.7545
vt 0.5560 0.7181
vt 0.5646 0.7181
vt 0.5726 0.7181
vt 0.5806 0.7181
vt 0.5885 0.8597
vt 0.6258 0.7181
vt 0.6180 0.7181
vt 0.6180 0.7545
vt 0.6258 0.7545
vt 0.5885 0.7181
vt 0.9599 0.7788
vt 0.9599 0.8264
vt 0.9473 0.7788
vt 0.9473 0.8264
vt 0.9599 0.8597
vt 0.9473 0.8597
vt 0.9599 0.7545
vt 0.9473 0.7545
vt 0.9473 0.7181
vt 0.9599 0.7181
vt 0.6109 0.8264
vt 0.6109 0.7788
vt 0.6036 0.7788
vt 0.6036 0.8264
vt 0.5961 0.7788
vt 0.5961 0.8264
vt 0.6036 0.8597
vt 0.6109 0.8597
vt 0.5961 0.8597
vt 0.6109 0.7545
vt 0.6036 0.7545
vt 0.5961 0.7545
vt 0.5961 0.7181
vt 0.6036 0.7181
vt 0.6109 0.7181
vt 0.9138 0.8264
vt 0.9138 0.7788
vt 0.9246 0.7788
vt 0.9246 0.8264
vt 0.9138 0.8264
vt 0.9138 0.8597
vt 0.9029 0.8597
vt 0.9029 0.8264
vt 0.9845 0.8264
vt 0.9723 0.8264
vt 0.9723 0.7788
vt 0.9845 0.7788
vt 0.6426 0.8264
vt 0.6426 0.7788
vt 0.6512 0.7788
vt 0.6512 0.8264
vt 0.6342 0.8264
vt 0.6342 0.7788
vt 0.6604 0.8264
vt 0.6604 0.7788
vt 0.6702 0.7788
vt 0.6702 0.8264
vt 0.6604 0.8264
vt 0.6604 0.8597
vt 0.6512 0.8597
vt 0.6512 0.8264
vt 0.9029 0.7788
vt 0.8901 0.8597
vt 0.8901 0.8264
vt 0.6803 0.7788
vt 0.6803 0.8264
vt 0.6702 0.8597
vt 0.5388 0.8264
vt 0.5204 0.8264
vt 0.5204 0.7788
vt 0.5388 0.7788
vt 0.5474 0.8264
vt 0.5474 0.8597
vt 0.5388 0.8597
vt 0.9246 0.8597
vt 0.9355 0.8264
vt 0.9355 0.8597
vt 0.6426 0.8597
vt 0.7954 0.8264
vt 0.7954 0.7788
vt 0.8081 0.7788
vt 0.8081 0.8264
vt 0.7954 0.8264
vt 0.7954 0.8597
vt 0.7828 0.8597
vt 0.7828 0.8264
vt 0.8208 0.8264
vt 0.8208 0.7788
vt 0.8339 0.7788
vt 0.8339 0.8264
vt 0.8208 0.8264
vt 0.8208 0.8597
vt 0.8081 0.8597
vt 0.8081 0.8264
vt 0.7469 0.8264
vt 0.7469 0.7788
vt 0.7581 0.7788
vt 0.7581 0.8264
vt 0.7469 0.8264
vt 0.7469 0.8597
vt 0.7342 0.8597
vt 0.7342 0.8264
vt 0.7711 0.8264
vt 0.7711 0.7788
vt 0.7828 0.7788
vt 0.7828 0.8264
vt 0.7711 0.8264
vt 0.7711 0.8597
vt 0.7581 0.8597
vt 0.7581 0.8264
vt 0.8461 0.8264
vt 0.8461 0.7788
vt 0.8619 0.7788
vt 0.8619 0.8264
vt 0.8461 0.8264
vt 0.8461 0.8597
vt 0.8339 0.8597
vt 0.8339 0.8264
vt 0.8766 0.8264
vt 0.8766 0.7788
vt 0.8901 0.7788
vt 0.8901 0.8264
vt 0.8766 0.8264
vt 0.8766 0.8597
vt 0.8619 0.8597
vt 0.8619 0.8264
vt 0.7211 0.8264
vt 0.7211 0.7788
vt 0.7342 0.7788
vt 0.7342 0.8264
vt 0.7211 0.8264
vt 0.7211 0.8597
vt 0.7058 0.8597
vt 0.7058 0.8264
vt 0.6923 0.8264
vt 0.6923 0.7788
vt 0.7058 0.7788
vt 0.7058 0.8264
vt 0.6923 0.8264
vt 0.6923 0.8597
vt 0.6803 0.8597
vt 0.6803 0.8264
vt 0.9138 0.7545
vt 0.9246 0.7545
vt 0.9951 0.7788
vt 0.9951 0.8264
vt 0.9723 0.7545
vt 0.9845 0.7545
vt 0.6426 0.7545
vt 0.6512 0.7545
vt 0.6342 0.7545
vt 0.6604 0.7545
vt 0.6702 0.7545
vt 0.9029 0.7545
vt 0.6803 0.7545
vt 0.5474 0.7788
vt 0.9355 0.7788
vt 0.7954 0.7545
vt 0.8081 0.7545
vt 0.8208 0.7545
vt 0.8339 0.7545
vt 0.7469 0.7545
vt 0.7581 0.7545
vt 0.7711 0.7545
vt 0.7828 0.7545
vt 0.8461 0.7545
vt 0.8619 0.7545
vt 0.8766 0.7545
vt 0.8901 0.7545
vt 0.7211 0.7545
vt 0.7342 0.7545
vt 0.6923 0.7545
vt 0.7058 0.7545
vt 0.9138 0.7181
vt 0.9029 0.7181
vt 0.9845 0.8597
vt 0.9723 0.8597
vt 0.6342 0.8597
vt 0.6604 0.7181
vt 0.6512 0.7181
vt 0.8901 0.7181
vt 0.6702 0.7181
vt 0.5388 0.7181
vt 0.5474 0.7181
vt 0.5474 0.7545
vt 0.5388 0.7545
vt 0.9246 0.7181
vt 0.9355 0.7181
vt 0.9355 0.7545
vt 0.6426 0.7181
vt 0.7954 0.7181
vt 0.7828 0.7181
vt 0.8208 0.7181
vt 0.8081 0.7181
vt 0.7469 0.7181
vt 0.7342 0.7181
vt 0.7711 0.7181
vt 0.7581 0.7181
vt 0.8461 0.7181
vt 0.8339 0.7181
vt 0.8766 0.7181
vt 0.8619 0.7181
vt 0.7211 0.7181
vt 0.7058 0.7181
vt 0.6923 0.7181
vt 0.6803 0.7181
vt 0.9723 0.7181
vt 0.9845 0.7181
vt 0.6342 0.7181
vt 0.6258 0.8264
vt 0.6258 0.8597
vt 0.6258 0.8264
vt 0.6180 0.8264
vt 0.6180 0.7788
vt 0.6258 0.7788
vt 0.5806 0.8264
vt 0.5806 0.8597
vt 0.5726 0.8597
vt 0.5726 0.8264
vt 0.5885 0.8264
vt 0.5885 0.8597
vt 0.5726 0.7788
vt 0.5806 0.7788
vt 0.5646 0.8597
vt 0.5646 0.8264
vt 0.5646 0.7788
vt 0.5560 0.8597
vt 0.5560 0.8264
vt 0.5560 0.7788
vt 0.6180 0.7545
vt 0.6258 0.7545
vt 0.5885 0.7788
vt 0.5726 0.7545
vt 0.5806 0.7545
vt 0.5646 0.7545
vt 0.5560 0.7545
vt 0.5560 0.7181
vt 0.5646 0.7181
vt 0.5726 0.7181
vt 0.5806 0.7181
vt 0.5885 0.7181
vt 0.5885 0.7545
vt 0.6258 0.7181
vt 0.6258 0.7545
vt 0.6180 0.8597
vt 0.6180 0.7181
vt 0.9599 0.8597
vt 0.9599 0.8264
vt 0.9599 0.7788
vt 0.9473 0.8597
vt 0.9473 0.8264
vt 0.9473 0.7788
vt 0.9599 0.7545
vt 0.9473 0.7545
vt 0.9473 0.7181
vt 0.9599 0.7181
vt 0.6109 0.8264
vt 0.6109 0.8597
vt 0.6036 0.8597
vt 0.6036 0.8264
vt 0.6036 0.7788
vt 0.6109 0.7788
vt 0.5961 0.8597
vt 0.5961 0.8264
vt 0.5961 0.7788
vt 0.6036 0.7545
vt 0.6109 0.7545
vt 0.5961 0.7545
vt 0.5961 0.7181
vt 0.6036 0.7181
vt 0.6109 0.7181
f 1/1 229/2 591/3 207/4
f 1/1 237/5 603/6 229/2
f 2/7 217/8 551/9 191/10
f 2/7 237/11 597/12 217/8
f 3/13 222/14 587/15 208/16
f 3/13 238/17 599/18 222/14
f 4/19 230/20 571/21 192/22
f 4/19 238/23 603/24 230/20
f 5/25 231/26 572/27 193/28
f 5/25 239/29 604/30 231/26
f 6/31 220/32 586/33 209/34
f 6/31 239/35 598/36 220/32
f 7/37 223/38 558/39 194/40
f 7/37 240/41 600/42 223/38
f 8/43 232/44 592/45 210/46
f 8/43 240/47 604/48 232/44
f 9/49 214/50 583/51 211/52
f 9/49 241/53 595/54 214/50
f 10/55 234/56 579/57 203/58
f 10/55 241/59 605/60 234/56
f 11/61 215/62 550/63 204/64
f 11/61 242/65 596/66 215/62
f 12/67 236/68 594/69 212/70
f 12/67 242/71 606/72 236/68
f 13/73 260/74 567/75 183/76
f 13/73 267/77 615/78 260/74
f 14/79 248/80 585/81 207/82
f 14/79 267/83 609/84 248/80
f 15/85 251/86 553/87 184/88
f 15/85 268/89 611/90 251/86
f 16/91 259/92 591/93 208/94
f 16/91 268/95 615/96 259/92
f 17/97 262/98 592/99 209/100
f 17/97 269/101 616/102 262/98
f 18/103 249/104 547/105 187/106
f 18/103 269/107 610/108 249/104
f 19/109 254/110 588/111 210/112
f 19/109 270/113 612/114 254/110
f 20/115 261/116 569/117 188/118
f 20/115 270/119 616/120 261/116
f 21/121 243/122 542/123 199/124
f 21/121 271/125 607/126 243/122
f 22/127 264/128 593/129 211/130
f 22/127 271/131 617/132 264/128
f 23/133 246/134 584/135 212/136
f 23/133 272/137 608/138 246/134
f 24/139 265/140 577/141 201/142
f 24/139 272/143 618/144 265/140
f 25/145 278/146 568/147 186/148
f 25/145 282/149 624/150 278/146
f 26/151 276/152 556/153 190/154
f 26/151 283/155 622/156 276/152
f 27/157 280/158 576/159 200/160
f 27/157 284/161 626/162 280/158
f 28/163 274/164 544/165 202/166
f 28/163 285/167 620/168 274/164
f 29/169 299/170 571/171 191/172
f 29/169 307/173 636/174 299/170
f 30/175 292/176 557/177 192/178
f 30/175 308/179 632/180 292/176
f 31/181 300/182 624/150 282/149
f 31/181 308/183 636/184 300/182
f 32/185 291/186 552/187 193/188
f 32/185 309/189 730/190 291/186
f 33/191 295/192 622/156 283/155
f 33/191 310/193 633/194 295/192
f 34/195 301/196 572/197 194/198
f 34/195 310/199 637/200 301/196
f 35/201 304/202 626/162 284/161
f 35/201 311/203 638/204 304/202
f 36/205 286/206 549/207 203/208
f 36/205 311/209 628/210 286/206
f 37/211 289/212 620/168 285/167
f 37/211 312/213 629/214 289/212
f 38/215 305/216 580/217 204/218
f 38/215 312/219 639/220 305/216
f 39/221 330/222 573/223 195/224
f 39/221 355/225 648/226 330/222
f 40/227 317/228 546/229 183/230
f 40/227 355/231 642/232 317/228
f 41/233 326/234 565/235 196/236
f 41/233 356/237 646/238 326/234
f 42/239 329/240 567/241 184/242
f 42/239 356/243 648/244 329/240
f 43/245 332/246 574/247 198/248
f 43/245 357/249 649/250 332/246
f 44/251 327/252 554/253 186/254
f 44/251 357/255 647/256 327/252
f 45/257 718/258 728/259 197/260
f 46/261 331/262 568/263 185/264
f 46/261 358/265 649/266 331/262
f 46/261 719/267 731/268 358/265
f 47/269 314/270 559/271 205/272
f 47/269 359/273 640/274 314/270
f 48/275 333/276 575/277 199/278
f 48/275 359/279 650/280 333/276
f 49/281 315/282 541/283 200/284
f 49/281 360/285 641/286 315/282
f 50/287 336/288 582/289 206/290
f 50/287 360/291 651/292 336/288
f 51/293 342/294 601/295 226/296
f 51/293 361/297 654/298 342/294
f 52/299 337/300 583/301 214/302
f 52/299 361/303 652/304 337/300
f 53/305 322/306 563/307 225/308
f 53/305 362/309 644/310 322/306
f 54/311 341/312 595/313 213/314
f 54/311 362/315 654/316 341/312
f 55/317 343/318 597/319 218/320
f 55/317 363/321 655/322 343/318
f 56/323 340/324 590/325 227/326
f 56/323 363/327 653/328 340/324
f 57/329 323/330 551/9 217/8
f 57/329 364/331 645/332 323/330
f 58/333 344/334 602/335 228/336
f 58/333 364/337 655/338 344/334
f 59/339 346/340 613/341 255/342
f 59/339 365/343 656/344 346/340
f 60/345 313/346 542/347 243/348
f 60/345 365/349 640/350 313/346
f 61/351 338/352 589/353 256/354
f 61/351 366/355 652/356 338/352
f 62/357 345/358 607/359 244/360
f 62/357 366/361 656/362 345/358
f 63/363 347/364 609/365 247/366
f 63/363 367/367 657/368 347/364
f 64/369 318/370 561/371 258/372
f 64/369 367/373 642/374 318/370
f 65/375 339/376 585/81 248/80
f 65/375 368/377 653/378 339/376
f 66/379 348/380 614/381 257/382
f 66/379 368/383 657/384 348/380
f 67/385 349/386 619/387 273/388
f 67/385 369/389 658/390 349/386
f 68/391 316/392 560/393 277/394
f 68/391 369/395 641/396 316/392
f 69/397 352/398 634/399 296/400
f 69/397 370/401 659/402 352/398
f 70/403 321/404 549/405 286/406
f 70/403 370/407 644/408 321/404
f 71/409 350/410 623/411 297/412
f 71/409 371/413 658/414 350/410
f 72/415 351/416 628/417 287/418
f 72/415 371/419 659/420 351/416
f 73/421 735/422 739/423 290/424
f 74/425 324/426 564/427 298/428
f 74/425 372/429 645/430 324/426
f 74/425 736/431 742/432 372/429
f 75/433 389/434 569/435 187/436
f 75/433 415/437 669/438 389/434
f 76/439 378/440 561/441 195/442
f 76/439 415/443 663/444 378/440
f 77/445 385/446 555/447 188/448
f 77/445 416/449 667/450 385/446
f 78/451 390/452 573/453 196/454
f 78/451 416/455 669/456 390/452
f 79/457 391/458 570/459 190/460
f 79/457 417/461 670/462 391/458
f 80/463 388/464 566/465 198/466
f 80/463 417/467 668/468 388/464
f 81/469 720/470 727/471 189/472
f 82/473 392/474 574/475 197/476
f 82/473 418/477 670/478 392/474
f 82/473 721/479 732/480 418/477
f 83/481 373/482 543/483 201/484
f 83/481 419/485 661/486 373/482
f 84/487 394/488 581/489 205/490
f 84/487 419/491 671/492 394/488
f 85/493 395/494 578/495 202/496
f 85/493 420/497 672/498 395/494
f 86/499 376/500 560/501 206/502
f 86/499 420/503 662/504 376/500
f 87/505 401/506 596/507 216/508
f 87/505 421/509 675/510 401/506
f 88/511 398/512 589/513 226/514
f 88/511 421/515 673/516 398/512
f 89/517 381/518 550/519 215/520
f 89/517 422/521 665/522 381/518
f 90/523 402/524 601/525 225/526
f 90/523 422/527 675/528 402/524
f 91/529 404/530 602/531 227/532
f 91/529 423/533 676/534 404/530
f 92/535 399/536 586/33 220/32
f 92/535 423/537 674/538 399/536
f 93/539 384/540 564/541 228/542
f 93/539 424/543 666/544 384/540
f 94/545 403/546 598/547 219/548
f 94/545 424/549 676/550 403/546
f 95/551 405/552 608/553 245/554
f 95/551 425/555 677/556 405/552
f 96/557 374/558 559/559 255/560
f 96/557 425/561 661/562 374/558
f 97/563 397/564 584/565 246/566
f 97/563 426/567 673/568 397/564
f 98/569 406/570 613/571 256/572
f 98/569 426/573 677/574 406/570
f 99/575 408/576 614/577 258/578
f 99/575 427/579 678/580 408/576
f 100/581 377/582 547/105 249/104
f 100/581 427/583 663/584 377/582
f 101/585 400/586 590/587 257/588
f 101/585 428/589 674/590 400/586
f 102/591 407/592 610/593 250/594
f 102/591 428/595 678/596 407/592
f 103/597 375/598 544/599 274/600
f 103/597 429/601 662/602 375/598
f 104/603 410/604 623/605 277/606
f 104/603 429/607 679/608 410/604
f 105/609 411/610 629/611 288/612
f 105/609 430/613 680/614 411/610
f 106/615 382/616 563/617 296/618
f 106/615 430/619 665/620 382/616
f 107/621 409/622 620/623 289/624
f 107/621 431/625 679/626 409/622
f 108/627 412/628 634/629 297/630
f 108/627 431/631 680/632 412/628
f 109/633 737/634 741/635 298/636
f 110/637 383/638 552/187 291/186
f 110/637 432/639 666/640 383/638
f 110/637 738/641 743/642 432/639
f 111/643 722/644 726/645 185/646
f 112/647 434/648 624/150 300/182
f 112/647 723/649 733/650 434/648
f 113/651 279/652 570/653 189/654
f 113/651 437/655 625/656 279/652
f 113/651 724/657 734/658 437/655
f 114/659 309/660 637/661 302/662
f 114/659 725/663 730/190 309/660
f 115/664 441/665 684/666 440/667
f 115/668 1217/669 1219/670 438/671
f 116/672 441/673 683/674 436/675
f 116/672 442/676 684/666 441/673
f 116/672 443/677 694/678 442/676
f 117/679 444/680 682/681 435/682
f 117/679 445/683 685/684 444/680
f 117/679 1240/685 1243/686 445/683
f 118/687 447/688 545/689 433/690
f 118/687 448/691 695/692 447/688
f 119/693 449/694 635/695 414/696
f 119/693 450/697 690/698 449/694
f 119/693 451/699 686/700 450/697
f 120/701 451/702 681/703 413/704
f 120/701 452/705 686/700 451/702
f 121/706 453/707 664/708 380/709
f 121/706 454/710 687/711 453/707
f 121/706 455/712 693/713 454/710
f 122/714 443/715 548/716 379/717
f 122/714 456/718 694/678 443/715
f 123/719 457/720 660/721 354/722
f 123/719 458/723 688/724 457/720
f 124/725 446/726 630/727 353/728
f 124/725 459/729 692/730 446/726
f 125/731 455/732 562/733 320/734
f 125/731 460/735 693/713 455/732
f 125/731 461/736 689/737 460/735
f 126/738 461/739 643/740 319/741
f 126/738 462/742 689/737 461/739
f 127/743 463/744 689/737 462/742
f 128/745 465/746 693/713 460/735
f 129/747 466/748 692/730 459/729
f 130/749 467/750 688/724 458/723
f 131/751 469/752 694/678 456/718
f 132/753 470/754 687/711 454/710
f 133/755 471/756 686/700 452/705
f 134/757 468/758 690/698 450/697
f 135/759 464/760 695/692 448/691
f 136/761 473/762 685/684 445/683
f 137/763 474/764 684/666 442/676
f 138/765 1218/766 1220/767 440/768
f 139/769 496/770 605/771 233/772
f 139/769 519/773 706/774 496/770
f 140/775 491/776 587/15 222/14
f 140/775 519/777 704/778 491/776
f 141/779 484/780 579/57 234/56
f 141/779 520/781 700/782 484/780
f 142/783 495/784 599/785 221/786
f 142/783 520/787 706/788 495/784
f 143/789 498/790 606/791 235/792
f 143/789 521/793 707/794 498/790
f 144/795 485/796 558/39 223/38
f 144/795 521/797 701/798 485/796
f 145/799 494/800 594/69 236/68
f 145/799 522/801 705/802 494/800
f 146/803 497/804 600/805 224/806
f 146/803 522/807 707/808 497/804
f 147/809 500/810 617/811 263/812
f 147/809 523/813 708/814 500/810
f 148/815 475/816 553/87 251/86
f 148/815 523/817 696/818 475/816
f 149/819 492/820 593/129 264/128
f 149/819 524/821 704/822 492/820
f 150/823 499/824 611/825 252/826
f 150/823 524/827 708/828 499/824
f 151/829 502/830 618/831 266/832
f 151/829 525/833 709/834 502/830
f 152/835 493/836 588/111 254/110
f 152/835 525/837 705/838 493/836
f 153/839 480/840 577/141 265/140
f 153/839 526/841 698/842 480/840
f 154/843 501/844 612/845 253/846
f 154/843 526/847 709/848 501/844
f 155/849 503/850 621/851 275/852
f 155/849 527/853 710/854 503/850
f 156/855 478/856 576/159 280/158
f 156/855 527/857 697/858 478/856
f 157/859 506/860 627/861 281/862
f 157/859 528/863 711/864 506/860
f 158/865 481/866 556/153 276/152
f 158/865 528/867 699/868 481/866
f 159/869 507/870 632/871 293/872
f 159/869 529/873 712/874 507/870
f 160/875 504/876 626/162 304/202
f 160/875 529/877 710/878 504/876
f 161/879 483/880 557/177 292/176
f 161/879 530/881 700/882 483/880
f 162/883 508/884 638/885 303/886
f 162/883 530/887 712/888 508/884
f 163/889 510/890 639/891 306/892
f 163/889 531/893 713/894 510/890
f 164/895 505/896 622/156 295/192
f 164/895 531/897 711/898 505/896
f 165/899 486/900 580/217 305/216
f 165/899 532/901 701/902 486/900
f 166/903 509/904 633/905 294/906
f 166/903 532/907 713/908 509/904
f 167/909 512/910 650/911 334/912
f 167/909 533/913 714/914 512/910
f 168/915 487/916 565/235 326/234
f 168/915 533/917 702/918 487/916
f 169/919 476/920 575/277 333/276
f 169/919 534/921 696/922 476/920
f 170/923 511/924 646/925 325/926
f 170/923 534/927 714/928 511/924
f 171/929 513/930 647/931 328/932
f 171/929 535/933 715/934 513/930
f 172/935 490/936 582/289 336/288
f 172/935 535/937 703/938 490/936
f 173/939 477/940 554/253 327/252
f 173/939 536/941 697/942 477/940
f 174/943 514/944 651/945 335/946
f 174/943 536/947 715/948 514/944
f 175/949 516/950 671/951 393/952
f 175/949 537/953 716/954 516/950
f 176/955 479/956 555/447 385/446
f 176/955 537/957 698/958 479/956
f 177/959 488/960 581/489 394/488
f 177/959 538/961 702/962 488/960
f 178/963 515/964 667/965 386/966
f 178/963 538/967 716/968 515/964
f 179/969 517/970 668/971 387/972
f 179/969 539/973 717/974 517/970
f 180/975 482/976 578/495 395/494
f 180/975 539/977 699/978 482/976
f 181/979 489/980 566/465 388/464
f 181/979 540/981 703/982 489/980
f 182/983 518/984 672/985 396/986
f 182/983 540/987 717/988 518/984
f 183/76 546/229 247/989 13/73
f 183/76 567/75 329/240 40/227
f 184/242 553/87 325/990 42/239
f 184/88 567/241 260/74 15/85
f 185/264 568/263 278/146 111/643
f 185/646 726/645 719/267 46/261
f 186/148 554/253 275/991 25/145
f 186/148 568/147 331/262 44/251
f 187/436 547/105 377/582 75/433
f 187/106 569/435 261/116 18/103
f 188/118 555/447 253/992 20/115
f 188/448 569/117 389/434 77/445
f 189/472 570/653 391/458 81/469
f 189/472 727/471 724/657 113/651
f 190/460 556/153 387/993 79/457
f 190/154 570/459 279/652 26/151
f 191/172 551/9 290/994 29/169
f 191/172 571/171 230/20 2/7
f 192/178 557/177 221/995 4/19
f 192/178 571/21 299/170 30/175
f 193/188 552/187 219/996 5/25
f 193/188 572/27 301/196 32/185
f 194/40 558/39 294/997 34/195
f 194/198 572/197 231/26 7/37
f 195/442 561/441 318/370 39/221
f 195/224 573/223 390/452 76/439
f 196/454 565/235 386/998 78/451
f 196/454 573/453 330/222 41/233
f 197/260 574/247 332/246 45/257
f 197/476 728/999 721/479 82/473
f 198/248 566/1000 328/1001 43/245
f 198/466 574/475 392/474 80/463
f 199/124 542/123 313/1002 48/275
f 199/124 575/277 263/1003 21/121
f 200/284 541/283 273/1004 27/157
f 200/284 576/159 335/1005 49/281
f 201/484 543/483 245/1006 24/139
f 201/142 577/141 393/1007 83/481
f 202/166 544/165 375/1008 85/493
f 202/496 578/495 281/1009 28/163
f 203/208 549/207 213/1010 10/55
f 203/208 579/57 303/1011 36/205
f 204/64 550/63 288/1012 38/215
f 204/218 580/217 235/1013 11/61
f 205/272 559/271 374/1014 84/487
f 205/272 581/489 334/1015 47/269
f 206/290 560/1016 316/1017 50/287
f 206/502 582/1018 396/1019 86/499
f 207/82 585/81 218/1020 1/1
f 207/4 591/3 259/92 14/79
f 208/16 587/15 252/1021 16/91
f 208/94 591/93 229/2 3/13
f 209/34 586/33 250/1022 17/97
f 209/100 592/99 232/44 6/31
f 210/112 588/111 224/1023 8/43
f 210/46 592/45 262/98 19/109
f 211/52 583/51 244/1024 22/127
f 211/130 593/129 233/1025 9/49
f 212/136 584/135 216/1026 12/67
f 212/70 594/69 266/1027 23/133
f 213/314 549/405 321/404 54/311
f 213/1010 595/54 241/53 10/55
f 214/302 595/313 341/312 52/299
f 215/520 596/507 401/506 89/517
f 216/508 584/565 397/564 87/505
f 216/1026 596/66 242/65 12/67
f 217/8 597/12 343/318 57/329
f 218/1020 585/81 339/376 55/317
f 218/1020 597/319 237/11 1/1
f 219/996 552/187 383/638 94/545
f 219/996 598/547 239/35 5/25
f 220/32 598/36 403/546 92/535
f 221/995 557/177 483/880 142/783
f 221/995 599/785 238/17 4/19
f 222/14 599/18 495/784 140/775
f 223/38 600/42 497/804 144/795
f 224/1023 588/111 493/836 146/803
f 224/806 600/805 240/41 8/43
f 225/308 563/307 382/616 90/523
f 225/526 601/525 342/294 53/305
f 226/296 589/513 338/352 51/293
f 226/296 601/295 402/524 88/511
f 227/532 590/325 400/586 91/529
f 227/532 602/531 344/334 56/323
f 228/336 564/541 324/426 58/333
f 228/336 602/335 404/530 93/539
f 229/2 603/6 238/23 3/13
f 230/20 603/24 237/5 2/7
f 231/26 604/30 240/47 7/37
f 232/44 604/48 239/29 6/31
f 233/1025 593/129 492/820 139/769
f 233/772 605/771 241/59 9/49
f 234/56 605/60 496/770 141/779
f 235/792 580/217 486/900 143/789
f 235/792 606/791 242/71 11/61
f 236/68 606/72 498/790 145/799
f 243/348 607/359 345/358 60/345
f 244/360 583/301 337/300 62/357
f 244/1024 607/126 271/125 22/127
f 245/554 543/1028 373/1029 95/551
f 245/1006 608/138 272/137 24/139
f 246/566 608/553 405/552 97/563
f 247/366 546/229 317/228 63/363
f 247/366 609/365 267/83 13/73
f 248/80 609/84 347/364 65/375
f 249/104 610/108 407/592 100/581
f 250/594 586/33 399/536 102/591
f 250/594 610/593 269/107 17/97
f 251/86 611/90 499/824 148/815
f 252/1021 587/15 491/776 150/823
f 252/826 611/825 268/89 16/91
f 253/846 555/447 479/956 154/843
f 253/846 612/845 270/113 20/115
f 254/110 612/114 501/844 152/835
f 255/342 559/559 314/1030 59/339
f 255/560 613/341 406/570 96/557
f 256/572 589/353 398/512 98/569
f 256/354 613/571 346/340 61/351
f 257/588 590/587 340/324 66/379
f 257/588 614/381 408/576 101/585
f 258/372 561/371 378/440 99/575
f 258/372 614/577 348/380 64/369
f 259/92 615/96 267/77 14/79
f 260/74 615/78 268/95 15/85
f 261/116 616/120 269/101 18/103
f 262/98 616/102 270/119 19/109
f 263/1003 575/277 476/920 147/809
f 263/812 617/811 271/131 21/121
f 264/128 617/132 500/810 149/819
f 265/140 618/144 502/830 153/839
f 266/1027 594/69 494/800 151/829
f 266/1027 618/831 272/143 23/133
f 273/388 541/1031 315/1032 67/385
f 273/1004 619/1033 284/161 27/157
f 274/600 620/623 409/622 103/597
f 275/852 554/253 477/940 155/849
f 275/991 621/851 282/149 25/145
f 276/152 622/156 505/896 158/865
f 277/394 560/393 376/1034 104/603
f 277/394 623/605 350/410 68/391
f 278/146 624/150 434/648 111/643
f 279/652 625/656 283/155 26/151
f 280/158 626/162 504/876 156/855
f 281/1009 578/495 482/976 157/859
f 281/1009 627/861 285/167 28/163
f 282/149 621/851 293/1035 31/181
f 283/155 625/656 302/1036 33/191
f 284/161 619/1033 287/1037 35/201
f 285/167 627/861 306/1038 37/211
f 286/406 628/417 351/416 70/403
f 287/418 619/387 349/386 72/415
f 287/1037 628/210 311/209 35/201
f 288/612 550/519 381/518 105/609
f 288/1012 629/214 312/213 38/215
f 289/624 629/611 411/610 107/621
f 290/424 551/9 323/330 73/421
f 290/994 729/1039 307/173 29/169
f 290/424 739/423 755/1040 729/1039
f 291/186 740/1041 738/641 110/637
f 292/176 632/180 507/870 161/879
f 293/1035 621/851 503/850 159/869
f 293/1035 632/871 308/179 31/181
f 294/997 558/39 485/796 166/903
f 294/906 633/905 310/193 34/195
f 295/192 633/194 509/904 164/895
f 296/400 563/617 322/306 69/397
f 296/400 634/399 412/628 106/615
f 297/412 623/411 410/604 108/627
f 297/412 634/629 352/398 71/409
f 298/636 564/427 384/540 109/633
f 298/428 741/635 736/431 74/425
f 299/170 636/174 308/183 30/175
f 300/182 636/184 307/173 112/647
f 301/196 637/200 309/660 32/185
f 302/1036 625/656 437/655 114/659
f 302/662 637/661 310/199 33/191
f 303/1011 579/57 484/780 162/883
f 303/886 638/885 311/203 36/205
f 304/202 638/204 508/884 160/875
f 305/216 639/220 510/890 165/899
f 306/1038 627/861 506/860 163/889
f 306/892 639/891 312/219 37/211
f 307/173 729/1039 723/649 112/647
f 313/1002 640/274 359/273 48/275
f 314/1030 640/350 365/349 59/339
f 315/1032 641/396 369/395 67/385
f 316/1017 641/286 360/285 50/287
f 317/228 642/232 367/373 63/363
f 318/370 642/374 355/231 39/221
f 319/741 545/689 447/688 126/738
f 319/741 969/1042 1102/1043 545/689
f 320/734 643/740 461/739 125/731
f 320/734 950/1044 1159/1045 643/740
f 321/404 644/408 362/309 54/311
f 322/306 644/310 370/407 69/397
f 323/330 645/332 372/429 73/421
f 324/426 645/430 364/331 58/333
f 325/990 553/87 475/816 170/923
f 325/926 646/925 356/237 42/239
f 326/234 646/238 511/924 168/915
f 327/252 647/256 513/930 173/939
f 328/1001 566/1000 489/1046 171/929
f 328/1001 647/931 357/255 43/245
f 329/240 648/244 355/225 40/227
f 330/222 648/226 356/243 41/233
f 331/262 649/266 357/249 44/251
f 332/246 649/250 358/265 45/257
f 333/276 650/280 512/910 169/919
f 334/912 581/489 488/960 167/909
f 334/1015 650/911 359/279 47/269
f 335/1005 576/159 478/856 174/943
f 335/1005 651/945 360/291 49/281
f 336/288 651/292 514/944 172/935
f 337/300 652/304 366/355 62/357
f 338/352 652/356 361/303 51/293
f 339/376 653/378 363/327 55/317
f 340/324 653/328 368/377 66/379
f 341/312 654/316 361/297 52/299
f 342/294 654/298 362/315 53/305
f 343/318 655/322 364/337 57/329
f 344/334 655/338 363/321 56/323
f 345/358 656/362 365/343 60/345
f 346/340 656/344 366/361 61/351
f 347/364 657/368 368/383 65/375
f 348/380 657/384 367/367 64/369
f 349/386 658/390 371/413 72/415
f 350/410 658/414 369/389 68/391
f 351/416 659/420 370/401 70/403
f 352/398 659/402 371/419 71/409
f 353/728 660/721 457/720 124/725
f 353/728 779/1047 912/1048 660/721
f 354/722 635/695 449/694 123/719
f 354/722 798/1049 893/1050 635/695
f 358/265 731/268 718/258 45/257
f 372/429 742/432 735/422 73/421
f 373/1029 661/562 425/561 95/551
f 374/1014 661/486 419/485 84/487
f 375/1008 662/504 420/503 85/493
f 376/1034 662/602 429/601 104/603
f 377/582 663/584 415/443 75/433
f 378/440 663/444 427/583 99/575
f 379/717 664/708 453/707 122/714
f 379/717 988/1051 1178/1052 664/708
f 380/709 562/733 455/732 121/706
f 380/709 1007/1053 1140/1054 562/733
f 381/518 665/522 430/619 105/609
f 382/616 665/620 422/521 90/523
f 383/638 666/640 424/543 94/545
f 384/540 666/544 432/639 109/633
f 385/446 667/450 515/964 176/955
f 386/966 565/235 487/916 178/963
f 386/966 667/965 416/449 78/451
f 387/993 556/153 481/866 179/969
f 387/972 668/971 417/467 79/457
f 388/464 668/468 517/970 181/979
f 389/434 669/438 416/455 77/445
f 390/452 669/456 415/437 76/439
f 391/458 670/462 418/477 81/469
f 392/474 670/478 417/461 80/463
f 393/952 577/141 480/840 175/949
f 393/952 671/951 419/491 83/481
f 394/488 671/492 516/950 177/959
f 395/494 672/498 518/984 180/975
f 396/1019 582/1018 490/1055 182/983
f 396/986 672/985 420/497 86/499
f 397/564 673/568 421/515 87/505
f 398/512 673/516 426/567 98/569
f 399/536 674/538 428/589 102/591
f 400/586 674/590 423/537 91/529
f 401/506 675/510 422/527 89/517
f 402/524 675/528 421/509 88/511
f 403/546 676/550 423/533 92/535
f 404/530 676/534 424/549 93/539
f 405/552 677/556 426/573 97/563
f 406/570 677/574 425/555 96/557
f 407/592 678/596 427/579 100/581
f 408/576 678/580 428/595 101/585
f 409/622 679/626 429/607 103/597
f 410/604 679/608 431/625 108/627
f 411/610 680/614 431/631 107/621
f 412/628 680/632 430/613 106/615
f 413/704 631/1056 439/1057 120/701
f 413/704 836/1058 874/1059 631/1056
f 414/696 681/703 451/702 119/693
f 414/696 817/1060 931/1061 681/703
f 418/477 732/480 720/470 81/469
f 432/639 743/642 737/634 109/633
f 433/690 682/681 444/680 118/687
f 433/690 1026/1062 1197/1063 682/681
f 434/648 733/650 722/644 111/643
f 435/682 1242/1064 1240/685 117/679
f 436/675 548/716 443/715 116/672
f 436/675 1064/1065 1121/1066 548/716
f 437/655 734/658 725/663 114/659
f 438/671 683/674 441/673 115/668
f 438/671 1083/1067 1216/1068 683/674
f 438/671 1219/670 1239/1069 1083/1067
f 439/1057 691/1070 452/705 120/701
f 439/1057 1217/1071 1220/1072 691/1070
f 440/768 684/666 474/764 138/765
f 440/667 1220/767 1217/1071 115/664
f 442/676 694/678 469/752 137/763
f 444/680 685/684 448/691 118/687
f 445/683 1243/686 1241/1073 136/761
f 446/726 1240/685 1242/1064 630/727
f 447/688 695/692 462/742 126/738
f 448/691 685/684 473/762 135/759
f 449/694 690/698 458/723 123/719
f 450/697 686/700 471/756 134/757
f 452/705 691/1070 472/1074 133/755
f 453/707 687/711 456/718 122/714
f 454/710 693/713 465/746 132/753
f 456/718 687/711 470/754 131/751
f 457/720 688/724 459/729 124/725
f 458/723 690/698 468/758 130/749
f 459/729 688/724 467/750 129/747
f 460/735 689/737 463/744 128/745
f 462/742 695/692 464/760 127/743
f 466/748 1241/1073 1243/686 692/730
f 475/816 696/818 534/921 170/923
f 476/920 696/922 523/817 147/809
f 477/940 697/942 527/857 155/849
f 478/856 697/858 536/941 174/943
f 479/956 698/958 526/841 154/843
f 480/840 698/842 537/957 175/949
f 481/866 699/868 539/977 179/969
f 482/976 699/978 528/867 157/859
f 483/880 700/882 520/781 142/783
f 484/780 700/782 530/881 162/883
f 485/796 701/798 532/901 166/903
f 486/900 701/902 521/797 143/789
f 487/916 702/918 538/961 178/963
f 488/960 702/962 533/917 167/909
f 489/1046 703/938 535/937 171/929
f 490/1055 703/982 540/981 182/983
f 491/776 704/778 524/821 150/823
f 492/820 704/822 519/777 139/769
f 493/836 705/838 522/801 146/803
f 494/800 705/802 525/837 151/829
f 495/784 706/788 519/773 140/775
f 496/770 706/774 520/787 141/779
f 497/804 707/808 521/793 144/795
f 498/790 707/794 522/807 145/799
f 499/824 708/828 523/813 148/815
f 500/810 708/814 524/827 149/819
f 501/844 709/848 525/833 152/835
f 502/830 709/834 526/847 153/839
f 503/850 710/854 529/877 159/869
f 504/876 710/878 527/853 156/855
f 505/896 711/898 528/863 158/865
f 506/860 711/864 531/897 163/889
f 507/870 712/874 530/887 161/879
f 508/884 712/888 529/873 160/875
f 509/904 713/908 531/893 164/895
f 510/890 713/894 532/907 165/899
f 511/924 714/928 533/913 168/915
f 512/910 714/914 534/927 169/919
f 513/930 715/934 536/947 173/939
f 514/944 715/948 535/933 172/935
f 515/964 716/968 537/953 176/955
f 516/950 716/954 538/967 177/959
f 517/970 717/974 540/987 181/979
f 518/984 717/988 539/973 180/975
f 545/689 1102/1043 1026/1062 433/690
f 548/716 1121/1066 988/1051 379/717
f 562/733 1140/1075 950/1044 320/734
f 630/727 855/1076 779/1047 353/728
f 630/727 1242/1064 1244/1077 855/1076
f 631/1056 1219/670 1217/669 439/1057
f 635/695 893/1050 817/1060 414/696
f 643/740 1159/1045 969/1042 319/741
f 660/721 912/1048 798/1049 354/722
f 664/708 1178/1052 1007/1053 380/709
f 681/703 931/1061 836/1058 413/704
f 682/681 1197/1063 1045/1078 435/682
f 683/674 1216/1068 1064/1065 436/675
f 691/1070 1220/1072 1218/766 472/1074
f 692/730 1243/686 1240/685 446/726
f 718/258 744/1079 754/1080 728/259
f 719/267 745/1081 757/1082 731/268
f 720/470 746/1083 753/1084 727/471
f 721/479 747/1085 758/1086 732/480
f 722/644 748/1087 752/1088 726/645
f 723/649 749/1089 759/1090 733/650
f 724/657 750/1091 760/1092 734/658
f 725/663 751/1093 756/1094 730/190
f 726/645 752/1088 745/1081 719/267
f 727/471 753/1084 750/1091 724/657
f 728/999 754/1095 747/1085 721/479
f 729/1039 755/1040 749/1089 723/649
f 730/190 756/1094 740/1041 291/186
f 731/268 757/1082 744/1079 718/258
f 732/480 758/1086 746/1083 720/470
f 733/650 759/1090 748/1087 722/644
f 734/658 760/1092 751/1093 725/663
f 735/422 761/1096 837/1097 739/423
f 736/431 780/1098 894/1099 742/432
f 737/634 799/1100 875/1101 741/635
f 738/641 818/1102 913/1103 743/642
f 739/423 837/1097 1262/1104 755/1040
f 740/1041 856/1105 818/1102 738/641
f 741/635 875/1101 780/1098 736/431
f 742/432 894/1099 761/1096 735/422
f 743/642 913/1103 799/1100 737/634
f 744/1079 932/1106 1122/1107 754/1080
f 745/1081 951/1108 1141/1109 757/1082
f 746/1083 970/1110 1103/1111 753/1084
f 747/1085 989/1112 1160/1113 758/1086
f 748/1087 1008/1114 1084/1115 752/1088
f 749/1089 1027/1116 1179/1117 759/1090
f 750/1091 1046/1118 1198/1119 760/1092
f 751/1093 1065/1120 1221/1121 756/1094
f 752/1088 1084/1115 951/1108 745/1081
f 753/1084 1103/1111 1046/1118 750/1091
f 754/1095 1122/1122 989/1112 747/1085
f 755/1040 1262/1104 1027/1116 749/1089
f 756/1094 1221/1121 856/1105 740/1041
f 757/1082 1141/1109 932/1106 744/1079
f 758/1086 1160/1113 970/1110 746/1083
f 759/1090 1179/1117 1008/1114 748/1087
f 760/1092 1198/1119 1065/1120 751/1093
f 761/1096 894/1099 895/1123 762/1124
f 762/1124 838/1125 837/1097 761/1096
f 762/1124 895/1123 896/1126 763/1127
f 763/1127 839/1128 838/1125 762/1124
f 763/1127 896/1126 897/1129 764/1130
f 764/1130 840/1131 839/1128 763/1127
f 764/1130 897/1129 898/1132 765/1133
f 765/1133 841/1134 840/1131 764/1130
f 765/1133 898/1132 899/1135 766/1136
f 766/1136 842/1137 841/1134 765/1133
f 766/1136 899/1135 900/1138 767/1139
f 767/1139 843/1140 842/1137 766/1136
f 767/1139 900/1138 901/1141 768/1142
f 768/1142 844/1143 843/1140 767/1139
f 768/1142 901/1141 902/1144 769/1145
f 769/1145 845/1146 844/1143 768/1142
f 769/1145 902/1144 903/1147 770/1148
f 770/1148 846/1149 845/1146 769/1145
f 770/1148 903/1147 904/1150 771/1151
f 771/1151 847/1152 846/1149 770/1148
f 771/1151 904/1150 905/1153 772/1154
f 772/1154 848/1155 847/1152 771/1151
f 772/1154 905/1153 906/1156 773/1157
f 773/1157 849/1158 848/1155 772/1154
f 773/1157 906/1156 907/1159 774/1160
f 774/1160 850/1161 849/1158 773/1157
f 774/1160 907/1159 908/1162 775/1163
f 775/1163 851/1164 850/1161 774/1160
f 775/1163 908/1162 909/1165 776/1166
f 776/1166 852/1167 851/1164 775/1163
f 776/1166 909/1165 910/1168 777/1169
f 777/1169 853/1170 852/1167 776/1166
f 777/1169 910/1168 911/1171 778/1172
f 778/1172 854/1173 853/1170 777/1169
f 778/1172 911/1171 912/1048 779/1047
f 779/1047 855/1076 854/1173 778/1172
f 780/1098 875/1101 876/1174 781/1175
f 781/1175 876/1174 877/1176 782/1177
f 781/1175 895/1123 894/1099 780/1098
f 782/1177 877/1176 878/1178 783/1179
f 782/1177 896/1126 895/1123 781/1175
f 783/1179 878/1178 879/1180 784/1181
f 783/1179 897/1129 896/1126 782/1177
f 784/1181 879/1180 880/1182 785/1183
f 784/1181 898/1132 897/1129 783/1179
f 785/1183 880/1182 881/1184 786/1185
f 785/1183 899/1135 898/1132 784/1181
f 786/1185 881/1184 882/1186 787/1187
f 786/1185 900/1138 899/1135 785/1183
f 787/1187 882/1186 883/1188 788/1189
f 787/1187 901/1141 900/1138 786/1185
f 788/1189 883/1188 884/1190 789/1191
f 788/1189 902/1144 901/1141 787/1187
f 789/1191 884/1190 885/1192 790/1193
f 789/1191 903/1147 902/1144 788/1189
f 790/1193 885/1192 886/1194 791/1195
f 790/1193 904/1150 903/1147 789/1191
f 791/1195 886/1194 887/1196 792/1197
f 791/1195 905/1153 904/1150 790/1193
f 792/1197 887/1196 888/1198 793/1199
f 792/1197 906/1156 905/1153 791/1195
f 793/1199 888/1198 889/1200 794/1201
f 793/1199 907/1159 906/1156 792/1197
f 794/1201 889/1200 890/1202 795/1203
f 794/1201 908/1162 907/1159 793/1199
f 795/1203 890/1202 891/1204 796/1205
f 795/1203 909/1165 908/1162 794/1201
f 796/1205 891/1204 892/1206 797/1207
f 796/1205 910/1168 909/1165 795/1203
f 797/1207 892/1206 893/1050 798/1049
f 797/1207 911/1171 910/1168 796/1205
f 798/1049 912/1048 911/1171 797/1207
f 799/1100 913/1103 914/1208 800/1209
f 800/1209 876/1174 875/1101 799/1100
f 800/1209 914/1208 915/1210 801/1211
f 801/1211 877/1176 876/1174 800/1209
f 801/1211 915/1210 916/1212 802/1213
f 802/1213 878/1178 877/1176 801/1211
f 802/1213 916/1212 917/1214 803/1215
f 803/1215 879/1180 878/1178 802/1213
f 803/1215 917/1214 918/1216 804/1217
f 804/1217 880/1182 879/1180 803/1215
f 804/1217 918/1216 919/1218 805/1219
f 805/1219 881/1184 880/1182 804/1217
f 805/1219 919/1218 920/1220 806/1221
f 806/1221 882/1186 881/1184 805/1219
f 806/1221 920/1220 921/1222 807/1223
f 807/1223 883/1188 882/1186 806/1221
f 807/1223 921/1222 922/1224 808/1225
f 808/1225 884/1190 883/1188 807/1223
f 808/1225 922/1224 923/1226 809/1227
f 809/1227 885/1192 884/1190 808/1225
f 809/1227 923/1226 924/1228 810/1229
f 810/1229 886/1194 885/1192 809/1227
f 810/1229 924/1228 925/1230 811/1231
f 811/1231 887/1196 886/1194 810/1229
f 811/1231 925/1230 926/1232 812/1233
f 812/1233 888/1198 887/1196 811/1231
f 812/1233 926/1232 927/1234 813/1235
f 813/1235 889/1200 888/1198 812/1233
f 813/1235 927/1234 928/1236 814/1237
f 814/1237 890/1202 889/1200 813/1235
f 814/1237 928/1236 929/1238 815/1239
f 815/1239 891/1204 890/1202 814/1237
f 815/1239 929/1238 930/1240 816/1241
f 816/1241 892/1206 891/1204 815/1239
f 816/1241 930/1240 931/1061 817/1060
f 817/1060 893/1050 892/1206 816/1241
f 818/1102 856/1105 857/1242 819/1243
f 819/1243 857/1242 858/1244 820/1245
f 819/1243 914/1208 913/1103 818/1102
f 820/1245 858/1244 859/1246 821/1247
f 820/1245 915/1210 914/1208 819/1243
f 821/1247 859/1246 860/1248 822/1249
f 821/1247 916/1212 915/1210 820/1245
f 822/1249 860/1248 861/1250 823/1251
f 822/1249 917/1214 916/1212 821/1247
f 823/1251 861/1250 862/1252 824/1253
f 823/1251 918/1216 917/1214 822/1249
f 824/1253 862/1252 863/1254 825/1255
f 824/1253 919/1218 918/1216 823/1251
f 825/1255 863/1254 864/1256 826/1257
f 825/1255 920/1220 919/1218 824/1253
f 826/1257 864/1256 865/1258 827/1259
f 826/1257 921/1222 920/1220 825/1255
f 827/1259 865/1258 866/1260 828/1261
f 827/1259 922/1224 921/1222 826/1257
f 828/1261 866/1260 867/1262 829/1263
f 828/1261 923/1226 922/1224 827/1259
f 829/1263 867/1262 868/1264 830/1265
f 829/1263 924/1228 923/1226 828/1261
f 830/1265 868/1264 869/1266 831/1267
f 830/1265 925/1230 924/1228 829/1263
f 831/1267 869/1266 870/1268 832/1269
f 831/1267 926/1232 925/1230 830/1265
f 832/1269 870/1268 871/1270 833/1271
f 832/1269 927/1234 926/1232 831/1267
f 833/1271 871/1270 872/1272 834/1273
f 833/1271 928/1236 927/1234 832/1269
f 834/1273 872/1272 873/1274 835/1275
f 834/1273 929/1238 928/1236 833/1271
f 835/1275 873/1274 874/1059 836/1058
f 835/1275 930/1240 929/1238 834/1273
f 836/1058 931/1061 930/1240 835/1275
f 838/1125 1261/1276 1262/1104 837/1097
f 839/1128 1260/1277 1261/1276 838/1125
f 840/1131 1259/1278 1260/1277 839/1128
f 841/1134 1258/1279 1259/1278 840/1131
f 842/1137 1257/1280 1258/1279 841/1134
f 843/1140 1256/1281 1257/1280 842/1137
f 844/1143 1255/1282 1256/1281 843/1140
f 845/1146 1254/1283 1255/1282 844/1143
f 846/1149 1253/1284 1254/1283 845/1146
f 847/1152 1252/1285 1253/1284 846/1149
f 848/1155 1251/1286 1252/1285 847/1152
f 849/1158 1250/1287 1251/1286 848/1155
f 850/1161 1249/1288 1250/1287 849/1158
f 851/1164 1248/1289 1249/1288 850/1161
f 852/1167 1247/1290 1248/1289 851/1164
f 853/1170 1246/1291 1247/1290 852/1167
f 854/1173 1245/1292 1246/1291 853/1170
f 855/1076 1244/1077 1245/1292 854/1173
f 856/1105 1221/1121 1222/1293 857/1242
f 857/1242 1222/1293 1223/1294 858/1244
f 858/1244 1223/1294 1224/1295 859/1246
f 859/1246 1224/1295 1225/1296 860/1248
f 860/1248 1225/1296 1226/1297 861/1250
f 861/1250 1226/1297 1227/1298 862/1252
f 862/1252 1227/1298 1228/1299 863/1254
f 863/1254 1228/1299 1229/1300 864/1256
f 864/1256 1229/1300 1230/1301 865/1258
f 865/1258 1230/1301 1231/1302 866/1260
f 866/1260 1231/1302 1232/1303 867/1262
f 867/1262 1232/1303 1233/1304 868/1264
f 868/1264 1233/1304 1234/1305 869/1266
f 869/1266 1234/1305 1235/1306 870/1268
f 870/1268 1235/1306 1236/1307 871/1270
f 871/1270 1236/1307 1237/1308 872/1272
f 872/1272 1237/1308 1238/1309 873/1274
f 873/1274 1238/1309 1239/1310 874/1059
f 874/1059 1239/1310 1219/670 631/1056
f 932/1106 1141/1109 1142/1311 933/1312
f 933/1312 1123/1313 1122/1107 932/1106
f 933/1312 1142/1311 1143/1314 934/1315
f 934/1315 1124/1316 1123/1313 933/1312
f 934/1315 1143/1314 1144/1317 935/1318
f 935/1318 1125/1319 1124/1316 934/1315
f 935/1318 1144/1317 1145/1320 936/1321
f 936/1321 1126/1322 1125/1319 935/1318
f 936/1321 1145/1320 1146/1323 937/1324
f 937/1324 1127/1325 1126/1322 936/1321
f 937/1324 1146/1323 1147/1326 938/1327
f 938/1327 1128/1328 1127/1325 937/1324
f 938/1327 1147/1326 1148/1329 939/1330
f 939/1330 1129/1331 1128/1328 938/1327
f 939/1330 1148/1329 1149/1332 940/1333
f 940/1333 1130/1334 1129/1331 939/1330
f 940/1333 1149/1332 1150/1335 941/1336
f 941/1336 1131/1337 1130/1334 940/1333
f 941/1336 1150/1335 1151/1338 942/1339
f 942/1339 1132/1340 1131/1337 941/1336
f 942/1339 1151/1338 1152/1341 943/1342
f 943/1342 1133/1343 1132/1340 942/1339
f 943/1342 1152/1341 1153/1344 944/1345
f 944/1345 1134/1346 1133/1343 943/1342
f 944/1345 1153/1344 1154/1347 945/1348
f 945/1348 1135/1349 1134/1346 944/1345
f 945/1348 1154/1347 1155/1350 946/1351
f 946/1351 1136/1352 1135/1349 945/1348
f 946/1351 1155/1350 1156/1353 947/1354
f 947/1354 1137/1355 1136/1352 946/1351
f 947/1354 1156/1353 1157/1356 948/1357
f 948/1357 1138/1358 1137/1355 947/1354
f 948/1357 1157/1356 1158/1359 949/1360
f 949/1360 1139/1361 1138/1358 948/1357
f 949/1360 1158/1359 1159/1045 950/1044
f 950/1044 1140/1075 1139/1361 949/1360
f 951/1108 1084/1115 1085/1362 952/1363
f 952/1363 1085/1362 1086/1364 953/1365
f 952/1363 1142/1311 1141/1109 951/1108
f 953/1365 1086/1364 1087/1366 954/1367
f 953/1365 1143/1314 1142/1311 952/1363
f 954/1367 1087/1366 1088/1368 955/1369
f 954/1367 1144/1317 1143/1314 953/1365
f 955/1369 1088/1368 1089/1370 956/1371
f 955/1369 1145/1320 1144/1317 954/1367
f 956/1371 1089/1370 1090/1372 957/1373
f 956/1371 1146/1323 1145/1320 955/1369
f 957/1373 1090/1372 1091/1374 958/1375
f 957/1373 1147/1326 1146/1323 956/1371
f 958/1375 1091/1374 1092/1376 959/1377
f 958/1375 1148/1329 1147/1326 957/1373
f 959/1377 1092/1376 1093/1378 960/1379
f 959/1377 1149/1332 1148/1329 958/1375
f 960/1379 1093/1378 1094/1380 961/1381
f 960/1379 1150/1335 1149/1332 959/1377
f 961/1381 1094/1380 1095/1382 962/1383
f 961/1381 1151/1338 1150/1335 960/1379
f 962/1383 1095/1382 1096/1384 963/1385
f 962/1383 1152/1341 1151/1338 961/1381
f 963/1385 1096/1384 1097/1386 964/1387
f 963/1385 1153/1344 1152/1341 962/1383
f 964/1387 1097/1386 1098/1388 965/1389
f 964/1387 1154/1347 1153/1344 963/1385
f 965/1389 1098/1388 1099/1390 966/1391
f 965/1389 1155/1350 1154/1347 964/1387
f 966/1391 1099/1390 1100/1392 967/1393
f 966/1391 1156/1353 1155/1350 965/1389
f 967/1393 1100/1392 1101/1394 968/1395
f 967/1393 1157/1356 1156/1353 966/1391
f 968/1395 1101/1394 1102/1043 969/1042
f 968/1395 1158/1359 1157/1356 967/1393
f 969/1042 1159/1045 1158/1359 968/1395
f 970/1110 1160/1113 1161/1396 971/1397
f 971/1397 1104/1398 1103/1111 970/1110
f 971/1397 1161/1396 1162/1399 972/1400
f 972/1400 1105/1401 1104/1398 971/1397
f 972/1400 1162/1399 1163/1402 973/1403
f 973/1403 1106/1404 1105/1401 972/1400
f 973/1403 1163/1402 1164/1405 974/1406
f 974/1406 1107/1407 1106/1404 973/1403
f 974/1406 1164/1405 1165/1408 975/1409
f 975/1409 1108/1410 1107/1407 974/1406
f 975/1409 1165/1408 1166/1411 976/1412
f 976/1412 1109/1413 1108/1410 975/1409
f 976/1412 1166/1411 1167/1414 977/1415
f 977/1415 1110/1416 1109/1413 976/1412
f 977/1415 1167/1414 1168/1417 978/1418
f 978/1418 1111/1419 1110/1416 977/1415
f 978/1418 1168/1417 1169/1420 979/1421
f 979/1421 1112/1422 1111/1419 978/1418
f 979/1421 1169/1420 1170/1423 980/1424
f 980/1424 1113/1425 1112/1422 979/1421
f 980/1424 1170/1423 1171/1426 981/1427
f 981/1427 1114/1428 1113/1425 980/1424
f 981/1427 1171/1426 1172/1429 982/1430
f 982/1430 1115/1431 1114/1428 981/1427
f 982/1430 1172/1429 1173/1432 983/1433
f 983/1433 1116/1434 1115/1431 982/1430
f 983/1433 1173/1432 1174/1435 984/1436
f 984/1436 1117/1437 1116/1434 983/1433
f 984/1436 1174/1435 1175/1438 985/1439
f 985/1439 1118/1440 1117/1437 984/1436
f 985/1439 1175/1438 1176/1441 986/1442
f 986/1442 1119/1443 1118/1440 985/1439
f 986/1442 1176/1441 1177/1444 987/1445
f 987/1445 1120/1446 1119/1443 986/1442
f 987/1445 1177/1444 1178/1052 988/1051
f 988/1051 1121/1066 1120/1446 987/1445
f 989/1112 1122/1122 1123/1447 990/1448
f 990/1448 1123/1447 1124/1449 991/1450
f 990/1448 1161/1396 1160/1113 989/1112
f 991/1450 1124/1449 1125/1451 992/1452
f 991/1450 1162/1399 1161/1396 990/1448
f 992/1452 1125/1451 1126/1453 993/1454
f 992/1452 1163/1402 1162/1399 991/1450
f 993/1454 1126/1453 1127/1455 994/1456
f 993/1454 1164/1405 1163/1402 992/1452
f 994/1456 1127/1455 1128/1457 995/1458
f 994/1456 1165/1408 1164/1405 993/1454
f 995/1458 1128/1457 1129/1459 996/1460
f 995/1458 1166/1411 1165/1408 994/1456
f 996/1460 1129/1459 1130/1461 997/1462
f 996/1460 1167/1414 1166/1411 995/1458
f 997/1462 1130/1461 1131/1463 998/1464
f 997/1462 1168/1417 1167/1414 996/1460
f 998/1464 1131/1463 1132/1465 999/1466
f 998/1464 1169/1420 1168/1417 997/1462
f 999/1466 1132/1465 1133/1467 1000/1468
f 999/1466 1170/1423 1169/1420 998/1464
f 1000/1468 1133/1467 1134/1469 1001/1470
f 1000/1468 1171/1426 1170/1423 999/1466
f 1001/1470 1134/1469 1135/1471 1002/1472
f 1001/1470 1172/1429 1171/1426 1000/1468
f 1002/1472 1135/1471 1136/1473 1003/1474
f 1002/1472 1173/1432 1172/1429 1001/1470
f 1003/1474 1136/1473 1137/1475 1004/1476
f 1003/1474 1174/1435 1173/1432 1002/1472
f 1004/1476 1137/1475 1138/1477 1005/1478
f 1004/1476 1175/1438 1174/1435 1003/1474
f 1005/1478 1138/1477 1139/1479 1006/1480
f 1005/1478 1176/1441 1175/1438 1004/1476
f 1006/1480 1139/1479 1140/1054 1007/1053
f 1006/1480 1177/1444 1176/1441 1005/1478
f 1007/1053 1178/1052 1177/1444 1006/1480
f 1008/1114 1179/1117 1180/1481 1009/1482
f 1009/1482 1085/1362 1084/1115 1008/1114
f 1009/1482 1180/1481 1181/1483 1010/1484
f 1010/1484 1086/1364 1085/1362 1009/1482
f 1010/1484 1181/1483 1182/1485 1011/1486
f 1011/1486 1087/1366 1086/1364 1010/1484
f 1011/1486 1182/1485 1183/1487 1012/1488
f 1012/1488 1088/1368 1087/1366 1011/1486
f 1012/1488 1183/1487 1184/1489 1013/1490
f 1013/1490 1089/1370 1088/1368 1012/1488
f 1013/1490 1184/1489 1185/1491 1014/1492
f 1014/1492 1090/1372 1089/1370 1013/1490
f 1014/1492 1185/1491 1186/1493 1015/1494
f 1015/1494 1091/1374 1090/1372 1014/1492
f 1015/1494 1186/1493 1187/1495 1016/1496
f 1016/1496 1092/1376 1091/1374 1015/1494
f 1016/1496 1187/1495 1188/1497 1017/1498
f 1017/1498 1093/1378 1092/1376 1016/1496
f 1017/1498 1188/1497 1189/1499 1018/1500
f 1018/1500 1094/1380 1093/1378 1017/1498
f 1018/1500 1189/1499 1190/1501 1019/1502
f 1019/1502 1095/1382 1094/1380 1018/1500
f 1019/1502 1190/1501 1191/1503 1020/1504
f 1020/1504 1096/1384 1095/1382 1019/1502
f 1020/1504 1191/1503 1192/1505 1021/1506
f 1021/1506 1097/1386 1096/1384 1020/1504
f 1021/1506 1192/1505 1193/1507 1022/1508
f 1022/1508 1098/1388 1097/1386 1021/1506
f 1022/1508 1193/1507 1194/1509 1023/1510
f 1023/1510 1099/1390 1098/1388 1022/1508
f 1023/1510 1194/1509 1195/1511 1024/1512
f 1024/1512 1100/1392 1099/1390 1023/1510
f 1024/1512 1195/1511 1196/1513 1025/1514
f 1025/1514 1101/1394 1100/1392 1024/1512
f 1025/1514 1196/1513 1197/1063 1026/1062
f 1026/1062 1102/1043 1101/1394 1025/1514
f 1027/1116 1262/1104 1261/1276 1028/1515
f 1028/1515 1180/1481 1179/1117 1027/1116
f 1028/1515 1261/1276 1260/1277 1029/1516
f 1029/1516 1181/1483 1180/1481 1028/1515
f 1029/1516 1260/1277 1259/1278 1030/1517
f 1030/1517 1182/1485 1181/1483 1029/1516
f 1030/1517 1259/1278 1258/1279 1031/1518
f 1031/1518 1183/1487 1182/1485 1030/1517
f 1031/1518 1258/1279 1257/1280 1032/1519
f 1032/1519 1184/1489 1183/1487 1031/1518
f 1032/1519 1257/1280 1256/1281 1033/1520
f 1033/1520 1185/1491 1184/1489 1032/1519
f 1033/1520 1256/1281 1255/1282 1034/1521
f 1034/1521 1186/1493 1185/1491 1033/1520
f 1034/1521 1255/1282 1254/1283 1035/1522
f 1035/1522 1187/1495 1186/1493 1034/1521
f 1035/1522 1254/1283 1253/1284 1036/1523
f 1036/1523 1188/1497 1187/1495 1035/1522
f 1036/1523 1253/1284 1252/1285 1037/1524
f 1037/1524 1189/1499 1188/1497 1036/1523
f 1037/1524 1252/1285 1251/1286 1038/1525
f 1038/1525 1190/1501 1189/1499 1037/1524
f 1038/1525 1251/1286 1250/1287 1039/1526
f 1039/1526 1191/1503 1190/1501 1038/1525
f 1039/1526 1250/1287 1249/1288 1040/1527
f 1040/1527 1192/1505 1191/1503 1039/1526
f 1040/1527 1249/1288 1248/1289 1041/1528
f 1041/1528 1193/1507 1192/1505 1040/1527
f 1041/1528 1248/1289 1247/1290 1042/1529
f 1042/1529 1194/1509 1193/1507 1041/1528
f 1042/1529 1247/1290 1246/1291 1043/1530
f 1043/1530 1195/1511 1194/1509 1042/1529
f 1043/1530 1246/1291 1245/1292 1044/1531
f 1044/1531 1196/1513 1195/1511 1043/1530
f 1044/1531 1245/1292 1244/1077 1045/1532
f 1045/1532 1197/1063 1196/1513 1044/1531
f 1045/1078 1244/1077 1242/1064 435/682
f 1046/1118 1103/1111 1104/1398 1047/1533
f 1047/1533 1104/1398 1105/1401 1048/1534
f 1047/1533 1199/1535 1198/1119 1046/1118
f 1048/1534 1105/1401 1106/1404 1049/1536
f 1048/1534 1200/1537 1199/1535 1047/1533
f 1049/1536 1106/1404 1107/1407 1050/1538
f 1049/1536 1201/1539 1200/1537 1048/1534
f 1050/1538 1107/1407 1108/1410 1051/1540
f 1050/1538 1202/1541 1201/1539 1049/1536
f 1051/1540 1108/1410 1109/1413 1052/1542
f 1051/1540 1203/1543 1202/1541 1050/1538
f 1052/1542 1109/1413 1110/1416 1053/1544
f 1052/1542 1204/1545 1203/1543 1051/1540
f 1053/1544 1110/1416 1111/1419 1054/1546
f 1053/1544 1205/1547 1204/1545 1052/1542
f 1054/1546 1111/1419 1112/1422 1055/1548
f 1054/1546 1206/1549 1205/1547 1053/1544
f 1055/1548 1112/1422 1113/1425 1056/1550
f 1055/1548 1207/1551 1206/1549 1054/1546
f 1056/1550 1113/1425 1114/1428 1057/1552
f 1056/1550 1208/1553 1207/1551 1055/1548
f 1057/1552 1114/1428 1115/1431 1058/1554
f 1057/1552 1209/1555 1208/1553 1056/1550
f 1058/1554 1115/1431 1116/1434 1059/1556
f 1058/1554 1210/1557 1209/1555 1057/1552
f 1059/1556 1116/1434 1117/1437 1060/1558
f 1059/1556 1211/1559 1210/1557 1058/1554
f 1060/1558 1117/1437 1118/1440 1061/1560
f 1060/1558 1212/1561 1211/1559 1059/1556
f 1061/1560 1118/1440 1119/1443 1062/1562
f 1061/1560 1213/1563 1212/1561 1060/1558
f 1062/1562 1119/1443 1120/1446 1063/1564
f 1062/1562 1214/1565 1213/1563 1061/1560
f 1063/1564 1120/1446 1121/1066 1064/1065
f 1063/1564 1215/1566 1214/1565 1062/1562
f 1064/1065 1216/1068 1215/1566 1063/1564
f 1065/1120 1198/1119 1199/1535 1066/1567
f 1066/1567 1199/1535 1200/1537 1067/1568
f 1066/1567 1222/1293 1221/1121 1065/1120
f 1067/1568 1200/1537 1201/1539 1068/1569
f 1067/1568 1223/1294 1222/1293 1066/1567
f 1068/1569 1201/1539 1202/1541 1069/1570
f 1068/1569 1224/1295 1223/1294 1067/1568
f 1069/1570 1202/1541 1203/1543 1070/1571
f 1069/1570 1225/1296 1224/1295 1068/1569
f 1070/1571 1203/1543 1204/1545 1071/1572
f 1070/1571 1226/1297 1225/1296 1069/1570
f 1071/1572 1204/1545 1205/1547 1072/1573
f 1071/1572 1227/1298 1226/1297 1070/1571
f 1072/1573 1205/1547 1206/1549 1073/1574
f 1072/1573 1228/1299 1227/1298 1071/1572
f 1073/1574 1206/1549 1207/1551 1074/1575
f 1073/1574 1229/1300 1228/1299 1072/1573
f 1074/1575 1207/1551 1208/1553 1075/1576
f 1074/1575 1230/1301 1229/1300 1073/1574
f 1075/1576 1208/1553 1209/1555 1076/1577
f 1075/1576 1231/1302 1230/1301 1074/1575
f 1076/1577 1209/1555 1210/1557 1077/1578
f 1076/1577 1232/1303 1231/1302 1075/1576
f 1077/1578 1210/1557 1211/1559 1078/1579
f 1077/1578 1233/1304 1232/1303 1076/1577
f 1078/1579 1211/1559 1212/1561 1079/1580
f 1078/1579 1234/1305 1233/1304 1077/1578
f 1079/1580 1212/1561 1213/1563 1080/1581
f 1079/1580 1235/1306 1234/1305 1078/1579
f 1080/1581 1213/1563 1214/1565 1081/1582
f 1080/1581 1236/1307 1235/1306 1079/1580
f 1081/1582 1214/1565 1215/1566 1082/1583
f 1081/1582 1237/1308 1236/1307 1080/1581
f 1082/1583 1215/1566 1216/1068 1083/1067
f 1082/1583 1238/1309 1237/1308 1081/1582
f 1083/1067 1239/1069 1238/1309 1082/1583
f 1263/1584 1289/1585 1296/1586 1270/1587
f 1263/1588 1315/1589 1319/1590 1267/1591
f 1264/1592 1391/1593 1395/1594 1290/1595
f 1265/1596 1291/1597 1297/1598 1271/1599
f 1265/1596 1423/1600 1424/1601 1291/1597
f 1266/1602 1292/1603 1294/1604 1268/1605
f 1266/1606 1318/1607 1323/1608 1271/1609
f 1267/1591 1293/1610 1289/1585 1263/1588
f 1267/1591 1319/1590 1335/1611 1283/1612
f 1268/1605 1294/1604 1313/1613 1284/1614
f 1268/1605 1320/1615 1318/1607 1266/1602
f 1269/1616 1321/1617 1347/1618 1295/1619
f 1269/1616 1372/1620 1379/1621 1321/1622
f 1270/1587 1322/1623 1315/1589 1263/1584
f 1270/1587 1394/1624 1399/1625 1322/1623
f 1271/1609 1297/1598 1292/1603 1266/1606
f 1271/1609 1323/1608 1317/1626 1265/1596
f 1272/1627 1298/1628 1309/1629 1285/1630
f 1272/1631 1324/1632 1334/1633 1282/1634
f 1273/1635 1299/1636 1306/1637 1280/1638
f 1273/1639 1325/1640 1337/1641 1285/1642
f 1274/1643 1300/1644 1310/1645 1286/1646
f 1274/1647 1326/1648 1333/1649 1281/1650
f 1275/1651 1301/1652 1308/1653 1282/1654
f 1275/1655 1327/1656 1338/1657 1286/1658
f 1276/1659 1302/1660 1311/1661 1287/1662
f 1276/1663 1328/1664 1332/1665 1280/1666
f 1277/1667 1303/1668 1314/1669 1283/1670
f 1277/1671 1329/1672 1339/1673 1287/1674
f 1278/1675 1304/1676 1307/1677 1281/1678
f 1278/1679 1330/1680 1340/1681 1288/1682
f 1279/1683 1305/1684 1312/1685 1288/1686
f 1279/1687 1331/1688 1336/1689 1284/1690
f 1280/1666 1306/1637 1302/1660 1276/1663
f 1280/1666 1332/1665 1325/1640 1273/1635
f 1281/1650 1307/1677 1300/1644 1274/1647
f 1281/1650 1333/1649 1330/1680 1278/1675
f 1282/1634 1308/1653 1298/1628 1272/1631
f 1282/1634 1334/1633 1327/1656 1275/1651
f 1283/1612 1314/1669 1293/1610 1267/1591
f 1283/1612 1335/1611 1329/1672 1277/1667
f 1284/1614 1313/1613 1305/1684 1279/1687
f 1284/1690 1336/1689 1320/1615 1268/1605
f 1285/1630 1309/1629 1299/1636 1273/1639
f 1285/1642 1337/1641 1324/1632 1272/1627
f 1286/1646 1310/1645 1301/1652 1275/1655
f 1286/1658 1338/1657 1326/1648 1274/1643
f 1287/1662 1311/1661 1303/1668 1277/1671
f 1287/1674 1339/1673 1328/1664 1276/1659
f 1288/1686 1312/1685 1304/1676 1278/1679
f 1288/1682 1340/1681 1331/1688 1279/1683
f 1289/1585 1341/1691 1348/1692 1296/1586
f 1290/1595 1342/1693 1316/1694 1264/1592
f 1290/1595 1395/1594 1406/1695 1342/1696
f 1291/1597 1343/1697 1349/1698 1297/1598
f 1291/1597 1424/1601 1426/1699 1343/1697
f 1292/1603 1344/1700 1346/1701 1294/1604
f 1293/1610 1345/1702 1341/1691 1289/1585
f 1294/1604 1346/1701 1365/1703 1313/1613
f 1295/1619 1378/1704 1372/1620 1269/1616
f 1296/1586 1398/1705 1394/1624 1270/1587
f 1297/1598 1349/1698 1344/1700 1292/1603
f 1298/1628 1350/1706 1361/1707 1309/1629
f 1299/1636 1351/1708 1358/1709 1306/1637
f 1300/1644 1352/1710 1362/1711 1310/1645
f 1301/1652 1353/1712 1360/1713 1308/1653
f 1302/1660 1354/1714 1363/1715 1311/1661
f 1303/1668 1355/1716 1366/1717 1314/1669
f 1304/1676 1356/1718 1359/1719 1307/1677
f 1305/1684 1357/1720 1364/1721 1312/1685
f 1306/1637 1358/1709 1354/1714 1302/1660
f 1307/1677 1359/1719 1352/1710 1300/1644
f 1308/1653 1360/1713 1350/1706 1298/1628
f 1309/1629 1361/1707 1351/1708 1299/1636
f 1310/1645 1362/1711 1353/1712 1301/1652
f 1311/1661 1363/1715 1355/1716 1303/1668
f 1312/1685 1364/1721 1356/1718 1304/1676
f 1313/1613 1365/1703 1357/1720 1305/1684
f 1314/1669 1366/1717 1345/1702 1293/1610
f 1315/1722 1341/1691 1345/1702 1319/1723
f 1316/1724 1402/1725 1391/1593 1264/1592
f 1317/1626 1425/1726 1423/1600 1265/1596
f 1318/1727 1344/1700 1349/1698 1323/1728
f 1319/1723 1345/1702 1366/1717 1335/1729
f 1320/1730 1346/1701 1344/1700 1318/1727
f 1321/1731 1379/1732 1385/1733 1347/1734
f 1322/1735 1348/1692 1341/1691 1315/1722
f 1322/1735 1399/1736 1403/1737 1348/1692
f 1323/1728 1349/1698 1343/1697 1317/1738
f 1324/1739 1350/1706 1360/1713 1334/1740
f 1325/1741 1351/1708 1361/1707 1337/1742
f 1326/1743 1352/1710 1359/1719 1333/1744
f 1327/1745 1353/1712 1362/1711 1338/1746
f 1328/1747 1354/1714 1358/1709 1332/1748
f 1329/1749 1355/1716 1363/1715 1339/1750
f 1330/1751 1356/1718 1364/1721 1340/1752
f 1331/1753 1357/1720 1365/1703 1336/1754
f 1332/1748 1358/1709 1351/1708 1325/1741
f 1333/1744 1359/1719 1356/1718 1330/1751
f 1334/1740 1360/1713 1353/1712 1327/1745
f 1335/1729 1366/1717 1355/1716 1329/1749
f 1336/1754 1365/1703 1346/1701 1320/1730
f 1337/1742 1361/1707 1350/1706 1324/1739
f 1338/1746 1362/1711 1352/1710 1326/1743
f 1339/1750 1363/1715 1354/1714 1328/1747
f 1340/1752 1364/1721 1357/1720 1331/1753
f 1342/1696 1406/1695 1402/1755 1316/1756
f 1343/1697 1426/1699 1425/1757 1317/1738
f 1347/1734 1385/1733 1378/1704 1295/1619
f 1348/1692 1403/1737 1398/1705 1296/1586
f 1367/1758 1423/1600 1425/1726 1384/1759
f 1367/1760 1427/1761 1428/1762 1373/1763
f 1368/1764 1383/1765 1382/1766 1369/1767
f 1368/1764 1410/1768 1415/1769 1383/1765
f 1369/1767 1375/1770 1374/1771 1368/1764
f 1369/1767 1382/1766 1381/1772 1370/1773
f 1370/1773 1376/1774 1375/1770 1369/1767
f 1370/1773 1381/1772 1380/1775 1371/1776
f 1371/1776 1377/1777 1376/1774 1370/1773
f 1371/1776 1380/1775 1379/1621 1372/1620
f 1372/1620 1378/1704 1377/1777 1371/1776
f 1373/1763 1424/1601 1423/1600 1367/1760
f 1373/1763 1428/1762 1430/1778 1390/1779
f 1374/1771 1414/1780 1410/1768 1368/1764
f 1375/1770 1388/1781 1389/1782 1374/1771
f 1376/1774 1387/1783 1388/1781 1375/1770
f 1377/1777 1386/1784 1387/1783 1376/1774
f 1378/1704 1385/1733 1386/1784 1377/1777
f 1380/1785 1386/1784 1385/1733 1379/1732
f 1381/1786 1387/1783 1386/1784 1380/1785
f 1382/1787 1388/1781 1387/1783 1381/1786
f 1383/1788 1389/1782 1388/1781 1382/1787
f 1383/1788 1415/1789 1419/1790 1389/1782
f 1384/1791 1425/1757 1426/1699 1390/1792
f 1384/1759 1429/1793 1427/1761 1367/1758
f 1389/1782 1419/1790 1414/1780 1374/1771
f 1390/1779 1426/1699 1424/1601 1373/1763
f 1390/1792 1430/1778 1429/1794 1384/1791
f 1391/1593 1402/1725 1401/1795 1392/1796
f 1392/1796 1396/1797 1395/1594 1391/1593
f 1392/1796 1401/1795 1400/1798 1393/1799
f 1393/1799 1397/1800 1396/1797 1392/1796
f 1393/1799 1400/1798 1399/1625 1394/1624
f 1394/1624 1398/1705 1397/1800 1393/1799
f 1396/1797 1405/1801 1406/1695 1395/1594
f 1397/1800 1404/1802 1405/1801 1396/1797
f 1398/1705 1403/1737 1404/1802 1397/1800
f 1400/1803 1404/1802 1403/1737 1399/1736
f 1401/1804 1405/1801 1404/1802 1400/1803
f 1402/1755 1406/1695 1405/1801 1401/1804
f 1407/1805 1418/1806 1417/1807 1408/1808
f 1407/1805 1427/1761 1429/1793 1418/1806
f 1408/1808 1412/1809 1411/1810 1407/1805
f 1408/1808 1417/1807 1416/1811 1409/1812
f 1409/1812 1413/1813 1412/1809 1408/1808
f 1409/1812 1416/1811 1415/1769 1410/1768
f 1410/1768 1414/1780 1413/1813 1409/1812
f 1411/1810 1428/1762 1427/1761 1407/1805
f 1412/1809 1421/1814 1422/1815 1411/1810
f 1413/1813 1420/1816 1421/1814 1412/1809
f 1414/1780 1419/1790 1420/1816 1413/1813
f 1416/1817 1420/1816 1419/1790 1415/1789
f 1417/1818 1421/1814 1420/1816 1416/1817
f 1418/1819 1422/1815 1421/1814 1417/1818
f 1418/1819 1429/1794 1430/1778 1422/1815
f 1422/1815 1430/1778 1428/1762 1411/1810
f 1431/1820 1457/1821 1461/1822 1435/1823
f 1431/1824 1483/1825 1490/1826 1438/1827
f 1432/1828 1484/1829 1510/1830 1458/1831
f 1432/1828 1559/1832 1570/1833 1484/1834
f 1433/1835 1485/1836 1491/1837 1439/1838
f 1433/1835 1591/1839 1593/1840 1485/1836
f 1434/1841 1460/1842 1465/1843 1439/1844
f 1434/1845 1486/1846 1488/1847 1436/1848
f 1435/1823 1461/1822 1482/1849 1451/1850
f 1435/1823 1487/1851 1483/1825 1431/1820
f 1436/1848 1462/1852 1460/1842 1434/1845
f 1436/1848 1488/1847 1504/1853 1452/1854
f 1437/1855 1540/1856 1546/1857 1463/1858
f 1438/1827 1464/1859 1457/1821 1431/1824
f 1438/1827 1562/1860 1566/1861 1464/1859
f 1439/1838 1465/1843 1459/1862 1433/1835
f 1439/1844 1491/1837 1486/1846 1434/1841
f 1440/1863 1466/1864 1476/1865 1450/1866
f 1440/1867 1492/1868 1505/1869 1453/1870
f 1441/1871 1467/1872 1477/1873 1453/1874
f 1441/1875 1493/1876 1500/1877 1448/1878
f 1442/1879 1468/1880 1475/1881 1449/1882
f 1442/1883 1494/1884 1506/1885 1454/1886
f 1443/1887 1469/1888 1478/1889 1454/1890
f 1443/1891 1495/1892 1502/1893 1450/1894
f 1444/1895 1470/1896 1474/1897 1448/1898
f 1444/1899 1496/1900 1507/1901 1455/1902
f 1445/1903 1471/1904 1479/1905 1455/1906
f 1445/1907 1497/1908 1503/1909 1451/1910
f 1446/1911 1472/1912 1480/1913 1456/1914
f 1446/1915 1498/1916 1501/1917 1449/1918
f 1447/1919 1473/1920 1481/1921 1452/1922
f 1447/1923 1499/1924 1508/1925 1456/1926
f 1448/1878 1474/1897 1467/1872 1441/1875
f 1448/1898 1500/1877 1496/1900 1444/1895
f 1449/1918 1475/1881 1472/1912 1446/1915
f 1449/1882 1501/1917 1494/1884 1442/1879
f 1450/1894 1476/1865 1469/1888 1443/1891
f 1450/1866 1502/1893 1492/1868 1440/1863
f 1451/1910 1482/1849 1471/1904 1445/1907
f 1451/1850 1503/1909 1487/1851 1435/1823
f 1452/1922 1481/1921 1462/1852 1436/1848
f 1452/1922 1504/1853 1499/1924 1447/1919
f 1453/1874 1477/1873 1466/1864 1440/1867
f 1453/1874 1505/1869 1493/1876 1441/1871
f 1454/1886 1478/1889 1468/1880 1442/1883
f 1454/1890 1506/1885 1495/1892 1443/1887
f 1455/1906 1479/1905 1470/1896 1444/1899
f 1455/1902 1507/1901 1497/1908 1445/1903
f 1456/1914 1480/1913 1473/1920 1447/1923
f 1456/1926 1508/1925 1498/1916 1446/1911
f 1457/1821 1509/1927 1513/1928 1461/1822
f 1458/1831 1563/1929 1559/1832 1432/1828
f 1459/1862 1592/1930 1591/1839 1433/1835
f 1460/1842 1512/1931 1517/1932 1465/1843
f 1461/1822 1513/1928 1534/1933 1482/1849
f 1462/1852 1514/1934 1512/1931 1460/1842
f 1463/1858 1515/1935 1489/1936 1437/1855
f 1463/1858 1546/1857 1553/1937 1515/1938
f 1464/1859 1516/1939 1509/1927 1457/1821
f 1464/1859 1566/1861 1571/1940 1516/1939
f 1465/1843 1517/1932 1511/1941 1459/1862
f 1466/1864 1518/1942 1528/1943 1476/1865
f 1467/1872 1519/1944 1529/1945 1477/1873
f 1468/1880 1520/1946 1527/1947 1475/1881
f 1469/1888 1521/1948 1530/1949 1478/1889
f 1470/1896 1522/1950 1526/1951 1474/1897
f 1471/1904 1523/1952 1531/1953 1479/1905
f 1472/1912 1524/1954 1532/1955 1480/1913
f 1473/1920 1525/1956 1533/1957 1481/1921
f 1474/1897 1526/1951 1519/1944 1467/1872
f 1475/1881 1527/1947 1524/1954 1472/1912
f 1476/1865 1528/1943 1521/1948 1469/1888
f 1477/1873 1529/1945 1518/1942 1466/1864
f 1478/1889 1530/1949 1520/1946 1468/1880
f 1479/1905 1531/1953 1522/1950 1470/1896
f 1480/1913 1532/1955 1525/1956 1473/1920
f 1481/1921 1533/1957 1514/1934 1462/1852
f 1482/1849 1534/1933 1523/1952 1471/1904
f 1483/1958 1509/1927 1516/1939 1490/1959
f 1484/1960 1570/1961 1574/1962 1510/1963
f 1485/1964 1511/1941 1517/1932 1491/1965
f 1485/1964 1593/1966 1594/1967 1511/1941
f 1486/1968 1512/1931 1514/1934 1488/1969
f 1487/1970 1513/1928 1509/1927 1483/1958
f 1488/1969 1514/1934 1533/1957 1504/1971
f 1489/1972 1547/1973 1540/1856 1437/1855
f 1490/1826 1567/1974 1562/1860 1438/1827
f 1491/1965 1517/1932 1512/1931 1486/1968
f 1492/1975 1518/1942 1529/1945 1505/1976
f 1493/1977 1519/1944 1526/1951 1500/1978
f 1494/1979 1520/1946 1530/1949 1506/1980
f 1495/1981 1521/1948 1528/1943 1502/1982
f 1496/1983 1522/1950 1531/1953 1507/1984
f 1497/1985 1523/1952 1534/1933 1503/1986
f 1498/1987 1524/1954 1527/1947 1501/1988
f 1499/1989 1525/1956 1532/1955 1508/1990
f 1500/1978 1526/1951 1522/1950 1496/1983
f 1501/1988 1527/1947 1520/1946 1494/1979
f 1502/1982 1528/1943 1518/1942 1492/1975
f 1503/1986 1534/1933 1513/1928 1487/1970
f 1504/1971 1533/1957 1525/1956 1499/1989
f 1505/1976 1529/1945 1519/1944 1493/1977
f 1506/1980 1530/1949 1521/1948 1495/1981
f 1507/1984 1531/1953 1523/1952 1497/1985
f 1508/1990 1532/1955 1524/1954 1498/1987
f 1510/1963 1574/1962 1563/1929 1458/1831
f 1511/1941 1594/1967 1592/1930 1459/1862
f 1515/1938 1553/1937 1547/1991 1489/1992
f 1516/1939 1571/1940 1567/1993 1490/1959
f 1535/1994 1591/1839 1592/1930 1541/1995
f 1535/1996 1595/1997 1597/1998 1552/1999
f 1536/2000 1542/2001 1543/2002 1537/2003
f 1536/2000 1578/2004 1582/2005 1542/2001
f 1537/2003 1543/2002 1544/2006 1538/2007
f 1537/2003 1550/2008 1551/2009 1536/2000
f 1538/2007 1544/2006 1545/2010 1539/2011
f 1538/2007 1549/2012 1550/2008 1537/2003
f 1539/2011 1545/2010 1546/1857 1540/1856
f 1539/2011 1548/2013 1549/2012 1538/2007
f 1540/1856 1547/1973 1548/2013 1539/2011
f 1541/1995 1592/1930 1594/1967 1558/2014
f 1541/1995 1596/2015 1595/1997 1535/1994
f 1542/2001 1557/2016 1556/2017 1543/2002
f 1542/2001 1582/2005 1587/2018 1557/2016
f 1543/2002 1556/2017 1555/2019 1544/2006
f 1544/2006 1555/2019 1554/2020 1545/2010
f 1545/2010 1554/2020 1553/1937 1546/1857
f 1547/1991 1553/1937 1554/2020 1548/2021
f 1548/2021 1554/2020 1555/2019 1549/2022
f 1549/2022 1555/2019 1556/2017 1550/2023
f 1550/2023 1556/2017 1557/2016 1551/2024
f 1551/2009 1583/2025 1578/2004 1536/2000
f 1552/1999 1593/1840 1591/1839 1535/1996
f 1552/2026 1597/2027 1598/2028 1558/2029
f 1557/2016 1587/2018 1583/2030 1551/2024
f 1558/2029 1594/1967 1593/1966 1552/2026
f 1558/2029 1598/2028 1596/2015 1541/1995
f 1559/1832 1563/1929 1564/2031 1560/2032
f 1560/2032 1564/2031 1565/2033 1561/2034
f 1560/2032 1569/2035 1570/1833 1559/1832
f 1561/2034 1565/2033 1566/1861 1562/1860
f 1561/2034 1568/2036 1569/2035 1560/2032
f 1562/1860 1567/1974 1568/2036 1561/2034
f 1563/1929 1574/1962 1573/2037 1564/2031
f 1564/2031 1573/2037 1572/2038 1565/2033
f 1565/2033 1572/2038 1571/1940 1566/1861
f 1567/1993 1571/1940 1572/2038 1568/2039
f 1568/2039 1572/2038 1573/2037 1569/2040
f 1569/2040 1573/2037 1574/1962 1570/1961
f 1575/2041 1579/2042 1580/2043 1576/2044
f 1575/2041 1595/1997 1596/2015 1579/2042
f 1576/2044 1580/2043 1581/2045 1577/2046
f 1576/2044 1585/2047 1586/2048 1575/2041
f 1577/2046 1581/2045 1582/2005 1578/2004
f 1577/2046 1584/2049 1585/2047 1576/2044
f 1578/2004 1583/2025 1584/2049 1577/2046
f 1579/2042 1590/2050 1589/2051 1580/2043
f 1579/2042 1596/2015 1598/2028 1590/2050
f 1580/2043 1589/2051 1588/2052 1581/2045
f 1581/2045 1588/2052 1587/2018 1582/2005
f 1583/2030 1587/2018 1588/2052 1584/2053
f 1584/2053 1588/2052 1589/2051 1585/2054
f 1585/2054 1589/2051 1590/2050 1586/2055
f 1586/2048 1597/1998 1595/1997 1575/2041
f 1590/2050 1598/2028 1597/2027 1586/2055
f 1599/2056 1816/2057 2183/2058 1805/2059
f 1599/2056 1835/2060 2195/2061 1816/2057
f 1600/2062 1828/2063 2169/2064 1789/2065
f 1600/2062 1835/2066 2201/2067 1828/2063
f 1601/2068 1827/2069 2189/2070 1806/2071
f 1601/2068 1836/2072 2201/2073 1827/2069
f 1602/2074 1819/2075 2155/2076 1790/2077
f 1602/2074 1836/2078 2197/2079 1819/2075
f 1603/2080 1817/2081 2150/2082 1791/2083
f 1603/2080 1837/2084 2196/2085 1817/2081
f 1604/2086 1830/2087 2190/2088 1807/2089
f 1604/2086 1837/2090 2202/2091 1830/2087
f 1605/2092 1829/2093 2170/2094 1792/2095
f 1605/2092 1838/2096 2202/2097 1829/2093
f 1606/2098 1822/2099 2186/2100 1808/2101
f 1606/2098 1838/2102 2198/2103 1822/2099
f 1607/2104 1831/2105 2191/2106 1809/2107
f 1607/2104 1839/2108 2203/2109 1831/2105
f 1608/2110 1811/2111 2147/2112 1801/2113
f 1608/2110 1839/2114 2193/2115 1811/2111
f 1609/2116 1833/2117 2178/2118 1802/2119
f 1609/2116 1840/2120 2204/2121 1833/2117
f 1610/2122 1814/2123 2182/2124 1810/2125
f 1610/2122 1840/2126 2194/2127 1814/2123
f 1611/2128 1845/2129 2144/2130 1781/2131
f 1611/2128 1865/2132 2207/2133 1845/2129
f 1612/2134 1857/2135 2189/2136 1805/2137
f 1612/2134 1865/2138 2213/2139 1857/2135
f 1613/2140 1858/2141 2165/2142 1782/2143
f 1613/2140 1866/2144 2213/2145 1858/2141
f 1614/2146 1850/2147 2185/2148 1806/2149
f 1614/2146 1866/2150 2209/2151 1850/2147
f 1615/2152 1848/2153 2184/2154 1807/2155
f 1615/2152 1867/2156 2208/2157 1848/2153
f 1616/2158 1859/2159 2167/2160 1785/2161
f 1616/2158 1867/2162 2214/2163 1859/2159
f 1617/2164 1860/2165 2190/2166 1808/2167
f 1617/2164 1868/2168 2214/2169 1860/2165
f 1618/2170 1851/2171 2153/2172 1786/2173
f 1618/2170 1868/2174 2210/2175 1851/2171
f 1619/2176 1861/2177 2173/2178 1797/2179
f 1619/2176 1869/2180 2215/2181 1861/2177
f 1620/2182 1842/2183 2181/2184 1809/2185
f 1620/2182 1869/2186 2205/2187 1842/2183
f 1621/2188 1864/2189 2192/2190 1810/2191
f 1621/2188 1870/2192 2216/2193 1864/2189
f 1622/2194 1843/2195 2141/2196 1799/2197
f 1622/2194 1870/2198 2206/2199 1843/2195
f 1623/2200 1873/2201 2152/2202 1784/2203
f 1623/2200 1880/2204 2219/2205 1873/2201
f 1624/2206 1877/2207 2168/2208 1788/2209
f 1624/2206 1881/2210 2223/2211 1877/2207
f 1625/2212 1871/2213 2139/2214 1798/2215
f 1625/2212 1882/2216 2217/2217 1871/2213
f 1626/2218 1879/2219 2176/2220 1800/2221
f 1626/2218 1883/2222 2225/2223 1879/2219
f 1627/2224 1888/2225 2149/2226 1789/2227
f 1627/2224 1905/2228 2327/2229 1888/2225
f 1628/2230 1897/2231 2169/2232 1790/2233
f 1628/2230 1906/2234 2234/2235 1897/2231
f 1629/2236 1891/2237 2219/2205 1880/2204
f 1629/2236 1906/2238 2230/2239 1891/2237
f 1630/2240 1899/2241 2170/2242 1791/2243
f 1630/2240 1907/2244 2235/2245 1899/2241
f 1631/2246 1900/2247 2223/2211 1881/2210
f 1631/2246 1908/2248 2235/2249 1900/2247
f 1632/2250 1892/2251 2156/2252 1792/2253
f 1632/2250 1908/2254 2231/2255 1892/2251
f 1633/2256 1885/2257 2217/2217 1882/2216
f 1633/2256 1909/2258 2226/2259 1885/2257
f 1634/2260 1901/2261 2177/2262 1801/2263
f 1634/2260 1909/2264 2236/2265 1901/2261
f 1635/2266 1904/2267 2225/2223 1883/2222
f 1635/2266 1910/2268 2237/2269 1904/2267
f 1636/2270 1886/2271 2148/2272 1802/2273
f 1636/2270 1910/2274 2227/2275 1886/2271
f 1637/2276 1916/2277 2159/2278 1793/2279
f 1637/2276 1953/2280 2240/2281 1916/2277
f 1638/2282 1927/2283 2165/2284 1781/2285
f 1638/2282 1953/2286 2246/2287 1927/2283
f 1639/2288 1928/2289 2171/2290 1794/2291
f 1639/2288 1954/2292 2246/2293 1928/2289
f 1640/2294 1923/2295 2151/2296 1782/2297
f 1640/2294 1954/2298 2244/2299 1923/2295
f 1641/2300 1926/2301 2164/2302 1796/2303
f 1641/2300 1955/2304 2245/2305 1926/2301
f 1642/2306 1929/2307 2166/2308 1784/2309
f 1642/2306 1955/2310 2247/2311 1929/2307
f 1643/2312 1930/2313 2172/2314 1795/2315
f 1643/2312 1956/2316 2247/2317 1930/2313
f 1643/2312 2316/2318 2329/2319 1956/2316
f 1644/2320 2317/2321 2324/2322 1783/2323
f 1645/2324 1932/2325 2179/2326 1803/2327
f 1645/2324 1957/2328 2248/2329 1932/2325
f 1646/2330 1911/2331 2140/2332 1797/2333
f 1646/2330 1957/2334 2238/2335 1911/2331
f 1647/2336 1933/2337 2174/2338 1798/2339
f 1647/2336 1958/2340 2249/2341 1933/2337
f 1648/2342 1914/2343 2158/2344 1804/2345
f 1648/2342 1958/2346 2239/2347 1914/2343
f 1649/2348 1936/2349 2187/2350 1824/2351
f 1649/2348 1959/2352 2250/2353 1936/2349
f 1650/2354 1939/2355 2193/2356 1812/2357
f 1650/2354 1959/2358 2252/2359 1939/2355
f 1651/2360 1940/2361 2199/2362 1823/2363
f 1651/2360 1960/2364 2252/2365 1940/2361
f 1652/2366 1919/2367 2147/2368 1811/2369
f 1652/2366 1960/2370 2242/2371 1919/2367
f 1653/2372 1937/2373 2183/2058 1816/2057
f 1653/2372 1961/2374 2251/2375 1937/2373
f 1654/2376 1942/2377 2200/2378 1825/2379
f 1654/2376 1961/2380 2253/2381 1942/2377
f 1655/2382 1941/2383 2195/2384 1815/2385
f 1655/2382 1962/2386 2253/2387 1941/2383
f 1656/2388 1922/2389 2162/2390 1826/2391
f 1656/2388 1962/2392 2243/2393 1922/2389
f 1657/2394 1912/2395 2157/2396 1853/2397
f 1657/2394 1963/2398 2238/2399 1912/2395
f 1658/2400 1943/2401 2205/2402 1841/2403
f 1658/2400 1963/2404 2254/2405 1943/2401
f 1659/2406 1944/2407 2211/2408 1854/2409
f 1659/2406 1964/2410 2254/2411 1944/2407
f 1660/2412 1935/2413 2181/2414 1842/2415
f 1660/2412 1964/2416 2250/2417 1935/2413
f 1661/2418 1915/2419 2144/2130 1845/2129
f 1661/2418 1965/2420 2240/2421 1915/2419
f 1662/2422 1946/2423 2212/2424 1856/2425
f 1662/2422 1965/2426 2255/2427 1946/2423
f 1663/2428 1945/2429 2207/2430 1846/2431
f 1663/2428 1966/2432 2255/2433 1945/2429
f 1664/2434 1938/2435 2188/2436 1855/2437
f 1664/2434 1966/2438 2251/2439 1938/2435
f 1665/2440 1913/2441 2139/2442 1871/2443
f 1665/2440 1967/2444 2239/2445 1913/2441
f 1666/2446 1948/2447 2221/2448 1875/2449
f 1666/2446 1967/2450 2256/2451 1948/2447
f 1667/2452 1920/2453 2161/2454 1894/2455
f 1667/2452 1968/2456 2242/2457 1920/2453
f 1668/2458 1949/2459 2226/2460 1884/2461
f 1668/2458 1968/2462 2257/2463 1949/2459
f 1669/2464 1950/2465 2232/2466 1895/2467
f 1669/2464 1969/2468 2257/2469 1950/2465
f 1670/2470 1947/2471 2217/2472 1885/2473
f 1670/2470 1969/2474 2256/2475 1947/2471
f 1671/2476 1921/2477 2149/2226 1888/2225
f 1671/2476 1970/2478 2243/2479 1921/2477
f 1671/2476 2333/2480 2340/2481 1970/2478
f 1672/2482 2334/2483 2339/2484 1896/2485
f 1673/2486 1975/2487 2145/2488 1785/2489
f 1673/2486 2013/2490 2261/2491 1975/2487
f 1674/2492 1988/2493 2171/2494 1793/2495
f 1674/2492 2013/2496 2267/2497 1988/2493
f 1675/2498 1987/2499 2167/2500 1786/2501
f 1675/2498 2014/2502 2267/2503 1987/2499
f 1676/2504 1984/2505 2163/2506 1794/2507
f 1676/2504 2014/2508 2265/2509 1984/2505
f 1677/2510 1985/2511 2154/2512 1788/2513
f 1677/2510 2015/2514 2266/2515 1985/2511
f 1678/2516 1990/2517 2172/2518 1796/2519
f 1678/2516 2015/2520 2268/2521 1990/2517
f 1679/2522 1989/2523 2168/2524 1787/2525
f 1679/2522 2016/2526 2268/2527 1989/2523
f 1679/2522 2318/2528 2330/2529 2016/2526
f 1680/2530 2319/2531 2326/2532 1795/2533
f 1681/2534 1991/2535 2175/2536 1799/2537
f 1681/2534 2017/2538 2269/2539 1991/2535
f 1682/2540 1972/2541 2157/2542 1803/2543
f 1682/2540 2017/2544 2259/2545 1972/2541
f 1683/2546 1973/2547 2142/2548 1800/2549
f 1683/2546 2018/2550 2260/2551 1973/2547
f 1684/2552 1994/2553 2180/2554 1804/2555
f 1684/2552 2018/2556 2270/2557 1994/2553
f 1685/2558 1995/2559 2182/2560 1814/2561
f 1685/2558 2019/2562 2271/2563 1995/2559
f 1686/2564 2000/2565 2199/2566 1824/2567
f 1686/2564 2019/2568 2273/2569 2000/2565
f 1687/2570 1999/2571 2194/2572 1813/2573
f 1687/2570 2020/2574 2273/2575 1999/2571
f 1688/2576 1980/2577 2161/2578 1823/2579
f 1688/2576 2020/2580 2263/2581 1980/2577
f 1689/2582 1998/2583 2188/2584 1825/2585
f 1689/2582 2021/2586 2272/2587 1998/2583
f 1690/2588 2001/2589 2196/2590 1818/2591
f 1690/2588 2021/2592 2274/2593 2001/2589
f 1691/2594 2002/2595 2200/2596 1826/2597
f 1691/2594 2022/2598 2274/2599 2002/2595
f 1692/2600 1981/2601 2150/2082 1817/2081
f 1692/2600 2022/2602 2264/2603 1981/2601
f 1693/2604 1971/2605 2141/2606 1843/2607
f 1693/2604 2023/2608 2259/2609 1971/2605
f 1694/2610 2004/2611 2211/2612 1853/2613
f 1694/2610 2023/2614 2275/2615 2004/2611
f 1695/2616 2003/2617 2206/2618 1844/2619
f 1695/2616 2024/2620 2275/2621 2003/2617
f 1696/2622 1996/2623 2187/2624 1854/2625
f 1696/2622 2024/2626 2271/2627 1996/2623
f 1697/2628 1976/2629 2159/2630 1856/2631
f 1697/2628 2025/2632 2261/2633 1976/2629
f 1698/2634 2005/2635 2208/2636 1847/2637
f 1698/2634 2025/2638 2276/2639 2005/2635
f 1699/2640 2006/2641 2212/2642 1855/2643
f 1699/2640 2026/2644 2276/2645 2006/2641
f 1700/2646 1997/2647 2184/2154 1848/2153
f 1700/2646 2026/2648 2272/2649 1997/2647
f 1701/2650 2007/2651 2218/2652 1872/2653
f 1701/2650 2027/2654 2277/2655 2007/2651
f 1702/2656 1974/2657 2158/2658 1875/2659
f 1702/2656 2027/2660 2260/2661 1974/2657
f 1703/2662 1979/2663 2148/2664 1886/2665
f 1703/2662 2028/2666 2263/2667 1979/2663
f 1704/2668 2010/2669 2232/2670 1894/2671
f 1704/2668 2028/2672 2278/2673 2010/2669
f 1705/2674 2009/2675 2227/2676 1887/2677
f 1705/2674 2029/2678 2278/2679 2009/2675
f 1706/2680 2008/2681 2221/2682 1895/2683
f 1706/2680 2029/2684 2277/2685 2008/2681
f 1707/2686 1982/2687 2162/2688 1896/2689
f 1707/2686 2030/2690 2264/2691 1982/2687
f 1707/2686 2335/2692 2341/2693 2030/2690
f 1708/2694 2336/2695 2338/2696 1889/2697
f 1709/2698 1876/2699 2166/2700 1783/2701
f 1709/2698 2032/2702 2222/2703 1876/2699
f 1709/2698 2320/2704 2331/2705 2032/2702
f 1710/2706 1905/2707 2234/2708 1898/2709
f 1710/2706 2321/2710 2327/2229 1905/2707
f 1711/2711 2322/2712 2325/2713 1787/2714
f 1712/2715 2035/2716 2223/2211 1900/2247
f 1712/2715 2323/2717 2332/2718 2035/2716
f 1713/2719 2039/2720 2281/2721 2036/2722
f 1713/2723 2815/2724 2818/2725 2038/2726
f 1714/2727 2041/2728 2146/2729 2034/2730
f 1715/2731 2838/2732 2840/2733 2033/2734
f 1716/2735 2042/2736 2280/2737 2031/2738
f 1716/2735 2046/2739 2283/2740 2042/2736
f 1717/2741 2049/2742 2279/2743 2012/2744
f 1718/2745 2037/2746 2229/2747 2011/2748
f 1718/2745 2050/2749 2289/2750 2037/2746
f 1719/2751 2053/2752 2160/2753 1978/2754
f 1720/2755 2051/2756 2262/2757 1977/2758
f 1720/2755 2054/2759 2285/2760 2051/2756
f 1721/2761 2047/2762 2233/2763 1952/2764
f 1721/2761 2056/2765 2288/2766 2047/2762
f 1722/2767 2055/2768 2258/2769 1951/2770
f 1722/2767 2057/2771 2286/2772 2055/2768
f 1723/2773 2059/2774 2241/2775 1918/2776
f 1724/2777 2045/2778 2143/2779 1917/2780
f 1724/2777 2060/2781 2293/2782 2045/2778
f 1725/2783 2062/2784 2293/2782 2060/2781
f 1726/2785 2061/2786 2287/2787 2058/2788
f 1727/2789 2065/2790 2286/2772 2057/2771
f 1728/2791 2066/2792 2288/2766 2056/2765
f 1729/2793 2068/2794 2285/2760 2054/2759
f 1730/2795 2063/2796 2291/2797 2052/2798
f 1731/2799 2070/2800 2289/2750 2050/2749
f 1732/2801 2069/2802 2284/2803 2048/2804
f 1733/2805 2071/2806 2283/2740 2046/2739
f 1734/2807 2839/2808 2841/2809 2043/2810
f 1735/2811 2067/2812 2292/2813 2040/2814
f 1736/2815 2072/2816 2282/2817 2038/2818
f 1737/2819 2090/2820 2191/2106 1831/2105
f 1737/2819 2117/2821 2302/2822 2090/2820
f 1738/2823 2093/2824 2197/2825 1820/2826
f 1738/2823 2117/2827 2304/2828 2093/2824
f 1739/2829 2094/2830 2203/2831 1832/2832
f 1739/2829 2118/2833 2304/2834 2094/2830
f 1740/2835 2081/2836 2155/2076 1819/2075
f 1740/2835 2118/2837 2298/2838 2081/2836
f 1741/2839 2084/2840 2178/2118 1833/2117
f 1741/2839 2119/2841 2299/2842 2084/2840
f 1742/2843 2095/2844 2198/2845 1821/2846
f 1742/2843 2119/2847 2305/2848 2095/2844
f 1743/2849 2096/2850 2204/2851 1834/2852
f 1743/2849 2120/2853 2305/2854 2096/2850
f 1744/2855 2091/2856 2186/2100 1822/2099
f 1744/2855 2120/2857 2303/2858 2091/2856
f 1745/2859 2074/2860 2173/2178 1861/2177
f 1745/2859 2121/2861 2294/2862 2074/2860
f 1746/2863 2097/2864 2209/2865 1849/2866
f 1746/2863 2121/2867 2306/2868 2097/2864
f 1747/2869 2098/2870 2215/2871 1862/2872
f 1747/2869 2122/2873 2306/2874 2098/2870
f 1748/2875 2089/2876 2185/2148 1850/2147
f 1748/2875 2122/2877 2302/2878 2089/2876
f 1749/2879 2092/2880 2192/2190 1864/2189
f 1749/2879 2123/2881 2303/2882 2092/2880
f 1750/2883 2099/2884 2210/2885 1852/2886
f 1750/2883 2123/2887 2307/2888 2099/2884
f 1751/2889 2100/2890 2216/2891 1863/2892
f 1751/2889 2124/2893 2307/2894 2100/2890
f 1752/2895 2077/2896 2153/2172 1851/2171
f 1752/2895 2124/2897 2296/2898 2077/2896
f 1753/2899 2075/2900 2152/2202 1873/2201
f 1753/2899 2125/2901 2295/2902 2075/2900
f 1754/2903 2102/2904 2224/2905 1878/2906
f 1754/2903 2125/2907 2308/2908 2102/2904
f 1755/2909 2080/2910 2176/2220 1879/2219
f 1755/2909 2126/2911 2297/2912 2080/2910
f 1756/2913 2103/2914 2220/2915 1874/2916
f 1756/2913 2126/2917 2309/2918 2103/2914
f 1757/2919 2101/2920 2219/2205 1891/2237
f 1757/2919 2127/2921 2308/2922 2101/2920
f 1758/2923 2106/2924 2236/2925 1902/2926
f 1758/2923 2127/2927 2310/2928 2106/2924
f 1759/2929 2105/2930 2230/2931 1890/2932
f 1759/2929 2128/2933 2310/2934 2105/2930
f 1760/2935 2082/2936 2177/2262 1901/2261
f 1760/2935 2128/2937 2298/2938 2082/2936
f 1761/2939 2104/2940 2225/2223 1904/2267
f 1761/2939 2129/2941 2309/2942 2104/2940
f 1762/2943 2107/2944 2231/2945 1893/2946
f 1762/2943 2129/2947 2311/2948 2107/2944
f 1763/2949 2108/2950 2237/2951 1903/2952
f 1763/2949 2130/2953 2311/2954 2108/2950
f 1764/2955 2083/2956 2156/2252 1892/2251
f 1764/2955 2130/2957 2299/2958 2083/2956
f 1765/2959 2086/2960 2179/2326 1932/2325
f 1765/2959 2131/2961 2300/2962 2086/2960
f 1766/2963 2109/2964 2244/2965 1924/2966
f 1766/2963 2131/2967 2312/2968 2109/2964
f 1767/2969 2110/2970 2248/2971 1931/2972
f 1767/2969 2132/2973 2312/2974 2110/2970
f 1768/2975 2073/2976 2151/2296 1923/2295
f 1768/2975 2132/2977 2294/2978 2073/2976
f 1769/2979 2087/2980 2164/2302 1926/2301
f 1769/2979 2133/2981 2301/2982 2087/2980
f 1770/2983 2112/2984 2249/2985 1934/2986
f 1770/2983 2133/2987 2313/2988 2112/2984
f 1771/2989 2111/2990 2245/2991 1925/2992
f 1771/2989 2134/2993 2313/2994 2111/2990
f 1772/2995 2076/2996 2174/2338 1933/2337
f 1772/2995 2134/2997 2295/2998 2076/2996
f 1773/2999 2078/3000 2175/2536 1991/2535
f 1773/2999 2135/3001 2296/3002 2078/3000
f 1774/3003 2113/3004 2265/3005 1983/3006
f 1774/3003 2135/3007 2314/3008 2113/3004
f 1775/3009 2114/3010 2269/3011 1992/3012
f 1775/3009 2136/3013 2314/3014 2114/3010
f 1776/3015 2085/3016 2163/2506 1984/2505
f 1776/3015 2136/3017 2300/3018 2085/3016
f 1777/3019 2079/3020 2154/2512 1985/2511
f 1777/3019 2137/3021 2297/3022 2079/3020
f 1778/3023 2116/3024 2270/3025 1993/3026
f 1778/3023 2137/3027 2315/3028 2116/3024
f 1779/3029 2115/3030 2266/3031 1986/3032
f 1779/3029 2138/3033 2315/3034 2115/3030
f 1780/3035 2088/3036 2180/2554 1994/2553
f 1780/3035 2138/3037 2301/3038 2088/3036
f 1781/2131 2144/2130 1915/2419 1638/2282
f 1781/2285 2165/2284 1858/2141 1611/2128
f 1782/2297 2151/2296 1849/3039 1613/2140
f 1782/2143 2165/2142 1927/2283 1640/2294
f 1783/2701 2166/2700 1929/2307 1644/2320
f 1783/2701 2324/2322 2320/2704 1709/2698
f 1784/2203 2152/2202 1925/3040 1642/2306
f 1784/2309 2166/2308 1876/2699 1623/2200
f 1785/2161 2145/2488 1847/3041 1616/2158
f 1785/2489 2167/2160 1987/2499 1673/2486
f 1786/2501 2153/2172 1983/3042 1675/2498
f 1786/2173 2167/2500 1859/2159 1618/2170
f 1787/2525 2168/2524 1877/2207 1711/2711
f 1787/2525 2325/2713 2318/2528 1679/2522
f 1788/2513 2154/2512 1874/3043 1624/2206
f 1788/2513 2168/2208 1989/2523 1677/2510
f 1789/2227 2149/2226 1815/3044 1600/2062
f 1789/2065 2169/2064 1897/2231 1627/2224
f 1790/2077 2155/2076 1890/3045 1628/2230
f 1790/2233 2169/2232 1828/2063 1602/2074
f 1791/2083 2150/2082 1889/3046 1630/2240
f 1791/2243 2170/2242 1829/2093 1603/2080
f 1792/2253 2156/2252 1821/3047 1605/2092
f 1792/2253 2170/2094 1899/2241 1632/2250
f 1793/2495 2159/2278 1976/2629 1674/2492
f 1793/2495 2171/2494 1928/2289 1637/2276
f 1794/2507 2163/2506 1924/3048 1639/2288
f 1794/2507 2171/2290 1988/2493 1676/2504
f 1795/2533 2172/2518 1990/2517 1680/2530
f 1795/2315 2326/3049 2316/2318 1643/2312
f 1796/2519 2164/3050 1986/3051 1678/2516
f 1796/2303 2172/2314 1930/2313 1641/2300
f 1797/2179 2140/2332 1841/3052 1619/2176
f 1797/2333 2173/2178 1931/3053 1646/2330
f 1798/2339 2139/2214 1913/3054 1647/2336
f 1798/2215 2174/2338 1878/3055 1625/2212
f 1799/2537 2141/2196 1971/3056 1681/2534
f 1799/2197 2175/2536 1863/3057 1622/2194
f 1800/2221 2142/2548 1872/3058 1626/2218
f 1800/2549 2176/2220 1993/3059 1683/2546
f 1801/2263 2147/2112 1884/3060 1634/2260
f 1801/2113 2177/2262 1832/3061 1608/2110
f 1802/2119 2148/2272 1813/3062 1609/2116
f 1802/2273 2178/2118 1903/3063 1636/2270
f 1803/2327 2157/2542 1912/3064 1645/2324
f 1803/2543 2179/2326 1992/3065 1682/2540
f 1804/2555 2158/3066 1974/3067 1684/2552
f 1804/2345 2180/3068 1934/3069 1648/2342
f 1805/2059 2183/2058 1846/3070 1612/2134
f 1805/2137 2189/2136 1827/2069 1599/2056
f 1806/2149 2185/2148 1820/3071 1601/2068
f 1806/2071 2189/2070 1857/2135 1614/2146
f 1807/2155 2184/2154 1818/3072 1604/2086
f 1807/2155 2190/2088 1860/2165 1615/2152
f 1808/2167 2186/2100 1852/3073 1617/2164
f 1808/2167 2190/2166 1830/2087 1606/2098
f 1809/2185 2181/2184 1812/3074 1607/2104
f 1809/2185 2191/2106 1862/3075 1620/2182
f 1810/2191 2182/2124 1844/3076 1621/2188
f 1810/2191 2192/2190 1834/3077 1610/2122
f 1811/2369 2193/2356 1939/2355 1652/2366
f 1812/2357 2181/2414 1935/2413 1650/2354
f 1812/3074 2193/2115 1839/2114 1607/2104
f 1813/2573 2148/2664 1979/2663 1687/2570
f 1813/3062 2194/2127 1840/2126 1609/2116
f 1814/2561 2194/2572 1999/2571 1685/2558
f 1815/2385 2149/2226 1921/2477 1655/2382
f 1815/2385 2195/2384 1835/2060 1600/2062
f 1816/2057 2195/2061 1941/2383 1653/2372
f 1817/2081 2196/2085 2001/2589 1692/2600
f 1818/2591 2184/2154 1997/2647 1690/2588
f 1818/2591 2196/2590 1837/2084 1604/2086
f 1819/2075 2197/2079 2093/2824 1740/2835
f 1820/2826 2185/2148 2089/2876 1738/2823
f 1820/2826 2197/2825 1836/2078 1601/2068
f 1821/2846 2156/2252 2083/2956 1742/2843
f 1821/2846 2198/2845 1838/2102 1605/2092
f 1822/2099 2198/2103 2095/2844 1744/2855
f 1823/2579 2161/2578 1920/2453 1651/2360
f 1823/2579 2199/2362 2000/2565 1688/2576
f 1824/2351 2187/2350 1996/2623 1686/2564
f 1824/2567 2199/2566 1940/2361 1649/2348
f 1825/2585 2188/2584 1938/2435 1654/2376
f 1825/2585 2200/2378 2002/2595 1689/2582
f 1826/2597 2162/2390 1982/2687 1691/2594
f 1826/2597 2200/2596 1942/2377 1656/2388
f 1827/2069 2201/2073 1835/2066 1599/2056
f 1828/2063 2201/2067 1836/2072 1602/2074
f 1829/2093 2202/2097 1837/2090 1603/2080
f 1830/2087 2202/2091 1838/2096 1606/2098
f 1831/2105 2203/2109 2094/2830 1737/2819
f 1832/2832 2177/2262 2082/2936 1739/2829
f 1832/3061 2203/2831 1839/2108 1608/2110
f 1833/2117 2204/2121 2096/2850 1741/2839
f 1834/2852 2192/2190 2092/2880 1743/2849
f 1834/3077 2204/2851 1840/2120 1610/2122
f 1841/2403 2140/3078 1911/3079 1658/2400
f 1841/3052 2205/2187 1869/2186 1619/2176
f 1842/2415 2205/2402 1943/2401 1660/2412
f 1843/2607 2206/2618 2003/2617 1693/2604
f 1844/2619 2182/2560 1995/2559 1695/2616
f 1844/3076 2206/2199 1870/2198 1621/2188
f 1845/2129 2207/2133 1945/2429 1661/2418
f 1846/2431 2183/2058 1937/2373 1663/2428
f 1846/3070 2207/2430 1865/2132 1612/2134
f 1847/2637 2145/2488 1975/2487 1698/2634
f 1847/3041 2208/2636 1867/2156 1616/2158
f 1848/2153 2208/2157 2005/2635 1700/2646
f 1849/3039 2151/2296 2073/2976 1746/2863
f 1849/3039 2209/2865 1866/2150 1613/2140
f 1850/2147 2209/2151 2097/2864 1748/2875
f 1851/2171 2210/2175 2099/2884 1752/2895
f 1852/2886 2186/2100 2091/2856 1750/2883
f 1852/3073 2210/2885 1868/2174 1617/2164
f 1853/2397 2157/2396 1972/3080 1694/2610
f 1853/2397 2211/2612 1944/2407 1657/2394
f 1854/2409 2187/2624 1936/2349 1659/2406
f 1854/2409 2211/2408 2004/2611 1696/2622
f 1855/2437 2188/2436 1998/2583 1699/2640
f 1855/2437 2212/2642 1946/2423 1664/2434
f 1856/2631 2159/2630 1916/2277 1662/2422
f 1856/2425 2212/2424 2006/2641 1697/2628
f 1857/2135 2213/2139 1866/2144 1614/2146
f 1858/2141 2213/2145 1865/2138 1611/2128
f 1859/2159 2214/2163 1868/2168 1618/2170
f 1860/2165 2214/2169 1867/2162 1615/2152
f 1861/2177 2215/2181 2098/2870 1745/2859
f 1862/3075 2191/2106 2090/2820 1747/2869
f 1862/2872 2215/2871 1869/2180 1620/2182
f 1863/2892 2175/2536 2078/3000 1751/2889
f 1863/2892 2216/2891 1870/2192 1622/2194
f 1864/2189 2216/2193 2100/2890 1749/2879
f 1871/2443 2217/2472 1947/2471 1665/2440
f 1872/2653 2142/3081 1973/3082 1701/2650
f 1872/3058 2218/3083 1883/2222 1626/2218
f 1873/2201 2219/2205 2101/2920 1753/2899
f 1874/3043 2154/2512 2079/3020 1756/2913
f 1874/2916 2220/2915 1881/2210 1624/2206
f 1875/2449 2158/2658 1914/3084 1666/2446
f 1875/2449 2221/2448 2008/2681 1702/2656
f 1876/2699 2222/2703 1880/2204 1623/2200
f 1877/2207 2223/2211 2035/2716 1711/2711
f 1878/3055 2174/2338 2076/2996 1754/2903
f 1878/2906 2224/2905 1882/2216 1625/2212
f 1879/2219 2225/2223 2104/2940 1755/2909
f 1880/2204 2222/2703 1898/3085 1629/2236
f 1881/2210 2220/2915 1893/3086 1631/2246
f 1882/2216 2224/2905 1902/3087 1633/2256
f 1883/2222 2218/3083 1887/3088 1635/2266
f 1884/2461 2147/2368 1919/2367 1668/2458
f 1884/3060 2226/2259 1909/2258 1634/2260
f 1885/2473 2226/2460 1949/2459 1670/2470
f 1886/2665 2227/2676 2009/2675 1703/2662
f 1887/2677 2218/2652 2007/2651 1705/2674
f 1887/3088 2227/2275 1910/2274 1635/2266
f 1888/2225 2337/3089 2333/2480 1671/2476
f 1889/2697 2150/2082 1981/2601 1708/2694
f 1889/3046 2328/3090 1907/2244 1630/2240
f 1889/2697 2338/2696 2354/3091 2328/3090
f 1890/2932 2155/2076 2081/2836 1759/2929
f 1890/2932 2230/2931 1906/2238 1628/2230
f 1891/2237 2230/2239 2105/2930 1757/2919
f 1892/2251 2231/2255 2107/2944 1764/2955
f 1893/2946 2220/2915 2103/2914 1762/2943
f 1893/3086 2231/2945 1908/2254 1631/2246
f 1894/2455 2161/2454 1980/2577 1704/2668
f 1894/2455 2232/2670 1950/2465 1667/2452
f 1895/2467 2221/2682 1948/2447 1669/2464
f 1895/2683 2232/2466 2010/2669 1706/2680
f 1896/2689 2162/2688 1922/2389 1672/2482
f 1896/2689 2339/2484 2335/2692 1707/2686
f 1897/2231 2234/2235 1905/2707 1627/2224
f 1898/2709 2222/2703 2032/2702 1710/2706
f 1898/3085 2234/2708 1906/2234 1629/2236
f 1899/2241 2235/2245 1908/2248 1632/2250
f 1900/2247 2235/2249 1907/2244 1712/2715
f 1901/2261 2236/2265 2106/2924 1760/2935
f 1902/2926 2224/2905 2102/2904 1758/2923
f 1902/3087 2236/2925 1909/2264 1633/2256
f 1903/3063 2178/2118 2084/2840 1763/2949
f 1903/3063 2237/2951 1910/2268 1636/2270
f 1904/2267 2237/2269 2108/2950 1761/2939
f 1907/2244 2328/3090 2323/2717 1712/2715
f 1911/3079 2238/2399 1963/2398 1658/2400
f 1912/3064 2238/2335 1957/2334 1645/2324
f 1913/3054 2239/2347 1958/2346 1647/2336
f 1914/3084 2239/2445 1967/2444 1666/2446
f 1915/2419 2240/2421 1953/2280 1638/2282
f 1916/2277 2240/2281 1965/2420 1662/2422
f 1917/2780 2241/2775 2059/2774 1724/2777
f 1917/2780 2567/3092 2757/3093 2241/2775
f 1918/2776 2160/2753 2053/2752 1723/2773
f 1918/2776 2548/3094 2738/3095 2160/2753
f 1919/2367 2242/2371 1968/2456 1668/2458
f 1920/2453 2242/2457 1960/2370 1651/2360
f 1921/2477 2243/2479 1962/2392 1655/2382
f 1922/2389 2243/2393 1970/2478 1672/2482
f 1923/2295 2244/2299 2109/2964 1768/2975
f 1924/2966 2163/2506 2085/3016 1766/2963
f 1924/3048 2244/2965 1954/2298 1639/2288
f 1925/2992 2152/2202 2075/2900 1771/2989
f 1925/2992 2245/2991 1955/2304 1642/2306
f 1926/2301 2245/2305 2111/2990 1769/2979
f 1927/2283 2246/2287 1954/2292 1640/2294
f 1928/2289 2246/2293 1953/2286 1637/2276
f 1929/2307 2247/2311 1956/2316 1644/2320
f 1930/2313 2247/2317 1955/2310 1641/2300
f 1931/2972 2173/2178 2074/2860 1767/2969
f 1931/3053 2248/2971 1957/2328 1646/2330
f 1932/2325 2248/2329 2110/2970 1765/2959
f 1933/2337 2249/2341 2112/2984 1772/2995
f 1934/2986 2180/3068 2088/3096 1770/2983
f 1934/3069 2249/2985 1958/2340 1648/2342
f 1935/2413 2250/2417 1959/2352 1650/2354
f 1936/2349 2250/2353 1964/2416 1659/2406
f 1937/2373 2251/2375 1966/2438 1663/2428
f 1938/2435 2251/2439 1961/2374 1654/2376
f 1939/2355 2252/2359 1960/2364 1652/2366
f 1940/2361 2252/2365 1959/2358 1649/2348
f 1941/2383 2253/2387 1961/2380 1653/2372
f 1942/2377 2253/2381 1962/2386 1656/2388
f 1943/2401 2254/2405 1964/2410 1660/2412
f 1944/2407 2254/2411 1963/2404 1657/2394
f 1945/2429 2255/2433 1965/2426 1661/2418
f 1946/2423 2255/2427 1966/2432 1664/2434
f 1947/2471 2256/2475 1967/2450 1665/2440
f 1948/2447 2256/2451 1969/2474 1669/2464
f 1949/2459 2257/2463 1969/2468 1670/2470
f 1950/2465 2257/2469 1968/2462 1667/2452
f 1951/2770 2228/3097 2044/3098 1722/2767
f 1951/2770 2377/3099 2453/3100 2228/3097
f 1952/2764 2258/2769 2055/2768 1721/2761
f 1952/2764 2396/3101 2510/3102 2258/2769
f 1956/2316 2329/2319 2317/2321 1644/2320
f 1970/2478 2340/2481 2334/2483 1672/2482
f 1971/3056 2259/2545 2017/2544 1681/2534
f 1972/3080 2259/2609 2023/2608 1694/2610
f 1973/3082 2260/2661 2027/2660 1701/2650
f 1974/3067 2260/2551 2018/2550 1684/2552
f 1975/2487 2261/2491 2025/2632 1698/2634
f 1976/2629 2261/2633 2013/2490 1674/2492
f 1977/2758 2146/2729 2041/2728 1720/2755
f 1977/2758 2586/3103 2719/3104 2146/2729
f 1978/2754 2262/2757 2051/2756 1719/2751
f 1978/2754 2605/3105 2776/3106 2262/2757
f 1979/2663 2263/2667 2020/2580 1687/2570
f 1980/2577 2263/2581 2028/2666 1704/2668
f 1981/2601 2264/2603 2030/2690 1708/2694
f 1982/2687 2264/2691 2022/2602 1691/2594
f 1983/3006 2153/2172 2077/2896 1774/3003
f 1983/3006 2265/3005 2014/2508 1675/2498
f 1984/2505 2265/2509 2113/3004 1776/3015
f 1985/2511 2266/2515 2115/3030 1777/3019
f 1986/3032 2164/3050 2087/3107 1779/3029
f 1986/3051 2266/3031 2015/2514 1678/2516
f 1987/2499 2267/2503 2013/2496 1673/2486
f 1988/2493 2267/2497 2014/2502 1676/2504
f 1989/2523 2268/2527 2015/2520 1677/2510
f 1990/2517 2268/2521 2016/2526 1680/2530
f 1991/2535 2269/2539 2114/3010 1773/2999
f 1992/3012 2179/2326 2086/2960 1775/3009
f 1992/3012 2269/3011 2017/2538 1682/2540
f 1993/3026 2176/2220 2080/2910 1778/3023
f 1993/3059 2270/3025 2018/2556 1683/2546
f 1994/2553 2270/2557 2116/3024 1780/3035
f 1995/2559 2271/2563 2024/2626 1695/2616
f 1996/2623 2271/2627 2019/2562 1686/2564
f 1997/2647 2272/2649 2021/2586 1690/2588
f 1998/2583 2272/2587 2026/2648 1699/2640
f 1999/2571 2273/2575 2019/2568 1685/2558
f 2000/2565 2273/2569 2020/2574 1688/2576
f 2001/2589 2274/2593 2022/2598 1692/2600
f 2002/2595 2274/2599 2021/2592 1689/2582
f 2003/2617 2275/2621 2023/2614 1693/2604
f 2004/2611 2275/2615 2024/2620 1696/2622
f 2005/2635 2276/2639 2026/2644 1700/2646
f 2006/2641 2276/2645 2025/2638 1697/2628
f 2007/2651 2277/2655 2029/2684 1705/2674
f 2008/2681 2277/2685 2027/2654 1702/2656
f 2009/2675 2278/2679 2028/2672 1703/2662
f 2010/2669 2278/2673 2029/2678 1706/2680
f 2011/2748 2279/2743 2049/2742 1718/2745
f 2011/2748 2434/3108 2529/3109 2279/2743
f 2012/2744 2233/2763 2047/2762 1717/2741
f 2012/2744 2415/3110 2491/3111 2233/2763
f 2016/2526 2330/2529 2319/2531 1680/2530
f 2030/2690 2341/2693 2336/2695 1708/2694
f 2031/2738 2143/2779 2045/2778 1716/2735
f 2031/2738 2624/3112 2700/3113 2143/2779
f 2032/2702 2331/2705 2321/2710 1710/2706
f 2033/2734 2280/2737 2042/2736 1715/2731
f 2033/2734 2643/3114 2795/3115 2280/2737
f 2033/2734 2840/2733 2842/3116 2643/3114
f 2034/2730 2281/2721 2039/2720 1714/2727
f 2034/2730 2662/3117 2814/3118 2281/2721
f 2035/2716 2332/2718 2322/2712 1711/2711
f 2036/2722 2817/3119 2815/2724 1713/2719
f 2037/2746 2815/2724 2817/3119 2229/2747
f 2038/2818 2282/2817 2039/2720 1713/2723
f 2038/2818 2818/2725 2816/3120 1736/2815
f 2039/2720 2282/2817 2040/3121 1714/2727
f 2040/3121 2282/2817 2072/2816 1735/2811
f 2040/2814 2292/2813 2041/2728 1714/2727
f 2041/2728 2292/2813 2054/2759 1720/2755
f 2042/2736 2283/2740 2043/3122 1715/2731
f 2043/3122 2283/2740 2071/2806 1734/2807
f 2043/2810 2841/2809 2838/2732 1715/2731
f 2044/3098 2290/3123 2057/2771 1722/2767
f 2044/3098 2838/2732 2841/2809 2290/3123
f 2045/2778 2293/2782 2046/2739 1716/2735
f 2046/2739 2293/2782 2062/2784 1733/2805
f 2047/2762 2288/2766 2048/3124 1717/2741
f 2048/2804 2284/2803 2049/2742 1717/2741
f 2048/2804 2288/2766 2066/2792 1732/2801
f 2049/2742 2284/2803 2050/2749 1718/2745
f 2050/2749 2284/2803 2069/2802 1731/2799
f 2051/2756 2285/2760 2052/3125 1719/2751
f 2052/3125 2285/2760 2068/2794 1730/2795
f 2052/3125 2291/2797 2053/2752 1719/2751
f 2053/2752 2291/2797 2058/3126 1723/2773
f 2054/2759 2292/2813 2067/2812 1729/2793
f 2055/2768 2286/2772 2056/2765 1721/2761
f 2056/2765 2286/2772 2065/2790 1728/2791
f 2057/2771 2290/3123 2064/3127 1727/2789
f 2058/3126 2287/2787 2059/2774 1723/2773
f 2058/2788 2291/2797 2063/2796 1726/2785
f 2059/2774 2287/2787 2060/2781 1724/2777
f 2060/2781 2287/2787 2061/2786 1725/2783
f 2070/2800 2816/3120 2818/2725 2289/2750
f 2073/2976 2294/2978 2121/2861 1746/2863
f 2074/2860 2294/2862 2132/2977 1767/2969
f 2075/2900 2295/2902 2134/2997 1771/2989
f 2076/2996 2295/2998 2125/2901 1754/2903
f 2077/2896 2296/2898 2135/3001 1774/3003
f 2078/3000 2296/3002 2124/2897 1751/2889
f 2079/3020 2297/3022 2126/2911 1756/2913
f 2080/2910 2297/2912 2137/3021 1778/3023
f 2081/2836 2298/2838 2128/2937 1759/2929
f 2082/2936 2298/2938 2118/2837 1739/2829
f 2083/2956 2299/2958 2119/2841 1742/2843
f 2084/2840 2299/2842 2130/2957 1763/2949
f 2085/3016 2300/3018 2131/2961 1766/2963
f 2086/2960 2300/2962 2136/3017 1775/3009
f 2087/3107 2301/3038 2138/3037 1779/3029
f 2088/3096 2301/2982 2133/2981 1770/2983
f 2089/2876 2302/2878 2117/2821 1738/2823
f 2090/2820 2302/2822 2122/2877 1747/2869
f 2091/2856 2303/2858 2123/2881 1750/2883
f 2092/2880 2303/2882 2120/2857 1743/2849
f 2093/2824 2304/2828 2118/2833 1740/2835
f 2094/2830 2304/2834 2117/2827 1737/2819
f 2095/2844 2305/2848 2120/2853 1744/2855
f 2096/2850 2305/2854 2119/2847 1741/2839
f 2097/2864 2306/2868 2122/2873 1748/2875
f 2098/2870 2306/2874 2121/2867 1745/2859
f 2099/2884 2307/2888 2124/2893 1752/2895
f 2100/2890 2307/2894 2123/2887 1749/2879
f 2101/2920 2308/2922 2125/2907 1753/2899
f 2102/2904 2308/2908 2127/2921 1758/2923
f 2103/2914 2309/2918 2129/2941 1762/2943
f 2104/2940 2309/2942 2126/2917 1755/2909
f 2105/2930 2310/2934 2127/2927 1757/2919
f 2106/2924 2310/2928 2128/2933 1760/2935
f 2107/2944 2311/2948 2130/2953 1764/2955
f 2108/2950 2311/2954 2129/2947 1761/2939
f 2109/2964 2312/2968 2132/2973 1768/2975
f 2110/2970 2312/2974 2131/2967 1765/2959
f 2111/2990 2313/2994 2133/2987 1769/2979
f 2112/2984 2313/2988 2134/2993 1772/2995
f 2113/3004 2314/3008 2136/3013 1776/3015
f 2114/3010 2314/3014 2135/3007 1773/2999
f 2115/3030 2315/3034 2137/3027 1777/3019
f 2116/3024 2315/3028 2138/3033 1780/3035
f 2143/2779 2700/3113 2567/3092 1917/2780
f 2146/2729 2719/3104 2662/3117 2034/2730
f 2160/2753 2738/3128 2605/3105 1978/2754
f 2228/3097 2840/2733 2838/2732 2044/3098
f 2229/2747 2472/3129 2434/3108 2011/2748
f 2229/2747 2817/3119 2837/3130 2472/3129
f 2233/2763 2491/3111 2396/3101 1952/2764
f 2241/2775 2757/3093 2548/3094 1918/2776
f 2258/2769 2510/3102 2377/3099 1951/2770
f 2262/2757 2776/3106 2586/3103 1977/2758
f 2279/2743 2529/3109 2415/3110 2012/2744
f 2280/2737 2795/3115 2624/3112 2031/2738
f 2281/2721 2814/3118 2681/3131 2036/2722
f 2289/2750 2818/2725 2815/2724 2037/2746
f 2290/3123 2841/2809 2839/2808 2064/3127
f 2316/2318 2342/3132 2355/3133 2329/2319
f 2317/2321 2343/3134 2350/3135 2324/2322
f 2318/2528 2344/3136 2356/3137 2330/2529
f 2319/2531 2345/3138 2352/3139 2326/2532
f 2320/2704 2346/3140 2357/3141 2331/2705
f 2321/2710 2347/3142 2353/3143 2327/2229
f 2322/2712 2348/3144 2351/3145 2325/2713
f 2323/2717 2349/3146 2358/3147 2332/2718
f 2324/2322 2350/3135 2346/3140 2320/2704
f 2325/2713 2351/3145 2344/3136 2318/2528
f 2326/3049 2352/3148 2342/3132 2316/2318
f 2327/2229 2353/3143 2337/3089 1888/2225
f 2328/3090 2354/3091 2349/3146 2323/2717
f 2329/2319 2355/3133 2343/3134 2317/2321
f 2330/2529 2356/3137 2345/3138 2319/2531
f 2331/2705 2357/3141 2347/3142 2321/2710
f 2332/2718 2358/3147 2348/3144 2322/2712
f 2333/2480 2359/3149 2492/3150 2340/2481
f 2334/2483 2378/3151 2473/3152 2339/2484
f 2335/2692 2397/3153 2511/3154 2341/2693
f 2336/2695 2416/3155 2454/3156 2338/2696
f 2337/3089 2435/3157 2359/3149 2333/2480
f 2338/2696 2454/3156 2819/3158 2354/3091
f 2339/2484 2473/3152 2397/3153 2335/2692
f 2340/2481 2492/3150 2378/3151 2334/2483
f 2341/2693 2511/3154 2416/3155 2336/2695
f 2342/3132 2530/3159 2739/3160 2355/3133
f 2343/3134 2549/3161 2682/3162 2350/3135
f 2344/3136 2568/3163 2758/3164 2356/3137
f 2345/3138 2587/3165 2720/3166 2352/3139
f 2346/3140 2606/3167 2777/3168 2357/3141
f 2347/3142 2625/3169 2860/3170 2353/3143
f 2348/3144 2644/3171 2701/3172 2351/3145
f 2349/3146 2663/3173 2796/3174 2358/3147
f 2350/3135 2682/3162 2606/3167 2346/3140
f 2351/3145 2701/3172 2568/3163 2344/3136
f 2352/3148 2720/3175 2530/3159 2342/3132
f 2353/3143 2860/3170 2435/3157 2337/3089
f 2354/3091 2819/3158 2663/3173 2349/3146
f 2355/3133 2739/3160 2549/3161 2343/3134
f 2356/3137 2758/3164 2587/3165 2345/3138
f 2357/3141 2777/3168 2625/3169 2347/3142
f 2358/3147 2796/3174 2644/3171 2348/3144
f 2359/3149 2435/3157 2436/3176 2360/3177
f 2360/3177 2436/3176 2437/3178 2361/3179
f 2360/3177 2493/3180 2492/3150 2359/3149
f 2361/3179 2437/3178 2438/3181 2362/3182
f 2361/3179 2494/3183 2493/3180 2360/3177
f 2362/3182 2438/3181 2439/3184 2363/3185
f 2362/3182 2495/3186 2494/3183 2361/3179
f 2363/3185 2439/3184 2440/3187 2364/3188
f 2363/3185 2496/3189 2495/3186 2362/3182
f 2364/3188 2440/3187 2441/3190 2365/3191
f 2364/3188 2497/3192 2496/3189 2363/3185
f 2365/3191 2441/3190 2442/3193 2366/3194
f 2365/3191 2498/3195 2497/3192 2364/3188
f 2366/3194 2442/3193 2443/3196 2367/3197
f 2366/3194 2499/3198 2498/3195 2365/3191
f 2367/3197 2443/3196 2444/3199 2368/3200
f 2367/3197 2500/3201 2499/3198 2366/3194
f 2368/3200 2444/3199 2445/3202 2369/3203
f 2368/3200 2501/3204 2500/3201 2367/3197
f 2369/3203 2445/3202 2446/3205 2370/3206
f 2369/3203 2502/3207 2501/3204 2368/3200
f 2370/3206 2446/3205 2447/3208 2371/3209
f 2370/3206 2503/3210 2502/3207 2369/3203
f 2371/3209 2447/3208 2448/3211 2372/3212
f 2371/3209 2504/3213 2503/3210 2370/3206
f 2372/3212 2448/3211 2449/3214 2373/3215
f 2372/3212 2505/3216 2504/3213 2371/3209
f 2373/3215 2449/3214 2450/3217 2374/3218
f 2373/3215 2506/3219 2505/3216 2372/3212
f 2374/3218 2450/3217 2451/3220 2375/3221
f 2374/3218 2507/3222 2506/3219 2373/3215
f 2375/3221 2451/3220 2452/3223 2376/3224
f 2375/3221 2508/3225 2507/3222 2374/3218
f 2376/3224 2452/3223 2453/3100 2377/3099
f 2376/3224 2509/3226 2508/3225 2375/3221
f 2377/3099 2510/3102 2509/3226 2376/3224
f 2378/3151 2492/3150 2493/3180 2379/3227
f 2379/3227 2474/3228 2473/3152 2378/3151
f 2379/3227 2493/3180 2494/3183 2380/3229
f 2380/3229 2475/3230 2474/3228 2379/3227
f 2380/3229 2494/3183 2495/3186 2381/3231
f 2381/3231 2476/3232 2475/3230 2380/3229
f 2381/3231 2495/3186 2496/3189 2382/3233
f 2382/3233 2477/3234 2476/3232 2381/3231
f 2382/3233 2496/3189 2497/3192 2383/3235
f 2383/3235 2478/3236 2477/3234 2382/3233
f 2383/3235 2497/3192 2498/3195 2384/3237
f 2384/3237 2479/3238 2478/3236 2383/3235
f 2384/3237 2498/3195 2499/3198 2385/3239
f 2385/3239 2480/3240 2479/3238 2384/3237
f 2385/3239 2499/3198 2500/3201 2386/3241
f 2386/3241 2481/3242 2480/3240 2385/3239
f 2386/3241 2500/3201 2501/3204 2387/3243
f 2387/3243 2482/3244 2481/3242 2386/3241
f 2387/3243 2501/3204 2502/3207 2388/3245
f 2388/3245 2483/3246 2482/3244 2387/3243
f 2388/3245 2502/3207 2503/3210 2389/3247
f 2389/3247 2484/3248 2483/3246 2388/3245
f 2389/3247 2503/3210 2504/3213 2390/3249
f 2390/3249 2485/3250 2484/3248 2389/3247
f 2390/3249 2504/3213 2505/3216 2391/3251
f 2391/3251 2486/3252 2485/3250 2390/3249
f 2391/3251 2505/3216 2506/3219 2392/3253
f 2392/3253 2487/3254 2486/3252 2391/3251
f 2392/3253 2506/3219 2507/3222 2393/3255
f 2393/3255 2488/3256 2487/3254 2392/3253
f 2393/3255 2507/3222 2508/3225 2394/3257
f 2394/3257 2489/3258 2488/3256 2393/3255
f 2394/3257 2508/3225 2509/3226 2395/3259
f 2395/3259 2490/3260 2489/3258 2394/3257
f 2395/3259 2509/3226 2510/3102 2396/3101
f 2396/3101 2491/3111 2490/3260 2395/3259
f 2397/3153 2473/3152 2474/3228 2398/3261
f 2398/3261 2474/3228 2475/3230 2399/3262
f 2398/3261 2512/3263 2511/3154 2397/3153
f 2399/3262 2475/3230 2476/3232 2400/3264
f 2399/3262 2513/3265 2512/3263 2398/3261
f 2400/3264 2476/3232 2477/3234 2401/3266
f 2400/3264 2514/3267 2513/3265 2399/3262
f 2401/3266 2477/3234 2478/3236 2402/3268
f 2401/3266 2515/3269 2514/3267 2400/3264
f 2402/3268 2478/3236 2479/3238 2403/3270
f 2402/3268 2516/3271 2515/3269 2401/3266
f 2403/3270 2479/3238 2480/3240 2404/3272
f 2403/3270 2517/3273 2516/3271 2402/3268
f 2404/3272 2480/3240 2481/3242 2405/3274
f 2404/3272 2518/3275 2517/3273 2403/3270
f 2405/3274 2481/3242 2482/3244 2406/3276
f 2405/3274 2519/3277 2518/3275 2404/3272
f 2406/3276 2482/3244 2483/3246 2407/3278
f 2406/3276 2520/3279 2519/3277 2405/3274
f 2407/3278 2483/3246 2484/3248 2408/3280
f 2407/3278 2521/3281 2520/3279 2406/3276
f 2408/3280 2484/3248 2485/3250 2409/3282
f 2408/3280 2522/3283 2521/3281 2407/3278
f 2409/3282 2485/3250 2486/3252 2410/3284
f 2409/3282 2523/3285 2522/3283 2408/3280
f 2410/3284 2486/3252 2487/3254 2411/3286
f 2410/3284 2524/3287 2523/3285 2409/3282
f 2411/3286 2487/3254 2488/3256 2412/3288
f 2411/3286 2525/3289 2524/3287 2410/3284
f 2412/3288 2488/3256 2489/3258 2413/3290
f 2412/3288 2526/3291 2525/3289 2411/3286
f 2413/3290 2489/3258 2490/3260 2414/3292
f 2413/3290 2527/3293 2526/3291 2412/3288
f 2414/3292 2490/3260 2491/3111 2415/3110
f 2414/3292 2528/3294 2527/3293 2413/3290
f 2415/3110 2529/3109 2528/3294 2414/3292
f 2416/3155 2511/3154 2512/3263 2417/3295
f 2417/3295 2455/3296 2454/3156 2416/3155
f 2417/3295 2512/3263 2513/3265 2418/3297
f 2418/3297 2456/3298 2455/3296 2417/3295
f 2418/3297 2513/3265 2514/3267 2419/3299
f 2419/3299 2457/3300 2456/3298 2418/3297
f 2419/3299 2514/3267 2515/3269 2420/3301
f 2420/3301 2458/3302 2457/3300 2419/3299
f 2420/3301 2515/3269 2516/3271 2421/3303
f 2421/3303 2459/3304 2458/3302 2420/3301
f 2421/3303 2516/3271 2517/3273 2422/3305
f 2422/3305 2460/3306 2459/3304 2421/3303
f 2422/3305 2517/3273 2518/3275 2423/3307
f 2423/3307 2461/3308 2460/3306 2422/3305
f 2423/3307 2518/3275 2519/3277 2424/3309
f 2424/3309 2462/3310 2461/3308 2423/3307
f 2424/3309 2519/3277 2520/3279 2425/3311
f 2425/3311 2463/3312 2462/3310 2424/3309
f 2425/3311 2520/3279 2521/3281 2426/3313
f 2426/3313 2464/3314 2463/3312 2425/3311
f 2426/3313 2521/3281 2522/3283 2427/3315
f 2427/3315 2465/3316 2464/3314 2426/3313
f 2427/3315 2522/3283 2523/3285 2428/3317
f 2428/3317 2466/3318 2465/3316 2427/3315
f 2428/3317 2523/3285 2524/3287 2429/3319
f 2429/3319 2467/3320 2466/3318 2428/3317
f 2429/3319 2524/3287 2525/3289 2430/3321
f 2430/3321 2468/3322 2467/3320 2429/3319
f 2430/3321 2525/3289 2526/3291 2431/3323
f 2431/3323 2469/3324 2468/3322 2430/3321
f 2431/3323 2526/3291 2527/3293 2432/3325
f 2432/3325 2470/3326 2469/3324 2431/3323
f 2432/3325 2527/3293 2528/3294 2433/3327
f 2433/3327 2471/3328 2470/3326 2432/3325
f 2433/3327 2528/3294 2529/3109 2434/3108
f 2434/3108 2472/3129 2471/3328 2433/3327
f 2435/3157 2860/3170 2859/3329 2436/3176
f 2436/3176 2859/3329 2858/3330 2437/3178
f 2437/3178 2858/3330 2857/3331 2438/3181
f 2438/3181 2857/3331 2856/3332 2439/3184
f 2439/3184 2856/3332 2855/3333 2440/3187
f 2440/3187 2855/3333 2854/3334 2441/3190
f 2441/3190 2854/3334 2853/3335 2442/3193
f 2442/3193 2853/3335 2852/3336 2443/3196
f 2443/3196 2852/3336 2851/3337 2444/3199
f 2444/3199 2851/3337 2850/3338 2445/3202
f 2445/3202 2850/3338 2849/3339 2446/3205
f 2446/3205 2849/3339 2848/3340 2447/3208
f 2447/3208 2848/3340 2847/3341 2448/3211
f 2448/3211 2847/3341 2846/3342 2449/3214
f 2449/3214 2846/3342 2845/3343 2450/3217
f 2450/3217 2845/3343 2844/3344 2451/3220
f 2451/3220 2844/3344 2843/3345 2452/3223
f 2452/3223 2843/3345 2842/3346 2453/3100
f 2453/3100 2842/3346 2840/2733 2228/3097
f 2455/3296 2820/3347 2819/3158 2454/3156
f 2456/3298 2821/3348 2820/3347 2455/3296
f 2457/3300 2822/3349 2821/3348 2456/3298
f 2458/3302 2823/3350 2822/3349 2457/3300
f 2459/3304 2824/3351 2823/3350 2458/3302
f 2460/3306 2825/3352 2824/3351 2459/3304
f 2461/3308 2826/3353 2825/3352 2460/3306
f 2462/3310 2827/3354 2826/3353 2461/3308
f 2463/3312 2828/3355 2827/3354 2462/3310
f 2464/3314 2829/3356 2828/3355 2463/3312
f 2465/3316 2830/3357 2829/3356 2464/3314
f 2466/3318 2831/3358 2830/3357 2465/3316
f 2467/3320 2832/3359 2831/3358 2466/3318
f 2468/3322 2833/3360 2832/3359 2467/3320
f 2469/3324 2834/3361 2833/3360 2468/3322
f 2470/3326 2835/3362 2834/3361 2469/3324
f 2471/3328 2836/3363 2835/3362 2470/3326
f 2472/3129 2837/3130 2836/3363 2471/3328
f 2530/3159 2720/3175 2721/3364 2531/3365
f 2531/3365 2721/3364 2722/3366 2532/3367
f 2531/3365 2740/3368 2739/3160 2530/3159
f 2532/3367 2722/3366 2723/3369 2533/3370
f 2532/3367 2741/3371 2740/3368 2531/3365
f 2533/3370 2723/3369 2724/3372 2534/3373
f 2533/3370 2742/3374 2741/3371 2532/3367
f 2534/3373 2724/3372 2725/3375 2535/3376
f 2534/3373 2743/3377 2742/3374 2533/3370
f 2535/3376 2725/3375 2726/3378 2536/3379
f 2535/3376 2744/3380 2743/3377 2534/3373
f 2536/3379 2726/3378 2727/3381 2537/3382
f 2536/3379 2745/3383 2744/3380 2535/3376
f 2537/3382 2727/3381 2728/3384 2538/3385
f 2537/3382 2746/3386 2745/3383 2536/3379
f 2538/3385 2728/3384 2729/3387 2539/3388
f 2538/3385 2747/3389 2746/3386 2537/3382
f 2539/3388 2729/3387 2730/3390 2540/3391
f 2539/3388 2748/3392 2747/3389 2538/3385
f 2540/3391 2730/3390 2731/3393 2541/3394
f 2540/3391 2749/3395 2748/3392 2539/3388
f 2541/3394 2731/3393 2732/3396 2542/3397
f 2541/3394 2750/3398 2749/3395 2540/3391
f 2542/3397 2732/3396 2733/3399 2543/3400
f 2542/3397 2751/3401 2750/3398 2541/3394
f 2543/3400 2733/3399 2734/3402 2544/3403
f 2543/3400 2752/3404 2751/3401 2542/3397
f 2544/3403 2734/3402 2735/3405 2545/3406
f 2544/3403 2753/3407 2752/3404 2543/3400
f 2545/3406 2735/3405 2736/3408 2546/3409
f 2545/3406 2754/3410 2753/3407 2544/3403
f 2546/3409 2736/3408 2737/3411 2547/3412
f 2546/3409 2755/3413 2754/3410 2545/3406
f 2547/3412 2737/3411 2738/3095 2548/3094
f 2547/3412 2756/3414 2755/3413 2546/3409
f 2548/3094 2757/3093 2756/3414 2547/3412
f 2549/3161 2739/3160 2740/3368 2550/3415
f 2550/3415 2683/3416 2682/3162 2549/3161
f 2550/3415 2740/3368 2741/3371 2551/3417
f 2551/3417 2684/3418 2683/3416 2550/3415
f 2551/3417 2741/3371 2742/3374 2552/3419
f 2552/3419 2685/3420 2684/3418 2551/3417
f 2552/3419 2742/3374 2743/3377 2553/3421
f 2553/3421 2686/3422 2685/3420 2552/3419
f 2553/3421 2743/3377 2744/3380 2554/3423
f 2554/3423 2687/3424 2686/3422 2553/3421
f 2554/3423 2744/3380 2745/3383 2555/3425
f 2555/3425 2688/3426 2687/3424 2554/3423
f 2555/3425 2745/3383 2746/3386 2556/3427
f 2556/3427 2689/3428 2688/3426 2555/3425
f 2556/3427 2746/3386 2747/3389 2557/3429
f 2557/3429 2690/3430 2689/3428 2556/3427
f 2557/3429 2747/3389 2748/3392 2558/3431
f 2558/3431 2691/3432 2690/3430 2557/3429
f 2558/3431 2748/3392 2749/3395 2559/3433
f 2559/3433 2692/3434 2691/3432 2558/3431
f 2559/3433 2749/3395 2750/3398 2560/3435
f 2560/3435 2693/3436 2692/3434 2559/3433
f 2560/3435 2750/3398 2751/3401 2561/3437
f 2561/3437 2694/3438 2693/3436 2560/3435
f 2561/3437 2751/3401 2752/3404 2562/3439
f 2562/3439 2695/3440 2694/3438 2561/3437
f 2562/3439 2752/3404 2753/3407 2563/3441
f 2563/3441 2696/3442 2695/3440 2562/3439
f 2563/3441 2753/3407 2754/3410 2564/3443
f 2564/3443 2697/3444 2696/3442 2563/3441
f 2564/3443 2754/3410 2755/3413 2565/3445
f 2565/3445 2698/3446 2697/3444 2564/3443
f 2565/3445 2755/3413 2756/3414 2566/3447
f 2566/3447 2699/3448 2698/3446 2565/3445
f 2566/3447 2756/3414 2757/3093 2567/3092
f 2567/3092 2700/3113 2699/3448 2566/3447
f 2568/3163 2701/3172 2702/3449 2569/3450
f 2569/3450 2702/3449 2703/3451 2570/3452
f 2569/3450 2759/3453 2758/3164 2568/3163
f 2570/3452 2703/3451 2704/3454 2571/3455
f 2570/3452 2760/3456 2759/3453 2569/3450
f 2571/3455 2704/3454 2705/3457 2572/3458
f 2571/3455 2761/3459 2760/3456 2570/3452
f 2572/3458 2705/3457 2706/3460 2573/3461
f 2572/3458 2762/3462 2761/3459 2571/3455
f 2573/3461 2706/3460 2707/3463 2574/3464
f 2573/3461 2763/3465 2762/3462 2572/3458
f 2574/3464 2707/3463 2708/3466 2575/3467
f 2574/3464 2764/3468 2763/3465 2573/3461
f 2575/3467 2708/3466 2709/3469 2576/3470
f 2575/3467 2765/3471 2764/3468 2574/3464
f 2576/3470 2709/3469 2710/3472 2577/3473
f 2576/3470 2766/3474 2765/3471 2575/3467
f 2577/3473 2710/3472 2711/3475 2578/3476
f 2577/3473 2767/3477 2766/3474 2576/3470
f 2578/3476 2711/3475 2712/3478 2579/3479
f 2578/3476 2768/3480 2767/3477 2577/3473
f 2579/3479 2712/3478 2713/3481 2580/3482
f 2579/3479 2769/3483 2768/3480 2578/3476
f 2580/3482 2713/3481 2714/3484 2581/3485
f 2580/3482 2770/3486 2769/3483 2579/3479
f 2581/3485 2714/3484 2715/3487 2582/3488
f 2581/3485 2771/3489 2770/3486 2580/3482
f 2582/3488 2715/3487 2716/3490 2583/3491
f 2582/3488 2772/3492 2771/3489 2581/3485
f 2583/3491 2716/3490 2717/3493 2584/3494
f 2583/3491 2773/3495 2772/3492 2582/3488
f 2584/3494 2717/3493 2718/3496 2585/3497
f 2584/3494 2774/3498 2773/3495 2583/3491
f 2585/3497 2718/3496 2719/3104 2586/3103
f 2585/3497 2775/3499 2774/3498 2584/3494
f 2586/3103 2776/3106 2775/3499 2585/3497
f 2587/3165 2758/3164 2759/3453 2588/3500
f 2588/3500 2721/3501 2720/3166 2587/3165
f 2588/3500 2759/3453 2760/3456 2589/3502
f 2589/3502 2722/3503 2721/3501 2588/3500
f 2589/3502 2760/3456 2761/3459 2590/3504
f 2590/3504 2723/3505 2722/3503 2589/3502
f 2590/3504 2761/3459 2762/3462 2591/3506
f 2591/3506 2724/3507 2723/3505 2590/3504
f 2591/3506 2762/3462 2763/3465 2592/3508
f 2592/3508 2725/3509 2724/3507 2591/3506
f 2592/3508 2763/3465 2764/3468 2593/3510
f 2593/3510 2726/3511 2725/3509 2592/3508
f 2593/3510 2764/3468 2765/3471 2594/3512
f 2594/3512 2727/3513 2726/3511 2593/3510
f 2594/3512 2765/3471 2766/3474 2595/3514
f 2595/3514 2728/3515 2727/3513 2594/3512
f 2595/3514 2766/3474 2767/3477 2596/3516
f 2596/3516 2729/3517 2728/3515 2595/3514
f 2596/3516 2767/3477 2768/3480 2597/3518
f 2597/3518 2730/3519 2729/3517 2596/3516
f 2597/3518 2768/3480 2769/3483 2598/3520
f 2598/3520 2731/3521 2730/3519 2597/3518
f 2598/3520 2769/3483 2770/3486 2599/3522
f 2599/3522 2732/3523 2731/3521 2598/3520
f 2599/3522 2770/3486 2771/3489 2600/3524
f 2600/3524 2733/3525 2732/3523 2599/3522
f 2600/3524 2771/3489 2772/3492 2601/3526
f 2601/3526 2734/3527 2733/3525 2600/3524
f 2601/3526 2772/3492 2773/3495 2602/3528
f 2602/3528 2735/3529 2734/3527 2601/3526
f 2602/3528 2773/3495 2774/3498 2603/3530
f 2603/3530 2736/3531 2735/3529 2602/3528
f 2603/3530 2774/3498 2775/3499 2604/3532
f 2604/3532 2737/3533 2736/3531 2603/3530
f 2604/3532 2775/3499 2776/3106 2605/3105
f 2605/3105 2738/3128 2737/3533 2604/3532
f 2606/3167 2682/3162 2683/3416 2607/3534
f 2607/3534 2683/3416 2684/3418 2608/3535
f 2607/3534 2778/3536 2777/3168 2606/3167
f 2608/3535 2684/3418 2685/3420 2609/3537
f 2608/3535 2779/3538 2778/3536 2607/3534
f 2609/3537 2685/3420 2686/3422 2610/3539
f 2609/3537 2780/3540 2779/3538 2608/3535
f 2610/3539 2686/3422 2687/3424 2611/3541
f 2610/3539 2781/3542 2780/3540 2609/3537
f 2611/3541 2687/3424 2688/3426 2612/3543
f 2611/3541 2782/3544 2781/3542 2610/3539
f 2612/3543 2688/3426 2689/3428 2613/3545
f 2612/3543 2783/3546 2782/3544 2611/3541
f 2613/3545 2689/3428 2690/3430 2614/3547
f 2613/3545 2784/3548 2783/3546 2612/3543
f 2614/3547 2690/3430 2691/3432 2615/3549
f 2614/3547 2785/3550 2784/3548 2613/3545
f 2615/3549 2691/3432 2692/3434 2616/3551
f 2615/3549 2786/3552 2785/3550 2614/3547
f 2616/3551 2692/3434 2693/3436 2617/3553
f 2616/3551 2787/3554 2786/3552 2615/3549
f 2617/3553 2693/3436 2694/3438 2618/3555
f 2617/3553 2788/3556 2787/3554 2616/3551
f 2618/3555 2694/3438 2695/3440 2619/3557
f 2618/3555 2789/3558 2788/3556 2617/3553
f 2619/3557 2695/3440 2696/3442 2620/3559
f 2619/3557 2790/3560 2789/3558 2618/3555
f 2620/3559 2696/3442 2697/3444 2621/3561
f 2620/3559 2791/3562 2790/3560 2619/3557
f 2621/3561 2697/3444 2698/3446 2622/3563
f 2621/3561 2792/3564 2791/3562 2620/3559
f 2622/3563 2698/3446 2699/3448 2623/3565
f 2622/3563 2793/3566 2792/3564 2621/3561
f 2623/3565 2699/3448 2700/3113 2624/3112
f 2623/3565 2794/3567 2793/3566 2622/3563
f 2624/3112 2795/3115 2794/3567 2623/3565
f 2625/3169 2777/3168 2778/3536 2626/3568
f 2626/3568 2778/3536 2779/3538 2627/3569
f 2626/3568 2859/3329 2860/3170 2625/3169
f 2627/3569 2779/3538 2780/3540 2628/3570
f 2627/3569 2858/3330 2859/3329 2626/3568
f 2628/3570 2780/3540 2781/3542 2629/3571
f 2628/3570 2857/3331 2858/3330 2627/3569
f 2629/3571 2781/3542 2782/3544 2630/3572
f 2629/3571 2856/3332 2857/3331 2628/3570
f 2630/3572 2782/3544 2783/3546 2631/3573
f 2630/3572 2855/3333 2856/3332 2629/3571
f 2631/3573 2783/3546 2784/3548 2632/3574
f 2631/3573 2854/3334 2855/3333 2630/3572
f 2632/3574 2784/3548 2785/3550 2633/3575
f 2632/3574 2853/3335 2854/3334 2631/3573
f 2633/3575 2785/3550 2786/3552 2634/3576
f 2633/3575 2852/3336 2853/3335 2632/3574
f 2634/3576 2786/3552 2787/3554 2635/3577
f 2634/3576 2851/3337 2852/3336 2633/3575
f 2635/3577 2787/3554 2788/3556 2636/3578
f 2635/3577 2850/3338 2851/3337 2634/3576
f 2636/3578 2788/3556 2789/3558 2637/3579
f 2636/3578 2849/3339 2850/3338 2635/3577
f 2637/3579 2789/3558 2790/3560 2638/3580
f 2637/3579 2848/3340 2849/3339 2636/3578
f 2638/3580 2790/3560 2791/3562 2639/3581
f 2638/3580 2847/3341 2848/3340 2637/3579
f 2639/3581 2791/3562 2792/3564 2640/3582
f 2639/3581 2846/3342 2847/3341 2638/3580
f 2640/3582 2792/3564 2793/3566 2641/3583
f 2640/3582 2845/3343 2846/3342 2639/3581
f 2641/3583 2793/3566 2794/3567 2642/3584
f 2641/3583 2844/3344 2845/3343 2640/3582
f 2642/3584 2794/3567 2795/3115 2643/3114
f 2642/3584 2843/3345 2844/3344 2641/3583
f 2643/3114 2842/3116 2843/3345 2642/3584
f 2644/3171 2796/3174 2797/3585 2645/3586
f 2645/3586 2702/3449 2701/3172 2644/3171
f 2645/3586 2797/3585 2798/3587 2646/3588
f 2646/3588 2703/3451 2702/3449 2645/3586
f 2646/3588 2798/3587 2799/3589 2647/3590
f 2647/3590 2704/3454 2703/3451 2646/3588
f 2647/3590 2799/3589 2800/3591 2648/3592
f 2648/3592 2705/3457 2704/3454 2647/3590
f 2648/3592 2800/3591 2801/3593 2649/3594
f 2649/3594 2706/3460 2705/3457 2648/3592
f 2649/3594 2801/3593 2802/3595 2650/3596
f 2650/3596 2707/3463 2706/3460 2649/3594
f 2650/3596 2802/3595 2803/3597 2651/3598
f 2651/3598 2708/3466 2707/3463 2650/3596
f 2651/3598 2803/3597 2804/3599 2652/3600
f 2652/3600 2709/3469 2708/3466 2651/3598
f 2652/3600 2804/3599 2805/3601 2653/3602
f 2653/3602 2710/3472 2709/3469 2652/3600
f 2653/3602 2805/3601 2806/3603 2654/3604
f 2654/3604 2711/3475 2710/3472 2653/3602
f 2654/3604 2806/3603 2807/3605 2655/3606
f 2655/3606 2712/3478 2711/3475 2654/3604
f 2655/3606 2807/3605 2808/3607 2656/3608
f 2656/3608 2713/3481 2712/3478 2655/3606
f 2656/3608 2808/3607 2809/3609 2657/3610
f 2657/3610 2714/3484 2713/3481 2656/3608
f 2657/3610 2809/3609 2810/3611 2658/3612
f 2658/3612 2715/3487 2714/3484 2657/3610
f 2658/3612 2810/3611 2811/3613 2659/3614
f 2659/3614 2716/3490 2715/3487 2658/3612
f 2659/3614 2811/3613 2812/3615 2660/3616
f 2660/3616 2717/3493 2716/3490 2659/3614
f 2660/3616 2812/3615 2813/3617 2661/3618
f 2661/3618 2718/3496 2717/3493 2660/3616
f 2661/3618 2813/3617 2814/3118 2662/3117
f 2662/3117 2719/3104 2718/3496 2661/3618
f 2663/3173 2819/3158 2820/3347 2664/3619
f 2664/3619 2797/3585 2796/3174 2663/3173
f 2664/3619 2820/3347 2821/3348 2665/3620
f 2665/3620 2798/3587 2797/3585 2664/3619
f 2665/3620 2821/3348 2822/3349 2666/3621
f 2666/3621 2799/3589 2798/3587 2665/3620
f 2666/3621 2822/3349 2823/3350 2667/3622
f 2667/3622 2800/3591 2799/3589 2666/3621
f 2667/3622 2823/3350 2824/3351 2668/3623
f 2668/3623 2801/3593 2800/3591 2667/3622
f 2668/3623 2824/3351 2825/3352 2669/3624
f 2669/3624 2802/3595 2801/3593 2668/3623
f 2669/3624 2825/3352 2826/3353 2670/3625
f 2670/3625 2803/3597 2802/3595 2669/3624
f 2670/3625 2826/3353 2827/3354 2671/3626
f 2671/3626 2804/3599 2803/3597 2670/3625
f 2671/3626 2827/3354 2828/3355 2672/3627
f 2672/3627 2805/3601 2804/3599 2671/3626
f 2672/3627 2828/3355 2829/3356 2673/3628
f 2673/3628 2806/3603 2805/3601 2672/3627
f 2673/3628 2829/3356 2830/3357 2674/3629
f 2674/3629 2807/3605 2806/3603 2673/3628
f 2674/3629 2830/3357 2831/3358 2675/3630
f 2675/3630 2808/3607 2807/3605 2674/3629
f 2675/3630 2831/3358 2832/3359 2676/3631
f 2676/3631 2809/3609 2808/3607 2675/3630
f 2676/3631 2832/3359 2833/3360 2677/3632
f 2677/3632 2810/3611 2809/3609 2676/3631
f 2677/3632 2833/3360 2834/3361 2678/3633
f 2678/3633 2811/3613 2810/3611 2677/3632
f 2678/3633 2834/3361 2835/3362 2679/3634
f 2679/3634 2812/3615 2811/3613 2678/3633
f 2679/3634 2835/3362 2836/3363 2680/3635
f 2680/3635 2813/3617 2812/3615 2679/3634
f 2680/3635 2836/3363 2837/3130 2681/3636
f 2681/3636 2814/3118 2813/3617 2680/3635
f 2681/3636 2837/3130 2817/3119 2036/2722
f 2861/3637 2887/3638 2891/3639 2865/3640
f 2861/3641 2913/3642 2920/3643 2868/3644
f 2862/3645 2914/3646 2940/3647 2888/3648
f 2862/3645 2989/3649 3000/3650 2914/3651
f 2863/3652 2915/3653 2921/3654 2869/3655
f 2863/3652 3021/3656 3023/3657 2915/3653
f 2864/3658 2890/3659 2895/3660 2869/3661
f 2864/3662 2916/3663 2918/3664 2866/3665
f 2865/3640 2891/3639 2912/3666 2881/3667
f 2865/3640 2917/3668 2913/3642 2861/3637
f 2866/3665 2892/3669 2890/3659 2864/3662
f 2866/3665 2918/3664 2934/3670 2882/3671
f 2867/3672 2970/3673 2976/3674 2893/3675
f 2868/3644 2894/3676 2887/3638 2861/3641
f 2868/3644 2992/3677 2996/3678 2894/3676
f 2869/3661 2895/3660 2889/3679 2863/3652
f 2869/3655 2921/3654 2916/3663 2864/3658
f 2870/3680 2896/3681 2906/3682 2880/3683
f 2870/3684 2922/3685 2935/3686 2883/3687
f 2871/3688 2897/3689 2907/3690 2883/3691
f 2871/3692 2923/3693 2930/3694 2878/3695
f 2872/3696 2898/3697 2905/3698 2879/3699
f 2872/3700 2924/3701 2936/3702 2884/3703
f 2873/3704 2899/3705 2908/3706 2884/3707
f 2873/3708 2925/3709 2932/3710 2880/3711
f 2874/3712 2900/3713 2904/3714 2878/3715
f 2874/3716 2926/3717 2937/3718 2885/3719
f 2875/3720 2901/3721 2909/3722 2885/3723
f 2875/3724 2927/3725 2933/3726 2881/3727
f 2876/3728 2902/3729 2910/3730 2886/3731
f 2876/3732 2928/3733 2931/3734 2879/3735
f 2877/3736 2903/3737 2911/3738 2882/3739
f 2877/3740 2929/3741 2938/3742 2886/3743
f 2878/3695 2904/3714 2897/3689 2871/3692
f 2878/3715 2930/3694 2926/3717 2874/3712
f 2879/3699 2905/3698 2902/3729 2876/3732
f 2879/3699 2931/3734 2924/3701 2872/3696
f 2880/3683 2906/3682 2899/3705 2873/3708
f 2880/3683 2932/3710 2922/3685 2870/3680
f 2881/3727 2912/3666 2901/3721 2875/3724
f 2881/3727 2933/3726 2917/3668 2865/3640
f 2882/3671 2911/3738 2892/3669 2866/3665
f 2882/3739 2934/3670 2929/3741 2877/3736
f 2883/3691 2907/3690 2896/3681 2870/3684
f 2883/3691 2935/3686 2923/3693 2871/3688
f 2884/3703 2908/3706 2898/3697 2872/3700
f 2884/3707 2936/3702 2925/3709 2873/3704
f 2885/3719 2909/3722 2900/3713 2874/3716
f 2885/3723 2937/3718 2927/3725 2875/3720
f 2886/3743 2910/3730 2903/3737 2877/3740
f 2886/3731 2938/3742 2928/3733 2876/3728
f 2887/3638 2939/3744 2943/3745 2891/3639
f 2888/3648 2993/3746 2989/3649 2862/3645
f 2889/3679 3022/3747 3021/3656 2863/3652
f 2890/3659 2942/3748 2947/3749 2895/3660
f 2891/3639 2943/3745 2964/3750 2912/3666
f 2892/3669 2944/3751 2942/3748 2890/3659
f 2893/3675 2945/3752 2919/3753 2867/3672
f 2893/3675 2976/3674 2983/3754 2945/3755
f 2894/3676 2946/3756 2939/3744 2887/3638
f 2894/3676 2996/3678 3001/3757 2946/3756
f 2895/3660 2947/3749 2941/3758 2889/3679
f 2896/3681 2948/3759 2958/3760 2906/3682
f 2897/3689 2949/3761 2959/3762 2907/3690
f 2898/3697 2950/3763 2957/3764 2905/3698
f 2899/3705 2951/3765 2960/3766 2908/3706
f 2900/3713 2952/3767 2956/3768 2904/3714
f 2901/3721 2953/3769 2961/3770 2909/3722
f 2902/3729 2954/3771 2962/3772 2910/3730
f 2903/3737 2955/3773 2963/3774 2911/3738
f 2904/3714 2956/3768 2949/3761 2897/3689
f 2905/3698 2957/3764 2954/3771 2902/3729
f 2906/3682 2958/3760 2951/3765 2899/3705
f 2907/3690 2959/3762 2948/3759 2896/3681
f 2908/3706 2960/3766 2950/3763 2898/3697
f 2909/3722 2961/3770 2952/3767 2900/3713
f 2910/3730 2962/3772 2955/3773 2903/3737
f 2911/3738 2963/3774 2944/3751 2892/3669
f 2912/3666 2964/3750 2953/3769 2901/3721
f 2913/3775 2939/3744 2946/3756 2920/3776
f 2914/3777 3000/3778 3004/3779 2940/3780
f 2915/3781 2941/3758 2947/3749 2921/3782
f 2915/3781 3023/3783 3024/3784 2941/3758
f 2916/3785 2942/3748 2944/3751 2918/3786
f 2917/3787 2943/3745 2939/3744 2913/3775
f 2918/3786 2944/3751 2963/3774 2934/3788
f 2919/3789 2977/3790 2970/3673 2867/3672
f 2920/3643 2997/3791 2992/3677 2868/3644
f 2921/3782 2947/3749 2942/3748 2916/3785
f 2922/3792 2948/3759 2959/3762 2935/3793
f 2923/3794 2949/3761 2956/3768 2930/3795
f 2924/3796 2950/3763 2960/3766 2936/3797
f 2925/3798 2951/3765 2958/3760 2932/3799
f 2926/3800 2952/3767 2961/3770 2937/3801
f 2927/3802 2953/3769 2964/3750 2933/3803
f 2928/3804 2954/3771 2957/3764 2931/3805
f 2929/3806 2955/3773 2962/3772 2938/3807
f 2930/3795 2956/3768 2952/3767 2926/3800
f 2931/3805 2957/3764 2950/3763 2924/3796
f 2932/3799 2958/3760 2948/3759 2922/3792
f 2933/3803 2964/3750 2943/3745 2917/3787
f 2934/3788 2963/3774 2955/3773 2929/3806
f 2935/3793 2959/3762 2949/3761 2923/3794
f 2936/3797 2960/3766 2951/3765 2925/3798
f 2937/3801 2961/3770 2953/3769 2927/3802
f 2938/3807 2962/3772 2954/3771 2928/3804
f 2940/3780 3004/3779 2993/3746 2888/3648
f 2941/3758 3024/3784 3022/3747 2889/3679
f 2945/3755 2983/3754 2977/3808 2919/3809
f 2946/3756 3001/3757 2997/3810 2920/3776
f 2965/3811 3021/3656 3022/3747 2971/3812
f 2965/3813 3025/3814 3027/3815 2982/3816
f 2966/3817 2972/3818 2973/3819 2967/3820
f 2966/3817 3008/3821 3012/3822 2972/3818
f 2967/3820 2973/3819 2974/3823 2968/3824
f 2967/3820 2980/3825 2981/3826 2966/3817
f 2968/3824 2974/3823 2975/3827 2969/3828
f 2968/3824 2979/3829 2980/3825 2967/3820
f 2969/3828 2975/3827 2976/3674 2970/3673
f 2969/3828 2978/3830 2979/3829 2968/3824
f 2970/3673 2977/3790 2978/3830 2969/3828
f 2971/3812 3022/3747 3024/3784 2988/3831
f 2971/3812 3026/3832 3025/3814 2965/3811
f 2972/3818 2987/3833 2986/3834 2973/3819
f 2972/3818 3012/3822 3017/3835 2987/3833
f 2973/3819 2986/3834 2985/3836 2974/3823
f 2974/3823 2985/3836 2984/3837 2975/3827
f 2975/3827 2984/3837 2983/3754 2976/3674
f 2977/3808 2983/3754 2984/3837 2978/3838
f 2978/3838 2984/3837 2985/3836 2979/3839
f 2979/3839 2985/3836 2986/3834 2980/3840
f 2980/3840 2986/3834 2987/3833 2981/3841
f 2981/3826 3013/3842 3008/3821 2966/3817
f 2982/3816 3023/3657 3021/3656 2965/3813
f 2982/3843 3027/3844 3028/3845 2988/3846
f 2987/3833 3017/3835 3013/3847 2981/3841
f 2988/3831 3024/3784 3023/3783 2982/3843
f 2988/3846 3028/3845 3026/3832 2971/3812
f 2989/3649 2993/3746 2994/3848 2990/3849
f 2990/3849 2994/3848 2995/3850 2991/3851
f 2990/3849 2999/3852 3000/3650 2989/3649
f 2991/3851 2995/3850 2996/3678 2992/3677
f 2991/3851 2998/3853 2999/3852 2990/3849
f 2992/3677 2997/3791 2998/3853 2991/3851
f 2993/3746 3004/3779 3003/3854 2994/3848
f 2994/3848 3003/3854 3002/3855 2995/3850
f 2995/3850 3002/3855 3001/3757 2996/3678
f 2997/3810 3001/3757 3002/3855 2998/3856
f 2998/3856 3002/3855 3003/3854 2999/3857
f 2999/3857 3003/3854 3004/3779 3000/3778
f 3005/3858 3009/3859 3010/3860 3006/3861
f 3005/3858 3025/3814 3026/3832 3009/3859
f 3006/3861 3010/3860 3011/3862 3007/3863
f 3006/3861 3015/3864 3016/3865 3005/3858
f 3007/3863 3011/3862 3012/3822 3008/3821
f 3007/3863 3014/3866 3015/3864 3006/3861
f 3008/3821 3013/3842 3014/3866 3007/3863
f 3009/3859 3020/3867 3019/3868 3010/3860
f 3009/3859 3026/3832 3028/3845 3020/3867
f 3010/3860 3019/3868 3018/3869 3011/3862
f 3011/3862 3018/3869 3017/3835 3012/3822
f 3013/3847 3017/3835 3018/3869 3014/3870
f 3014/3870 3018/3869 3019/3868 3015/3871
f 3015/3871 3019/3868 3020/3867 3016/3872
f 3016/3865 3027/3815 3025/3814 3005/3858
f 3020/3867 3028/3845 3027/3844 3016/3872
f 3029/3873 3055/3874 3062/3875 3036/3876
f 3029/3877 3081/3878 3085/3879 3033/3880
f 3030/3881 3157/3882 3161/3883 3056/3884
f 3031/3885 3057/3886 3063/3887 3037/3888
f 3031/3885 3189/3889 3190/3890 3057/3886
f 3032/3891 3058/3892 3060/3893 3034/3894
f 3032/3895 3084/3896 3089/3897 3037/3898
f 3033/3880 3059/3899 3055/3874 3029/3877
f 3033/3880 3085/3879 3101/3900 3049/3901
f 3034/3894 3060/3893 3079/3902 3050/3903
f 3034/3894 3086/3904 3084/3896 3032/3891
f 3035/3905 3087/3906 3113/3907 3061/3908
f 3035/3905 3138/3909 3145/3910 3087/3911
f 3036/3876 3088/3912 3081/3878 3029/3873
f 3036/3876 3160/3913 3165/3914 3088/3912
f 3037/3898 3063/3887 3058/3892 3032/3895
f 3037/3898 3089/3897 3083/3915 3031/3885
f 3038/3916 3064/3917 3075/3918 3051/3919
f 3038/3920 3090/3921 3100/3922 3048/3923
f 3039/3924 3065/3925 3072/3926 3046/3927
f 3039/3928 3091/3929 3103/3930 3051/3931
f 3040/3932 3066/3933 3076/3934 3052/3935
f 3040/3936 3092/3937 3099/3938 3047/3939
f 3041/3940 3067/3941 3074/3942 3048/3943
f 3041/3944 3093/3945 3104/3946 3052/3947
f 3042/3948 3068/3949 3077/3950 3053/3951
f 3042/3952 3094/3953 3098/3954 3046/3955
f 3043/3956 3069/3957 3080/3958 3049/3959
f 3043/3960 3095/3961 3105/3962 3053/3963
f 3044/3964 3070/3965 3073/3966 3047/3967
f 3044/3968 3096/3969 3106/3970 3054/3971
f 3045/3972 3071/3973 3078/3974 3054/3975
f 3045/3976 3097/3977 3102/3978 3050/3979
f 3046/3955 3072/3926 3068/3949 3042/3952
f 3046/3955 3098/3954 3091/3929 3039/3924
f 3047/3967 3073/3966 3066/3933 3040/3936
f 3047/3939 3099/3938 3096/3969 3044/3964
f 3048/3943 3074/3942 3064/3917 3038/3920
f 3048/3923 3100/3922 3093/3945 3041/3940
f 3049/3901 3080/3958 3059/3899 3033/3880
f 3049/3901 3101/3900 3095/3961 3043/3956
f 3050/3903 3079/3902 3071/3973 3045/3976
f 3050/3979 3102/3978 3086/3904 3034/3894
f 3051/3931 3075/3918 3065/3925 3039/3928
f 3051/3931 3103/3930 3090/3921 3038/3916
f 3052/3947 3076/3934 3067/3941 3041/3944
f 3052/3947 3104/3946 3092/3937 3040/3932
f 3053/3951 3077/3950 3069/3957 3043/3960
f 3053/3963 3105/3962 3094/3953 3042/3948
f 3054/3975 3078/3974 3070/3965 3044/3968
f 3054/3971 3106/3970 3097/3977 3045/3972
f 3055/3874 3107/3980 3114/3981 3062/3875
f 3056/3884 3108/3982 3082/3983 3030/3881
f 3056/3884 3161/3883 3172/3984 3108/3985
f 3057/3886 3109/3986 3115/3987 3063/3887
f 3057/3886 3190/3890 3192/3988 3109/3986
f 3058/3892 3110/3989 3112/3990 3060/3893
f 3059/3899 3111/3991 3107/3980 3055/3874
f 3060/3893 3112/3990 3131/3992 3079/3902
f 3061/3908 3144/3993 3138/3909 3035/3905
f 3062/3875 3164/3994 3160/3913 3036/3876
f 3063/3887 3115/3987 3110/3989 3058/3892
f 3064/3917 3116/3995 3127/3996 3075/3918
f 3065/3925 3117/3997 3124/3998 3072/3926
f 3066/3933 3118/3999 3128/4000 3076/3934
f 3067/3941 3119/4001 3126/4002 3074/3942
f 3068/3949 3120/4003 3129/4004 3077/3950
f 3069/3957 3121/4005 3132/4006 3080/3958
f 3070/3965 3122/4007 3125/4008 3073/3966
f 3071/3973 3123/4009 3130/4010 3078/3974
f 3072/3926 3124/3998 3120/4003 3068/3949
f 3073/3966 3125/4008 3118/3999 3066/3933
f 3074/3942 3126/4002 3116/3995 3064/3917
f 3075/3918 3127/3996 3117/3997 3065/3925
f 3076/3934 3128/4000 3119/4001 3067/3941
f 3077/3950 3129/4004 3121/4005 3069/3957
f 3078/3974 3130/4010 3122/4007 3070/3965
f 3079/3902 3131/3992 3123/4009 3071/3973
f 3080/3958 3132/4006 3111/3991 3059/3899
f 3081/4011 3107/3980 3111/3991 3085/4012
f 3082/4013 3168/4014 3157/3882 3030/3881
f 3083/3915 3191/4015 3189/3889 3031/3885
f 3084/4016 3110/3989 3115/3987 3089/4017
f 3085/4012 3111/3991 3132/4006 3101/4018
f 3086/4019 3112/3990 3110/3989 3084/4016
f 3087/4020 3145/4021 3151/4022 3113/4023
f 3088/4024 3114/3981 3107/3980 3081/4011
f 3088/4024 3165/4025 3169/4026 3114/3981
f 3089/4017 3115/3987 3109/3986 3083/4027
f 3090/4028 3116/3995 3126/4002 3100/4029
f 3091/4030 3117/3997 3127/3996 3103/4031
f 3092/4032 3118/3999 3125/4008 3099/4033
f 3093/4034 3119/4001 3128/4000 3104/4035
f 3094/4036 3120/4003 3124/3998 3098/4037
f 3095/4038 3121/4005 3129/4004 3105/4039
f 3096/4040 3122/4007 3130/4010 3106/4041
f 3097/4042 3123/4009 3131/3992 3102/4043
f 3098/4037 3124/3998 3117/3997 3091/4030
f 3099/4033 3125/4008 3122/4007 3096/4040
f 3100/4029 3126/4002 3119/4001 3093/4034
f 3101/4018 3132/4006 3121/4005 3095/4038
f 3102/4043 3131/3992 3112/3990 3086/4019
f 3103/4031 3127/3996 3116/3995 3090/4028
f 3104/4035 3128/4000 3118/3999 3092/4032
f 3105/4039 3129/4004 3120/4003 3094/4036
f 3106/4041 3130/4010 3123/4009 3097/4042
f 3108/3985 3172/3984 3168/4044 3082/4045
f 3109/3986 3192/3988 3191/4046 3083/4027
f 3113/4023 3151/4022 3144/3993 3061/3908
f 3114/3981 3169/4026 3164/3994 3062/3875
f 3133/4047 3189/3889 3191/4015 3150/4048
f 3133/4049 3193/4050 3194/4051 3139/4052
f 3134/4053 3149/4054 3148/4055 3135/4056
f 3134/4053 3176/4057 3181/4058 3149/4054
f 3135/4056 3141/4059 3140/4060 3134/4053
f 3135/4056 3148/4055 3147/4061 3136/4062
f 3136/4062 3142/4063 3141/4059 3135/4056
f 3136/4062 3147/4061 3146/4064 3137/4065
f 3137/4065 3143/4066 3142/4063 3136/4062
f 3137/4065 3146/4064 3145/3910 3138/3909
f 3138/3909 3144/3993 3143/4066 3137/4065
f 3139/4052 3190/3890 3189/3889 3133/4049
f 3139/4052 3194/4051 3196/4067 3156/4068
f 3140/4060 3180/4069 3176/4057 3134/4053
f 3141/4059 3154/4070 3155/4071 3140/4060
f 3142/4063 3153/4072 3154/4070 3141/4059
f 3143/4066 3152/4073 3153/4072 3142/4063
f 3144/3993 3151/4022 3152/4073 3143/4066
f 3146/4074 3152/4073 3151/4022 3145/4021
f 3147/4075 3153/4072 3152/4073 3146/4074
f 3148/4076 3154/4070 3153/4072 3147/4075
f 3149/4077 3155/4071 3154/4070 3148/4076
f 3149/4077 3181/4078 3185/4079 3155/4071
f 3150/4080 3191/4046 3192/3988 3156/4081
f 3150/4048 3195/4082 3193/4050 3133/4047
f 3155/4071 3185/4079 3180/4069 3140/4060
f 3156/4068 3192/3988 3190/3890 3139/4052
f 3156/4081 3196/4067 3195/4083 3150/4080
f 3157/3882 3168/4014 3167/4084 3158/4085
f 3158/4085 3162/4086 3161/3883 3157/3882
f 3158/4085 3167/4084 3166/4087 3159/4088
f 3159/4088 3163/4089 3162/4086 3158/4085
f 3159/4088 3166/4087 3165/3914 3160/3913
f 3160/3913 3164/3994 3163/4089 3159/4088
f 3162/4086 3171/4090 3172/3984 3161/3883
f 3163/4089 3170/4091 3171/4090 3162/4086
f 3164/3994 3169/4026 3170/4091 3163/4089
f 3166/4092 3170/4091 3169/4026 3165/4025
f 3167/4093 3171/4090 3170/4091 3166/4092
f 3168/4044 3172/3984 3171/4090 3167/4093
f 3173/4094 3184/4095 3183/4096 3174/4097
f 3173/4094 3193/4050 3195/4082 3184/4095
f 3174/4097 3178/4098 3177/4099 3173/4094
f 3174/4097 3183/4096 3182/4100 3175/4101
f 3175/4101 3179/4102 3178/4098 3174/4097
f 3175/4101 3182/4100 3181/4058 3176/4057
f 3176/4057 3180/4069 3179/4102 3175/4101
f 3177/4099 3194/4051 3193/4050 3173/4094
f 3178/4098 3187/4103 3188/4104 3177/4099
f 3179/4102 3186/4105 3187/4103 3178/4098
f 3180/4069 3185/4079 3186/4105 3179/4102
f 3182/4106 3186/4105 3185/4079 3181/4078
f 3183/4107 3187/4103 3186/4105 3182/4106
f 3184/4108 3188/4104 3187/4103 3183/4107
f 3184/4108 3195/4083 3196/4067 3188/4104
f 3188/4104 3196/4067 3194/4051 3177/4099